
================================================================================
FILE: 001_out_8903_k_EMsgClientPICSProductInfoRequest.txt
================================================================================
File: 001_out_8903_k_EMsgClientPICSProductInfoRequest.bin
Size: 54 bytes

00000000  C7 22 00 80 20 00 00 00 09 D1 5D B5 07 01 00 10  |.".. .....].....|
00000010  01 10 A0 FB E9 93 F9 FF FF FF FF 01 51 8F 87 09  |............Q...|
00000020  BD 83 69 7F 8D 80 02 01 12 06 08 F2 E8 56 10 00  |..i..........V..|
00000030  18 01 20 00 30 00                                |.. .0.|

================================================================================
FILE: 002_out_818_k_EMsgClientGetUserStats.txt
================================================================================
File: 002_out_818_k_EMsgClientGetUserStats.bin
Size: 71 bytes

00000000  32 03 00 80 20 00 00 00 09 D1 5D B5 07 01 00 10  |2... .....].....|
00000010  01 10 A0 FB E9 93 F9 FF FF FF FF 01 51 BA 9D 5C  |............Q..\|
00000020  29 49 D8 55 C6 80 02 01 09 72 B4 15 00 00 00 00  |)I.U.....r......|
00000030  00 10 00 18 FF FF FF FF FF FF FF FF FF 01 21 D1  |..............!.|
00000040  5D B5 07 01 00 10 01                             |]......|

================================================================================
FILE: 003_out_147_k_EMsgServiceMethodResponse.txt
================================================================================
File: 003_out_147_k_EMsgServiceMethodResponse.bin
Size: 19 bytes

00000000  93 00 00 80 0B 00 00 00 59 24 00 00 00 00 00 00  |........Y$......|
00000010  00 68 01                                         |.h.|

================================================================================
FILE: 004_in_8904_k_EMsgClientPICSProductInfoResponse.txt
================================================================================
File: 004_in_8904_k_EMsgClientPICSProductInfoResponse.bin
Size: 121 bytes

00000000  C8 22 00 80 1D 00 00 00 09 D1 5D B5 07 01 00 10  |."........].....|
00000010  01 10 A0 FB E9 93 F9 FF FF FF FF 01 59 8F 87 09  |............Y...|
00000020  BD 83 69 7F 8D 0A 26 08 F2 E8 56 10 F9 F1 91 12  |..i...&...V.....|
00000030  18 01 22 14 99 FD AB B7 2C 82 7B D9 57 53 84 D2  |..".....,.{.WS..|
00000040  CA 4B B6 9A F5 C6 32 3C 30 01 38 CE 1D 28 01 30  |.K....2<0.8..(.0|
00000050  00 38 80 08 42 23 63 6C 69 65 6E 74 63 6F 6E 66  |.8..B#clientconf|
00000060  69 67 2E 61 6B 61 6D 61 69 2E 73 74 65 61 6D 73  |ig.akamai.steams|
00000070  74 61 74 69 63 2E 63 6F 6D                       |tatic.com|

================================================================================
FILE: 005_out_8905_k_EMsgClientPICSAccessTokenRequest.txt
================================================================================
File: 005_out_8905_k_EMsgClientPICSAccessTokenRequest.bin
Size: 44 bytes

00000000  C9 22 00 80 20 00 00 00 09 D1 5D B5 07 01 00 10  |.".. .....].....|
00000010  01 10 A0 FB E9 93 F9 FF FF FF FF 01 51 8F 87 09  |............Q...|
00000020  BD 83 69 7F 8D 80 02 01 10 F2 E8 56              |..i........V|

================================================================================
FILE: 006_in_819_k_EMsgClientGetUserStatsResponse.txt
================================================================================
File: 006_in_819_k_EMsgClientGetUserStatsResponse.bin
Size: 50 bytes

00000000  33 03 00 80 1D 00 00 00 09 D1 5D B5 07 01 00 10  |3.........].....|
00000010  01 10 A0 FB E9 93 F9 FF FF FF FF 01 59 BA 9D 5C  |............Y..\|
00000020  29 49 D8 55 C6 09 72 B4 15 00 00 00 00 00 10 02  |)I.U..r.........|
00000030  18 00                                            |..|

================================================================================
FILE: 007_in_8906_k_EMsgClientPICSAccessTokenResponse.txt
================================================================================
File: 007_in_8906_k_EMsgClientPICSAccessTokenResponse.bin
Size: 53 bytes

00000000  CA 22 00 80 1D 00 00 00 09 D1 5D B5 07 01 00 10  |."........].....|
00000010  01 10 A0 FB E9 93 F9 FF FF FF FF 01 59 8F 87 09  |............Y...|
00000020  BD 83 69 7F 8D 1A 0E 08 F2 E8 56 10 CA F4 96 8D  |..i.......V.....|
00000030  F0 8F 88 C3 26                                   |....&|

================================================================================
FILE: 008_out_8903_k_EMsgClientPICSProductInfoRequest.txt
================================================================================
File: 008_out_8903_k_EMsgClientPICSProductInfoRequest.bin
Size: 60 bytes

00000000  C7 22 00 80 20 00 00 00 09 D1 5D B5 07 01 00 10  |.".. .....].....|
00000010  01 10 A0 FB E9 93 F9 FF FF FF FF 01 51 8F 87 09  |............Q...|
00000020  BD 83 69 7F 8D 80 02 01 12 0E 08 F2 E8 56 10 CA  |..i..........V..|
00000030  F4 96 8D F0 8F 88 C3 26 18 01 20 00              |.......&.. .|

================================================================================
FILE: 009_in_8904_k_EMsgClientPICSProductInfoResponse.txt
================================================================================
File: 009_in_8904_k_EMsgClientPICSProductInfoResponse.bin
Size: 121 bytes

00000000  C8 22 00 80 1D 00 00 00 09 D1 5D B5 07 01 00 10  |."........].....|
00000010  01 10 A0 FB E9 93 F9 FF FF FF FF 01 59 8F 87 09  |............Y...|
00000020  BD 83 69 7F 8D 0A 26 08 F2 E8 56 10 F9 F1 91 12  |..i...&...V.....|
00000030  18 00 22 14 E0 B1 E4 3F 42 46 F6 10 B5 0B 34 2B  |.."....?BF....4+|
00000040  5C 94 45 41 EA 12 2F CB 30 00 38 97 2B 28 01 30  |\.EA../.0.8.+(.0|
00000050  00 38 80 08 42 23 63 6C 69 65 6E 74 63 6F 6E 66  |.8..B#clientconf|
00000060  69 67 2E 61 6B 61 6D 61 69 2E 73 74 65 61 6D 73  |ig.akamai.steams|
00000070  74 61 74 69 63 2E 63 6F 6D                       |tatic.com|

================================================================================
FILE: 010_out_151_k_EMsgServiceMethodCallFromClient.txt
================================================================================
File: 010_out_151_k_EMsgServiceMethodCallFromClient.bin
Size: 81 bytes

00000000  97 00 00 80 42 00 00 00 09 D1 5D B5 07 01 00 10  |....B.....].....|
00000010  01 10 A0 FB E9 93 F9 FF FF FF FF 01 51 F2 55 A0  |............Q.U.|
00000020  7A C8 0E E4 21 62 1C 43 6C 6F 75 64 2E 47 65 74  |z...!b.Cloud.Get|
00000030  41 70 70 46 69 6C 65 43 68 61 6E 67 65 6C 69 73  |AppFileChangelis|
00000040  74 23 31 80 02 01 98 02 D5 01 08 F2 E8 56 10 A9  |t#1..........V..|
00000050  02                                               |.|

================================================================================
FILE: 011_in_147_k_EMsgServiceMethodResponse.txt
================================================================================
File: 011_in_147_k_EMsgServiceMethodResponse.bin
Size: 502 bytes

00000000  93 00 00 80 40 00 00 00 09 D1 5D B5 07 01 00 10  |....@.....].....|
00000010  01 10 A0 FB E9 93 F9 FF FF FF FF 01 59 F2 55 A0  |............Y.U.|
00000020  7A C8 0E E4 21 62 1C 43 6C 6F 75 64 2E 47 65 74  |z...!b.Cloud.Get|
00000030  41 70 70 46 69 6C 65 43 68 61 6E 67 65 6C 69 73  |AppFileChangelis|
00000040  74 23 31 68 01 C0 01 01 08 A9 02 12 46 0A 16 63  |t#1h........F..c|
00000050  61 63 68 65 64 5F 68 65 72 6F 5F 62 75 69 6C 64  |ached_hero_build|
00000060  73 2E 6B 76 33 12 14 71 9D 32 94 34 48 25 16 D0  |s.kv3..q.2.4H%..|
00000070  DA AF 09 9C 80 FA 60 09 79 91 7C 18 BC FF 8F D4  |......`.y.|.....|
00000080  06 20 EB 82 03 28 00 30 FF FF FF FF 0F 38 00 40  |. ...(.0.....8.@|
00000090  00 48 00 12 47 0A 18 63 69 74 61 64 65 6C 6B 65  |.H..G..citadelke|
000000A0  79 73 5F 70 65 72 73 6F 6E 61 6C 2E 6C 73 74 12  |ys_personal.lst.|
000000B0  14 BC 60 24 8D A0 5F E4 0E 8C FB F4 38 F9 0D 5D  |..`$.._.....8..]|
000000C0  D5 24 AE 52 BF 18 87 EA 81 D4 06 20 D6 2F 28 00  |.$.R....... ./(.|
000000D0  30 FF FF FF FF 0F 38 00 40 00 48 00 12 49 0A 1B  |0.....8.@.H..I..|
000000E0  70 65 6E 64 69 6E 67 5F 72 65 70 6C 61 79 5F 72  |pending_replay_r|
000000F0  65 71 75 65 73 74 73 2E 6C 73 74 12 14 F3 72 9C  |equests.lst...r.|
00000100  42 D2 E8 B8 16 10 24 AC 4E 30 27 6A 23 62 FF 65  |B.....$.N0'j#b.e|
00000110  85 18 86 97 A7 B6 06 20 1C 28 00 30 FF FF FF FF  |....... .(.0....|
00000120  0F 38 00 40 00 48 00 12 3E 0A 11 75 73 65 72 5F  |.8.@.H..>..user_|
00000130  63 6F 6E 76 61 72 73 2E 76 63 66 67 12 14 83 58  |convars.vcfg...X|
00000140  09 91 A7 FD 95 9C 27 10 7D 7C B9 EE D6 B6 C8 D5  |......'.}|......|
00000150  B0 DB 18 89 F8 C6 D1 06 20 CF 0A 28 00 30 FF FF  |........ ..(.0..|
00000160  FF FF 0F 40 00 48 00 12 3A 0A 0E 75 73 65 72 5F  |...@.H..:..user_|
00000170  6B 65 79 73 2E 76 63 66 67 12 14 FD A6 13 AB E8  |keys.vcfg.......|
00000180  05 1B 2E 6D 8C 82 81 16 DE 7F 61 35 7E 40 9F 18  |...m......a5~@..|
00000190  91 FD D2 D1 06 20 45 28 00 30 FF FF FF FF 0F 40  |..... E(.0.....@|
000001A0  00 48 00 12 39 0A 0C 76 6F 69 63 65 5F 62 61 6E  |.H..9..voice_ban|
000001B0  2E 64 74 12 14 5D 06 CA E7 0D 94 0E EB 9E 67 D6  |.dt..]........g.|
000001C0  F9 B9 63 DB B8 AE 91 82 E5 18 91 F2 C7 D1 06 20  |..c............ |
000001D0  AF 0B 28 00 30 FF FF FF FF 0F 40 00 48 00 18 00  |..(.0.....@.H...|
000001E0  22 04 63 66 67 2F 2A 09 3C 75 6E 6B 6E 6F 77 6E  |".cfg/*.<unknown|
000001F0  3E 30 D1 8A E6 0B                                |>0....|

================================================================================
FILE: 012_out_151_k_EMsgServiceMethodCallFromClient.txt
================================================================================
File: 012_out_151_k_EMsgServiceMethodCallFromClient.bin
Size: 95 bytes

00000000  97 00 00 80 43 00 00 00 09 D1 5D B5 07 01 00 10  |....C.....].....|
00000010  01 10 A0 FB E9 93 F9 FF FF FF FF 01 51 F2 55 A0  |............Q.U.|
00000020  7A C8 0E E4 21 62 1D 43 6C 6F 75 64 2E 53 69 67  |z...!b.Cloud.Sig|
00000030  6E 61 6C 41 70 70 4C 61 75 6E 63 68 49 6E 74 65  |nalAppLaunchInte|
00000040  6E 74 23 31 80 02 01 98 02 D5 01 08 F2 E8 56 10  |nt#1..........V.|
00000050  CF B1 B4 B9 87 A7 D4 D0 7F 1A 00 28 14 30 01     |...........(.0.|

================================================================================
FILE: 013_in_147_k_EMsgServiceMethodResponse.txt
================================================================================
File: 013_in_147_k_EMsgServiceMethodResponse.bin
Size: 73 bytes

00000000  93 00 00 80 41 00 00 00 09 D1 5D B5 07 01 00 10  |....A.....].....|
00000010  01 10 A0 FB E9 93 F9 FF FF FF FF 01 59 F2 55 A0  |............Y.U.|
00000020  7A C8 0E E4 21 62 1D 43 6C 6F 75 64 2E 53 69 67  |z...!b.Cloud.Sig|
00000030  6E 61 6C 41 70 70 4C 61 75 6E 63 68 49 6E 74 65  |nalAppLaunchInte|
00000040  6E 74 23 31 68 01 C0 01 01                       |nt#1h....|

================================================================================
FILE: 014_out_151_k_EMsgServiceMethodCallFromClient.txt
================================================================================
File: 014_out_151_k_EMsgServiceMethodCallFromClient.bin
Size: 111 bytes

00000000  97 00 00 80 44 00 00 00 09 D1 5D B5 07 01 00 10  |....D.....].....|
00000010  01 10 A0 FB E9 93 F9 FF FF FF FF 01 62 27 43 6C  |............b'Cl|
00000020  69 65 6E 74 4D 65 74 72 69 63 73 2E 43 6C 69 65  |ientMetrics.Clie|
00000030  6E 74 43 6C 6F 75 64 41 70 70 53 79 6E 63 53 74  |ntCloudAppSyncSt|
00000040  61 74 73 23 31 80 02 01 98 02 D5 01 08 F2 E8 56  |ats#1..........V|
00000050  10 01 18 00 20 01 50 BE A2 21 58 00 60 94 0C 68  |.... .P..!X.`..h|
00000060  1F 70 B2 01 80 01 EE 89 0F A0 01 01 A8 01 06     |.p.............|

================================================================================
FILE: 015_out_151_k_EMsgServiceMethodCallFromClient.txt
================================================================================
File: 015_out_151_k_EMsgServiceMethodCallFromClient.bin
Size: 80 bytes

00000000  97 00 00 80 42 00 00 00 09 D1 5D B5 07 01 00 10  |....B.....].....|
00000010  01 10 A0 FB E9 93 F9 FF FF FF FF 01 51 85 FA AA  |............Q...|
00000020  D4 C4 DA 93 77 62 1C 43 6C 6F 75 64 2E 47 65 74  |....wb.Cloud.Get|
00000030  41 70 70 46 69 6C 65 43 68 61 6E 67 65 6C 69 73  |AppFileChangelis|
00000040  74 23 31 80 02 01 98 02 D5 01 08 CC DB 0E 10 07  |t#1.............|

================================================================================
FILE: 016_in_147_k_EMsgServiceMethodResponse.txt
================================================================================
File: 016_in_147_k_EMsgServiceMethodResponse.bin
Size: 2909 bytes

00000000  93 00 00 80 40 00 00 00 09 D1 5D B5 07 01 00 10  |....@.....].....|
00000010  01 10 A0 FB E9 93 F9 FF FF FF FF 01 59 85 FA AA  |............Y...|
00000020  D4 C4 DA 93 77 62 1C 43 6C 6F 75 64 2E 47 65 74  |....wb.Cloud.Get|
00000030  41 70 70 46 69 6C 65 43 68 61 6E 67 65 6C 69 73  |AppFileChangelis|
00000040  74 23 31 68 01 C0 01 01 08 07 12 4B 0A 1B 63 6F  |t#1h.......K..co|
00000050  6E 74 72 6F 6C 6C 65 72 5F 6D 6F 62 69 6C 65 5F  |ntroller_mobile_|
00000060  74 6F 75 63 68 2E 76 64 66 12 14 F4 65 A8 3F 3F  |touch.vdf...e.??|
00000070  D5 FA 19 A5 D0 C6 C7 73 73 5F 23 59 5D 0E 73 18  |.......ss_#Y].s.|
00000080  99 C5 EB AB 06 20 85 99 02 28 00 30 FF FF FF FF  |..... ...(.0....|
00000090  0F 38 00 40 00 48 00 12 4A 0A 1B 63 6F 6E 74 72  |.8.@.H..J..contr|
000000A0  6F 6C 6C 65 72 5F 6D 6F 62 69 6C 65 5F 74 6F 75  |oller_mobile_tou|
000000B0  63 68 2E 76 64 66 12 14 0B 00 62 31 58 5B CD 0F  |ch.vdf....b1X[..|
000000C0  4A C7 38 17 B3 F9 B8 B3 B4 0E 24 30 18 AD 9F F2  |J.8.......$0....|
000000D0  AE 06 20 DE 42 28 00 30 FF FF FF FF 0F 38 01 40  |.. .B(.0.....8.@|
000000E0  00 48 00 12 4B 0A 1B 63 6F 6E 74 72 6F 6C 6C 65  |.H..K..controlle|
000000F0  72 5F 6D 6F 62 69 6C 65 5F 74 6F 75 63 68 2E 76  |r_mobile_touch.v|
00000100  64 66 12 14 A1 F6 BD B0 31 A9 3F 5A 85 5A CE C5  |df......1.?Z.Z..|
00000110  55 91 B5 9D B9 33 DA B4 18 FB 9E F2 AE 06 20 99  |U....3........ .|
00000120  C0 02 28 00 30 FF FF FF FF 0F 38 02 40 00 48 00  |..(.0.....8.@.H.|
00000130  12 4D 0A 1F 63 6F 6E 66 69 67 73 65 74 5F 32 64  |.M..configset_2d|
00000140  63 38 2D 33 31 30 36 2D 37 62 35 35 64 64 31 2E  |c8-3106-7b55dd1.|
00000150  76 64 66 12 14 7D 83 1E 6A B7 DC 4F 8B ED 49 5C  |vdf..}..j..O..I\|
00000160  92 30 FD 47 37 B8 F8 00 DE 18 A2 FB E9 CA 06 20  |.0.G7.......... |
00000170  18 28 00 30 FF FF FF FF 0F 38 03 40 00 48 00 12  |.(.0.....8.@.H..|
00000180  48 0A 1A 63 6F 6E 66 69 67 73 65 74 5F 34 31 34  |H..configset_414|
00000190  32 62 64 39 34 65 38 61 39 2E 76 64 66 12 14 7D  |2bd94e8a9.vdf..}|
000001A0  83 1E 6A B7 DC 4F 8B ED 49 5C 92 30 FD 47 37 B8  |..j..O..I\.0.G7.|
000001B0  F8 00 DE 18 93 DA AE D3 06 20 18 28 00 30 FF FF  |......... .(.0..|
000001C0  FF FF 0F 38 03 40 00 48 00 12 4B 0A 1D 63 6F 6E  |...8.@.H..K..con|
000001D0  66 69 67 73 65 74 5F 34 35 65 2D 32 38 65 2D 37  |figset_45e-28e-7|
000001E0  62 35 35 64 64 31 2E 76 64 66 12 14 7D 83 1E 6A  |b55dd1.vdf..}..j|
000001F0  B7 DC 4F 8B ED 49 5C 92 30 FD 47 37 B8 F8 00 DE  |..O..I\.0.G7....|
00000200  18 DD EF A5 B4 06 20 18 28 00 30 FF FF FF FF 0F  |...... .(.0.....|
00000210  38 03 40 00 48 00 12 4B 0A 1D 63 6F 6E 66 69 67  |8.@.H..K..config|
00000220  73 65 74 5F 34 35 65 2D 32 65 30 2D 37 62 35 35  |set_45e-2e0-7b55|
00000230  64 64 31 2E 76 64 66 12 14 7D 83 1E 6A B7 DC 4F  |dd1.vdf..}..j..O|
00000240  8B ED 49 5C 92 30 FD 47 37 B8 F8 00 DE 18 A7 97  |..I\.0.G7.......|
00000250  FB A0 06 20 18 28 00 30 FF FF FF FF 0F 38 03 40  |... .(.0.....8.@|
00000260  00 48 00 12 4B 0A 1D 63 6F 6E 66 69 67 73 65 74  |.H..K..configset|
00000270  5F 34 35 65 2D 32 65 61 2D 37 62 35 35 64 64 31  |_45e-2ea-7b55dd1|
00000280  2E 76 64 66 12 14 7D 83 1E 6A B7 DC 4F 8B ED 49  |.vdf..}..j..O..I|
00000290  5C 92 30 FD 47 37 B8 F8 00 DE 18 99 F1 89 BC 06  |\.0.G7..........|
000002A0  20 18 28 00 30 FF FF FF FF 0F 38 03 40 00 48 00  | .(.0.....8.@.H.|
000002B0  12 4B 0A 1D 63 6F 6E 66 69 67 73 65 74 5F 34 35  |.K..configset_45|
000002C0  65 2D 32 66 64 2D 37 62 35 35 64 64 31 2E 76 64  |e-2fd-7b55dd1.vd|
000002D0  66 12 14 7D 83 1E 6A B7 DC 4F 8B ED 49 5C 92 30  |f..}..j..O..I\.0|
000002E0  FD 47 37 B8 F8 00 DE 18 82 8F AB B4 06 20 18 28  |.G7.......... .(|
000002F0  00 30 FF FF FF FF 0F 38 03 40 00 48 00 12 4B 0A  |.0.....8.@.H..K.|
00000300  1D 63 6F 6E 66 69 67 73 65 74 5F 34 35 65 2D 32  |.configset_45e-2|
00000310  66 66 2D 37 62 35 35 64 64 31 2E 76 64 66 12 14  |ff-7b55dd1.vdf..|
00000320  7D 83 1E 6A B7 DC 4F 8B ED 49 5C 92 30 FD 47 37  |}..j..O..I\.0.G7|
00000330  B8 F8 00 DE 18 B5 83 89 AD 06 20 18 28 00 30 FF  |.......... .(.0.|
00000340  FF FF FF 0F 38 03 40 00 48 00 12 4B 0A 1D 63 6F  |....8.@.H..K..co|
00000350  6E 66 69 67 73 65 74 5F 34 35 65 2D 62 32 30 2D  |nfigset_45e-b20-|
00000360  37 62 35 35 64 64 31 2E 76 64 66 12 14 7D 83 1E  |7b55dd1.vdf..}..|
00000370  6A B7 DC 4F 8B ED 49 5C 92 30 FD 47 37 B8 F8 00  |j..O..I\.0.G7...|
00000380  DE 18 A1 94 A6 D2 06 20 18 28 00 30 FF FF FF FF  |....... .(.0....|
00000390  0F 38 03 40 00 48 00 12 4C 0A 1E 63 6F 6E 66 69  |.8.@.H..L..confi|
000003A0  67 73 65 74 5F 34 36 64 2D 63 32 31 66 2D 37 62  |gset_46d-c21f-7b|
000003B0  35 35 64 64 31 2E 76 64 66 12 14 7D 83 1E 6A B7  |55dd1.vdf..}..j.|
000003C0  DC 4F 8B ED 49 5C 92 30 FD 47 37 B8 F8 00 DE 18  |.O..I\.0.G7.....|
000003D0  E3 F3 AE D3 06 20 18 28 00 30 FF FF FF FF 0F 38  |..... .(.0.....8|
000003E0  03 40 00 48 00 12 4C 0A 1E 63 6F 6E 66 69 67 73  |.@.H..L..configs|
000003F0  65 74 5F 39 35 35 2D 62 34 30 30 2D 37 62 35 35  |et_955-b400-7b55|
00000400  64 64 31 2E 76 64 66 12 14 7D 83 1E 6A B7 DC 4F  |dd1.vdf..}..j..O|
00000410  8B ED 49 5C 92 30 FD 47 37 B8 F8 00 DE 18 EF 97  |..I\.0.G7.......|
00000420  88 AC 06 20 18 28 00 30 FF FF FF FF 0F 38 03 40  |... .(.0.....8.@|
00000430  00 48 00 12 54 0A 25 63 6F 6E 66 69 67 73 65 74  |.H..T.%configset|
00000440  5F 63 6F 6E 74 72 6F 6C 6C 65 72 5F 6D 6F 62 69  |_controller_mobi|
00000450  6C 65 5F 74 6F 75 63 68 2E 76 64 66 12 14 C4 85  |le_touch.vdf....|
00000460  91 8A E2 4C AE FC 5D 11 A4 EC D5 B5 31 DF C8 3E  |...L..].....1..>|
00000470  C3 9E 18 99 C5 EB AB 06 20 FD 03 28 00 30 FF FF  |........ ..(.0..|
00000480  FF FF 0F 38 03 40 00 48 00 12 4A 0A 1C 63 6F 6E  |...8.@.H..J..con|
00000490  66 69 67 73 65 74 5F 63 6F 6E 74 72 6F 6C 6C 65  |figset_controlle|
000004A0  72 5F 70 73 34 2E 76 64 66 12 14 7D 83 1E 6A B7  |r_ps4.vdf..}..j.|
000004B0  DC 4F 8B ED 49 5C 92 30 FD 47 37 B8 F8 00 DE 18  |.O..I\.0.G7.....|
000004C0  93 DA AE D3 06 20 18 28 00 30 FF FF FF FF 0F 38  |..... .(.0.....8|
000004D0  03 40 00 48 00 12 4E 0A 20 63 6F 6E 66 69 67 73  |.@.H..N. configs|
000004E0  65 74 5F 63 6F 6E 74 72 6F 6C 6C 65 72 5F 78 62  |et_controller_xb|
000004F0  6F 78 33 36 30 2E 76 64 66 12 14 7D 83 1E 6A B7  |ox360.vdf..}..j.|
00000500  DC 4F 8B ED 49 5C 92 30 FD 47 37 B8 F8 00 DE 18  |.O..I\.0.G7.....|
00000510  EF 97 88 AC 06 20 18 28 00 30 FF FF FF FF 0F 38  |..... .(.0.....8|
00000520  03 40 00 48 00 12 4E 0A 20 63 6F 6E 66 69 67 73  |.@.H..N. configs|
00000530  65 74 5F 63 6F 6E 74 72 6F 6C 6C 65 72 5F 78 62  |et_controller_xb|
00000540  6F 78 6F 6E 65 2E 76 64 66 12 14 7D 83 1E 6A B7  |oxone.vdf..}..j.|
00000550  DC 4F 8B ED 49 5C 92 30 FD 47 37 B8 F8 00 DE 18  |.O..I\.0.G7.....|
00000560  B5 83 89 AD 06 20 18 28 00 30 FF FF FF FF 0F 38  |..... .(.0.....8|
00000570  03 40 00 48 00 12 4F 0A 21 63 6F 6E 66 69 67 73  |.@.H..O.!configs|
00000580  65 74 5F 4D 54 2D 31 30 38 64 32 64 38 63 30 63  |et_MT-108d2d8c0c|
00000590  31 66 66 62 34 37 2E 76 64 66 12 14 7D 83 1E 6A  |1ffb47.vdf..}..j|
000005A0  B7 DC 4F 8B ED 49 5C 92 30 FD 47 37 B8 F8 00 DE  |..O..I\.0.G7....|
000005B0  18 F8 F9 F1 98 06 20 18 28 00 30 FF FF FF FF 0F  |...... .(.0.....|
000005C0  38 03 40 00 48 00 12 50 0A 21 70 72 65 66 65 72  |8.@.H..P.!prefer|
000005D0  65 6E 63 65 73 5F 32 64 63 38 2D 33 31 30 36 2D  |ences_2dc8-3106-|
000005E0  37 62 35 35 64 64 31 2E 76 64 66 12 14 99 09 E0  |7b55dd1.vdf.....|
000005F0  D4 13 16 08 D2 1F D3 50 9E 15 53 93 17 FB EC 9B  |.......P..S.....|
00000600  65 18 A2 FB E9 CA 06 20 80 07 28 00 30 FF FF FF  |e...... ..(.0...|
00000610  FF 0F 38 03 40 00 48 00 12 4B 0A 1C 70 72 65 66  |..8.@.H..K..pref|
00000620  65 72 65 6E 63 65 73 5F 34 31 34 32 62 64 39 34  |erences_4142bd94|
00000630  65 38 61 39 2E 76 64 66 12 14 FA 0C 8E D8 0A 2E  |e8a9.vdf........|
00000640  DE 98 AD D8 BF FF D6 03 0F 34 54 D1 0A 8A 18 93  |.........4T.....|
00000650  DA AE D3 06 20 D1 07 28 00 30 FF FF FF FF 0F 38  |.... ..(.0.....8|
00000660  03 40 00 48 00 12 4E 0A 1F 70 72 65 66 65 72 65  |.@.H..N..prefere|
00000670  6E 63 65 73 5F 34 35 65 2D 32 38 65 2D 37 62 35  |nces_45e-28e-7b5|
00000680  35 64 64 31 2E 76 64 66 12 14 45 CD 24 93 C1 C1  |5dd1.vdf..E.$...|
00000690  2C 18 01 75 AD A5 78 3A 84 09 D5 AA DE 10 18 E2  |,..u..x:........|
000006A0  EF A5 B4 06 20 CD 06 28 00 30 FF FF FF FF 0F 38  |.... ..(.0.....8|
000006B0  03 40 00 48 00 12 4E 0A 1F 70 72 65 66 65 72 65  |.@.H..N..prefere|
000006C0  6E 63 65 73 5F 34 35 65 2D 32 65 30 2D 37 62 35  |nces_45e-2e0-7b5|
000006D0  35 64 64 31 2E 76 64 66 12 14 B5 D7 F7 89 35 6D  |5dd1.vdf......5m|
000006E0  50 77 9E 60 E0 87 05 BF B9 CF 3E 37 0E 31 18 C7  |Pw.`......>7.1..|
000006F0  E7 C4 A8 06 20 B5 05 28 00 30 FF FF FF FF 0F 38  |.... ..(.0.....8|
00000700  03 40 00 48 00 12 4E 0A 1F 70 72 65 66 65 72 65  |.@.H..N..prefere|
00000710  6E 63 65 73 5F 34 35 65 2D 32 65 61 2D 37 62 35  |nces_45e-2ea-7b5|
00000720  35 64 64 31 2E 76 64 66 12 14 44 CD 51 E0 A5 5F  |5dd1.vdf..D.Q.._|
00000730  5C CE 71 13 56 EC A6 BE 07 5F 0E 5F 57 86 18 99  |\.q.V...._._W...|
00000740  F1 89 BC 06 20 BF 06 28 00 30 FF FF FF FF 0F 38  |.... ..(.0.....8|
00000750  03 40 00 48 00 12 4E 0A 1F 70 72 65 66 65 72 65  |.@.H..N..prefere|
00000760  6E 63 65 73 5F 34 35 65 2D 32 66 64 2D 37 62 35  |nces_45e-2fd-7b5|
00000770  35 64 64 31 2E 76 64 66 12 14 45 CD 24 93 C1 C1  |5dd1.vdf..E.$...|
00000780  2C 18 01 75 AD A5 78 3A 84 09 D5 AA DE 10 18 83  |,..u..x:........|
00000790  8F AB B4 06 20 CD 06 28 00 30 FF FF FF FF 0F 38  |.... ..(.0.....8|
000007A0  03 40 00 48 00 12 4E 0A 1F 70 72 65 66 65 72 65  |.@.H..N..prefere|
000007B0  6E 63 65 73 5F 34 35 65 2D 32 66 66 2D 37 62 35  |nces_45e-2ff-7b5|
000007C0  35 64 64 31 2E 76 64 66 12 14 04 A8 3C 12 CA FA  |5dd1.vdf....<...|
000007D0  23 58 40 91 42 B9 24 AB 77 3D EE A9 B3 E8 18 C3  |#X@.B.$.w=......|
000007E0  98 B3 AB 06 20 B1 05 28 00 30 FF FF FF FF 0F 38  |.... ..(.0.....8|
000007F0  03 40 00 48 00 12 4E 0A 1F 70 72 65 66 65 72 65  |.@.H..N..prefere|
00000800  6E 63 65 73 5F 34 35 65 2D 62 32 30 2D 37 62 35  |nces_45e-b20-7b5|
00000810  35 64 64 31 2E 76 64 66 12 14 5F 4D 5C F9 96 C6  |5dd1.vdf.._M\...|
00000820  81 AC B3 58 F5 AD A3 8A CC FC 45 40 AC F6 18 A1  |...X......E@....|
00000830  94 A6 D2 06 20 81 07 28 00 30 FF FF FF FF 0F 38  |.... ..(.0.....8|
00000840  03 40 00 48 00 12 4F 0A 20 70 72 65 66 65 72 65  |.@.H..O. prefere|
00000850  6E 63 65 73 5F 34 36 64 2D 63 32 31 66 2D 37 62  |nces_46d-c21f-7b|
00000860  35 35 64 64 31 2E 76 64 66 12 14 99 09 E0 D4 13  |55dd1.vdf.......|
00000870  16 08 D2 1F D3 50 9E 15 53 93 17 FB EC 9B 65 18  |.....P..S.....e.|
00000880  E3 F3 AE D3 06 20 80 07 28 00 30 FF FF FF FF 0F  |..... ..(.0.....|
00000890  38 03 40 00 48 00 12 4F 0A 20 70 72 65 66 65 72  |8.@.H..O. prefer|
000008A0  65 6E 63 65 73 5F 39 35 35 2D 62 34 30 30 2D 37  |ences_955-b400-7|
000008B0  62 35 35 64 64 31 2E 76 64 66 12 14 4D 31 6C 75  |b55dd1.vdf..M1lu|
000008C0  4F 8F 39 C3 B9 99 CB 07 74 5E 41 09 11 06 DD 64  |O.9.....t^A....d|
000008D0  18 B1 DF 86 AC 06 20 B1 05 28 00 30 FF FF FF FF  |...... ..(.0....|
000008E0  0F 38 03 40 00 48 00 12 52 0A 23 70 72 65 66 65  |.8.@.H..R.#prefe|
000008F0  72 65 6E 63 65 73 5F 4D 54 2D 31 30 38 64 32 64  |rences_MT-108d2d|
00000900  38 63 30 63 31 66 66 62 34 37 2E 76 64 66 12 14  |8c0c1ffb47.vdf..|
00000910  E6 EA 2C 70 D5 B8 D2 E3 A3 82 4E 12 3E 4B 1B EC  |..,p......N.>K..|
00000920  4E 14 EE 92 18 C1 DA AC 98 06 20 98 05 28 00 30  |N......... ..(.0|
00000930  FF FF FF FF 0F 38 03 40 00 48 00 12 4D 0A 20 32  |.....8.@.H..M. 2|
00000940  32 32 33 30 32 32 34 33 35 5F 63 6F 6E 74 72 6F  |223022435_contro|
00000950  6C 6C 65 72 5F 63 6F 6E 66 69 67 2E 76 64 66 12  |ller_config.vdf.|
00000960  14 A9 DA 14 BC 93 9E 0E 9A FF A3 5B F2 22 91 2F  |...........[."./|
00000970  28 82 D0 9C 7D 18 E0 D7 DC FA 05 20 EA 5F 28 00  |(...}...... ._(.|
00000980  30 FF FF FF FF 0F 40 00 48 00 12 4E 0A 20 32 32  |0.....@.H..N. 22|
00000990  34 34 35 36 32 32 33 31 5F 63 6F 6E 74 72 6F 6C  |44562231_control|
000009A0  6C 65 72 5F 63 6F 6E 66 69 67 2E 76 64 66 12 14  |ler_config.vdf..|
000009B0  40 D2 53 4C 3F D5 6D 1D 76 BA EE CC 93 51 40 FC  |@.SL?.m.v....Q@.|
000009C0  54 F0 19 AB 18 96 FA D5 FB 05 20 D0 8E 01 28 00  |T......... ...(.|
000009D0  30 FF FF FF FF 0F 40 00 48 00 12 4E 0A 20 32 32  |0.....@.H..N. 22|
000009E0  36 39 31 36 32 38 31 35 5F 63 6F 6E 74 72 6F 6C  |69162815_control|
000009F0  6C 65 72 5F 63 6F 6E 66 69 67 2E 76 64 66 12 14  |ler_config.vdf..|
00000A00  CA 84 E9 D7 41 B5 2E 1B F7 2A BF 63 B1 9F CF FC  |....A....*.c....|
00000A10  0E 1F EE 7A 18 84 9B DF FC 05 20 FF A5 06 28 00  |...z...... ...(.|
00000A20  30 FF FF FF FF 0F 40 00 48 00 12 4D 0A 20 32 33  |0.....@.H..M. 23|
00000A30  35 39 31 38 34 35 38 30 5F 63 6F 6E 74 72 6F 6C  |59184580_control|
00000A40  6C 65 72 5F 63 6F 6E 66 69 67 2E 76 64 66 12 14  |ler_config.vdf..|
00000A50  3A 37 6B 4D 42 0D BA 0D 7C B9 AC 00 2C 1D 56 78  |:7kMB...|...,.Vx|
00000A60  69 CC 1D 08 18 86 D0 F5 FF 05 20 8C 36 28 00 30  |i......... .6(.0|
00000A70  FF FF FF FF 0F 40 00 48 00 12 40 0A 13 70 65 72  |.....@.H..@..per|
00000A80  73 6F 6E 61 6C 69 7A 61 74 69 6F 6E 2E 76 64 66  |sonalization.vdf|
00000A90  12 14 0A 91 99 CC 49 C2 F0 C2 B1 49 13 D5 82 59  |......I....I...Y|
00000AA0  82 F9 C4 AC CF C0 18 8D D2 FD F7 05 20 94 04 28  |............ ..(|
00000AB0  00 30 FF FF FF FF 0F 40 00 48 00 18 00 22 26 25  |.0.....@.H..."&%|
00000AC0  47 61 6D 65 49 6E 73 74 61 6C 6C 25 31 32 39 33  |GameInstall%1293|
00000AD0  32 36 35 34 35 2F 63 6F 6E 66 69 67 2F 31 30 39  |26545/config/109|
00000AE0  31 35 30 30 2F 22 25 25 47 61 6D 65 49 6E 73 74  |1500/"%%GameInst|
00000AF0  61 6C 6C 25 31 32 39 33 32 36 35 34 35 2F 63 6F  |all%129326545/co|
00000B00  6E 66 69 67 2F 34 31 33 30 38 30 2F 22 22 25 47  |nfig/413080/""%G|
00000B10  61 6D 65 49 6E 73 74 61 6C 6C 25 31 32 39 33 32  |ameInstall%12932|
00000B20  36 35 34 35 2F 63 6F 6E 66 69 67 2F 37 36 39 2F  |6545/config/769/|
00000B30  22 1E 25 47 61 6D 65 49 6E 73 74 61 6C 6C 25 31  |".%GameInstall%1|
00000B40  32 39 33 32 36 35 34 35 2F 63 6F 6E 66 69 67 2F  |29326545/config/|
00000B50  2A 09 3C 75 6E 6B 6E 6F 77 6E 3E 30 00           |*.<unknown>0.|

================================================================================
FILE: 017_out_151_k_EMsgServiceMethodCallFromClient.txt
================================================================================
File: 017_out_151_k_EMsgServiceMethodCallFromClient.bin
Size: 112 bytes

00000000  97 00 00 80 44 00 00 00 09 D1 5D B5 07 01 00 10  |....D.....].....|
00000010  01 10 A0 FB E9 93 F9 FF FF FF FF 01 62 27 43 6C  |............b'Cl|
00000020  69 65 6E 74 4D 65 74 72 69 63 73 2E 43 6C 69 65  |ientMetrics.Clie|
00000030  6E 74 43 6C 6F 75 64 41 70 70 53 79 6E 63 53 74  |ntCloudAppSyncSt|
00000040  61 74 73 23 31 80 02 01 98 02 D5 01 08 CC DB 0E  |ats#1...........|
00000050  10 01 18 00 20 01 50 9E E4 11 58 00 60 89 40 68  |.... .P...X.`.@h|
00000060  F3 08 70 82 01 80 01 CA 96 11 A0 01 01 A8 01 22  |..p............"|

================================================================================
FILE: 018_out_151_k_EMsgServiceMethodCallFromClient.txt
================================================================================
File: 018_out_151_k_EMsgServiceMethodCallFromClient.bin
Size: 77 bytes

00000000  97 00 00 80 41 00 00 00 09 D1 5D B5 07 01 00 10  |....A.....].....|
00000010  01 10 A0 FB E9 93 F9 FF FF FF FF 01 51 2C 6D 1B  |............Q,m.|
00000020  07 5C B7 F6 EA 62 1B 50 6C 61 79 65 72 2E 47 65  |.\...b.Player.Ge|
00000030  74 47 61 6D 65 42 61 64 67 65 4C 65 76 65 6C 73  |tGameBadgeLevels|
00000040  23 31 80 02 01 98 02 EA 01 08 F2 E8 56           |#1..........V|

================================================================================
FILE: 019_out_747_k_EMsgClientAppUsageEvent.txt
================================================================================
File: 019_out_747_k_EMsgClientAppUsageEvent.bin
Size: 50 bytes

00000000  EB 02 00 00 24 02 00 FF FF FF FF FF FF FF FF FF  |....$...........|
00000010  FF FF FF FF FF FF FF EF D1 5D B5 07 01 00 10 01  |.........]......|
00000020  A0 7D 7A 92 01 00 00 00 72 B4 15 00 00 00 00 00  |.}z.....r.......|
00000030  00 00                                            |..|

================================================================================
FILE: 020_out_151_k_EMsgServiceMethodCallFromClient.txt
================================================================================
File: 020_out_151_k_EMsgServiceMethodCallFromClient.bin
Size: 146 bytes

00000000  97 00 00 80 42 00 00 00 09 D1 5D B5 07 01 00 10  |....B.....].....|
00000010  01 10 A0 FB E9 93 F9 FF FF FF FF 01 51 82 88 25  |............Q..%|
00000020  F7 FC 49 73 8B 62 1C 50 75 62 6C 69 73 68 65 64  |..Is.b.Published|
00000030  46 69 6C 65 2E 47 65 74 55 73 65 72 46 69 6C 65  |File.GetUserFile|
00000040  73 23 31 80 02 01 98 02 D7 01 09 D1 5D B5 07 01  |s#1.........]...|
00000050  00 10 01 10 F2 E8 56 28 E8 07 32 0F 6D 79 73 75  |......V(..2.mysu|
00000060  62 73 63 72 69 70 74 69 6F 6E 73 3A 10 73 75 62  |bscriptions:.sub|
00000070  73 63 72 69 70 74 69 6F 6E 64 61 74 65 70 FF FF  |scriptiondatep..|
00000080  FF FF 0F 90 01 01 98 01 00 A8 01 00 C0 01 00 C8  |................|
00000090  01 00                                            |..|

================================================================================
FILE: 021_out_5410_k_EMsgClientGamesPlayedWithDataBlob.txt
================================================================================
File: 021_out_5410_k_EMsgClientGamesPlayedWithDataBlob.bin
Size: 115 bytes

00000000  22 15 00 80 17 00 00 00 09 D1 5D B5 07 01 00 10  |".........].....|
00000010  01 10 A0 FB E9 93 F9 FF FF FF FF 01 80 02 01 0A  |................|
00000020  4C 08 00 11 72 B4 15 00 00 00 00 00 20 00 28 00  |L...r....... .(.|
00000030  32 00 3A 00 48 E8 77 50 00 58 00 60 D1 BB D5 3D  |2.:.H.wP.X.`...=|
00000040  78 01 A8 01 94 03 BA 01 00 C8 01 FF FF FF FF FF  |x...............|
00000050  FF FF FF FF 01 D0 01 D1 8A E6 0B F2 01 00 F8 01  |................|
00000060  00 82 02 09 08 E8 77 10 E0 D9 01 18 01 10 14 18  |......w.........|
00000070  00 20 00                                         |. .|

================================================================================
FILE: 022_in_147_k_EMsgServiceMethodResponse.txt
================================================================================
File: 022_in_147_k_EMsgServiceMethodResponse.bin
Size: 73 bytes

00000000  93 00 00 80 3D 00 00 00 09 D1 5D B5 07 01 00 10  |....=.....].....|
00000010  01 10 A0 FB E9 93 F9 FF FF FF FF 01 59 82 88 25  |............Y..%|
00000020  F7 FC 49 73 8B 62 1C 50 75 62 6C 69 73 68 65 64  |..Is.b.Published|
00000030  46 69 6C 65 2E 47 65 74 55 73 65 72 46 69 6C 65  |File.GetUserFile|
00000040  73 23 31 68 01 08 00 10 01                       |s#1h.....|

================================================================================
FILE: 023_in_147_k_EMsgServiceMethodResponse.txt
================================================================================
File: 023_in_147_k_EMsgServiceMethodResponse.bin
Size: 73 bytes

00000000  93 00 00 80 3F 00 00 00 09 D1 5D B5 07 01 00 10  |....?.....].....|
00000010  01 10 A0 FB E9 93 F9 FF FF FF FF 01 59 2C 6D 1B  |............Y,m.|
00000020  07 5C B7 F6 EA 62 1B 50 6C 61 79 65 72 2E 47 65  |.\...b.Player.Ge|
00000030  74 47 61 6D 65 42 61 64 67 65 4C 65 76 65 6C 73  |tGameBadgeLevels|
00000040  23 31 68 01 C0 01 01 08 1F                       |#1h......|

================================================================================
FILE: 024_in_146_k_EMsgServiceMethod.txt
================================================================================
File: 024_in_146_k_EMsgServiceMethod.bin
Size: 127 bytes

00000000  92 00 00 80 3A 00 00 00 09 D1 5D B5 07 01 00 10  |....:.....].....|
00000010  01 10 A0 FB E9 93 F9 FF FF FF FF 01 62 24 50 6C  |............b$Pl|
00000020  61 79 65 72 43 6C 69 65 6E 74 2E 4E 6F 74 69 66  |ayerClient.Notif|
00000030  79 4C 61 73 74 50 6C 61 79 65 64 54 69 6D 65 73  |yLastPlayedTimes|
00000040  23 31 0A 3B 08 F2 E8 56 10 A0 93 97 D4 06 18 5D  |#1.;...V.......]|
00000050  20 82 8E 02 28 86 A5 A7 B6 06 30 82 8E 02 38 00  | ...(.....0...8.|
00000060  40 00 48 86 A5 A7 B6 06 50 00 58 00 60 A0 93 97  |@.H.....P.X.`...|
00000070  D4 06 68 00 70 00 80 01 00 88 01 00 90 01 00     |..h.p..........|

================================================================================
FILE: 025_in_9600_k_EMsgClientPlayingSessionState.txt
================================================================================
File: 025_in_9600_k_EMsgClientPlayingSessionState.bin
Size: 34 bytes

00000000  80 25 00 80 14 00 00 00 09 D1 5D B5 07 01 00 10  |.%........].....|
00000010  01 10 A0 FB E9 93 F9 FF FF FF FF 01 10 00 18 F2  |................|
00000020  E8 56                                            |.V|

================================================================================
FILE: 026_in_779_k_EMsgClientGameConnectTokens.txt
================================================================================
File: 026_in_779_k_EMsgClientGameConnectTokens.bin
Size: 52 bytes

00000000  0B 03 00 80 14 00 00 00 09 D1 5D B5 07 01 00 10  |..........].....|
00000010  01 10 A0 FB E9 93 F9 FF FF FF FF 01 08 0A 12 14  |................|
00000020  D2 40 69 72 3E 82 DA 4E D1 5D B5 07 01 00 10 01  |.@ir>..N.]......|
00000030  A0 C9 85 6A                                      |...j|

================================================================================
FILE: 027_in_766_k_EMsgClientPersonaState.txt
================================================================================
File: 027_in_766_k_EMsgClientPersonaState.bin
Size: 167 bytes

00000000  FE 02 00 80 14 00 00 00 09 D1 5D B5 07 01 00 10  |..........].....|
00000010  01 10 A0 FB E9 93 F9 FF FF FF FF 01 08 DF E6 01  |................|
00000020  12 84 01 09 D1 5D B5 07 01 00 10 01 10 07 18 F2  |.....]..........|
00000030  E8 56 30 00 38 01 50 01 7A 07 69 67 73 76 65 66  |.V0.8.P.z.igsvef|
00000040  66 C9 01 00 00 00 00 00 00 00 00 FA 01 14 84 02  |f...............|
00000050  52 4F 63 40 0A 76 79 08 82 21 B6 E3 B9 9C D6 F4  |ROc@.vy..!......|
00000060  37 35 E8 02 8A F7 95 D4 06 F0 02 CA 92 97 D4 06  |75..............|
00000070  F8 02 84 A4 F8 D3 06 BA 03 00 C1 03 72 B4 15 00  |............r...|
00000080  00 00 00 00 E2 03 00 C1 04 00 00 00 00 00 00 00  |................|
00000090  00 C9 04 00 00 00 00 00 00 00 00 F8 04 00 80 05  |................|
000000A0  00 88 05 00 98 05 01                             |.......|

================================================================================
FILE: 028_out_5410_k_EMsgClientGamesPlayedWithDataBlob.txt
================================================================================
File: 028_out_5410_k_EMsgClientGamesPlayedWithDataBlob.bin
Size: 115 bytes

00000000  22 15 00 80 17 00 00 00 09 D1 5D B5 07 01 00 10  |".........].....|
00000010  01 10 A0 FB E9 93 F9 FF FF FF FF 01 80 02 01 0A  |................|
00000020  4C 08 00 11 72 B4 15 00 00 00 00 00 20 00 28 00  |L...r....... .(.|
00000030  32 00 3A 00 48 E8 77 50 00 58 00 60 D1 BB D5 3D  |2.:.H.wP.X.`...=|
00000040  78 01 A8 01 94 03 BA 01 00 C8 01 FF FF FF FF FF  |x...............|
00000050  FF FF FF FF 01 D0 01 D1 8A E6 0B F2 01 00 F8 01  |................|
00000060  00 82 02 09 08 E8 77 10 E0 D9 01 18 01 10 14 18  |......w.........|
00000070  00 20 00                                         |. .|

================================================================================
FILE: 029_out_5410_k_EMsgClientGamesPlayedWithDataBlob.txt
================================================================================
File: 029_out_5410_k_EMsgClientGamesPlayedWithDataBlob.bin
Size: 115 bytes

00000000  22 15 00 80 17 00 00 00 09 D1 5D B5 07 01 00 10  |".........].....|
00000010  01 10 A0 FB E9 93 F9 FF FF FF FF 01 80 02 01 0A  |................|
00000020  4C 08 00 11 72 B4 15 00 00 00 00 00 20 00 28 00  |L...r....... .(.|
00000030  32 00 3A 00 48 E8 77 50 00 58 00 60 D1 BB D5 3D  |2.:.H.wP.X.`...=|
00000040  78 01 A8 01 94 03 BA 01 00 C8 01 FF FF FF FF FF  |x...............|
00000050  FF FF FF FF 01 D0 01 D1 8A E6 0B F2 01 00 F8 01  |................|
00000060  00 82 02 09 08 E8 77 10 E0 D9 01 18 01 10 14 18  |......w.........|
00000070  00 20 00                                         |. .|

================================================================================
FILE: 030_out_703_k_EMsgClientHeartBeat.txt
================================================================================
File: 030_out_703_k_EMsgClientHeartBeat.bin
Size: 31 bytes

00000000  BF 02 00 80 17 00 00 00 09 D1 5D B5 07 01 00 10  |..........].....|
00000010  01 10 A0 FB E9 93 F9 FF FF FF FF 01 80 02 01     |...............|

================================================================================
FILE: 031_out_151_k_EMsgServiceMethodCallFromClient.txt
================================================================================
File: 031_out_151_k_EMsgServiceMethodCallFromClient.bin
Size: 83 bytes

00000000  97 00 00 80 3A 00 00 00 09 D1 5D B5 07 01 00 10  |....:.....].....|
00000010  01 10 A0 FB E9 93 F9 FF FF FF FF 01 51 F2 7C 19  |............Q.|.|
00000020  13 51 0E 9C 6B 62 15 50 6C 61 79 65 72 2E 47 65  |.Q..kb.Player.Ge|
00000030  74 55 73 65 72 53 74 61 74 73 23 31 80 02 01 98  |tUserStats#1....|
00000040  02 20 08 D1 BB D5 BD 90 80 80 88 01 10 92 DC 90  |. ..............|
00000050  01 20 00                                         |. .|

================================================================================
FILE: 032_in_147_k_EMsgServiceMethodResponse.txt
================================================================================
File: 032_in_147_k_EMsgServiceMethodResponse.bin
Size: 68 bytes

00000000  93 00 00 80 3C 00 00 00 09 D1 5D B5 07 01 00 10  |....<.....].....|
00000010  01 10 A0 FB E9 93 F9 FF FF FF FF 01 59 F2 7C 19  |............Y.|.|
00000020  13 51 0E 9C 6B 62 15 50 6C 61 79 65 72 2E 47 65  |.Q..kb.Player.Ge|
00000030  74 55 73 65 72 53 74 61 74 73 23 31 68 02 88 01  |tUserStats#1h...|
00000040  01 C0 01 01                                      |....|

================================================================================
FILE: 033_out_151_k_EMsgServiceMethodCallFromClient.txt
================================================================================
File: 033_out_151_k_EMsgServiceMethodCallFromClient.bin
Size: 77 bytes

00000000  97 00 00 80 41 00 00 00 09 D1 5D B5 07 01 00 10  |....A.....].....|
00000010  01 10 A0 FB E9 93 F9 FF FF FF FF 01 51 29 8C A8  |............Q)..|
00000020  17 41 F9 24 95 62 1F 50 6C 61 79 65 72 2E 47 65  |.A.$.b.Player.Ge|
00000030  74 46 72 69 65 6E 64 73 47 61 6D 65 70 6C 61 79  |tFriendsGameplay|
00000040  49 6E 66 6F 23 31 80 02 01 08 F2 E8 56           |Info#1......V|

================================================================================
FILE: 034_out_151_k_EMsgServiceMethodCallFromClient.txt
================================================================================
File: 034_out_151_k_EMsgServiceMethodCallFromClient.bin
Size: 110 bytes

00000000  97 00 00 80 3E 00 00 00 09 D1 5D B5 07 01 00 10  |....>.....].....|
00000010  01 10 A0 FB E9 93 F9 FF FF FF FF 01 51 98 23 F1  |............Q.#.|
00000020  0C 7D 9F 07 40 62 1C 50 75 62 6C 69 73 68 65 64  |.}..@b.Published|
00000030  46 69 6C 65 2E 47 65 74 55 73 65 72 46 69 6C 65  |File.GetUserFile|
00000040  73 23 31 80 02 01 09 D1 5D B5 07 01 00 10 01 10  |s#1.....].......|
00000050  F2 E8 56 20 01 28 02 3A 0B 6E 65 77 65 73 74 66  |..V .(.:.newestf|
00000060  69 72 73 74 48 1E 70 04 98 02 01 A0 02 01        |irstH.p.......|

================================================================================
FILE: 035_out_151_k_EMsgServiceMethodCallFromClient.txt
================================================================================
File: 035_out_151_k_EMsgServiceMethodCallFromClient.bin
Size: 128 bytes

00000000  97 00 00 80 3E 00 00 00 09 D1 5D B5 07 01 00 10  |....>.....].....|
00000010  01 10 A0 FB E9 93 F9 FF FF FF FF 01 51 3B E1 2A  |............Q;.*|
00000020  5E B1 3C 5F 30 62 1C 50 75 62 6C 69 73 68 65 64  |^.<_0b.Published|
00000030  46 69 6C 65 2E 47 65 74 55 73 65 72 46 69 6C 65  |File.GetUserFile|
00000040  73 23 31 80 02 01 09 D1 5D B5 07 01 00 10 01 10  |s#1.....].......|
00000050  F2 E8 56 20 01 28 03 32 0B 6D 79 66 61 76 6F 72  |..V .(.2.myfavor|
00000060  69 74 65 73 3A 10 73 75 62 73 63 72 69 70 74 69  |ites:.subscripti|
00000070  6F 6E 64 61 74 65 48 1E 70 0B 98 01 01 80 02 01  |ondateH.p.......|

================================================================================
FILE: 036_out_151_k_EMsgServiceMethodCallFromClient.txt
================================================================================
File: 036_out_151_k_EMsgServiceMethodCallFromClient.bin
Size: 108 bytes

00000000  97 00 00 80 3C 00 00 00 09 D1 5D B5 07 01 00 10  |....<.....].....|
00000010  01 10 A0 FB E9 93 F9 FF FF FF FF 01 51 27 A6 89  |............Q'..|
00000020  4F 3B 65 03 25 62 1A 50 75 62 6C 69 73 68 65 64  |O;e.%b.Published|
00000030  46 69 6C 65 2E 51 75 65 72 79 46 69 6C 65 73 23  |File.QueryFiles#|
00000040  31 80 02 01 08 03 10 01 18 03 28 F2 E8 56 32 07  |1.........(..V2.|
00000050  72 75 73 73 69 61 6E 60 0B 70 07 F8 01 80 A3 05  |russian`.p......|
00000060  88 01 01 B0 01 01 A8 02 01 B0 02 01              |............|

================================================================================
FILE: 037_in_147_k_EMsgServiceMethodResponse.txt
================================================================================
File: 037_in_147_k_EMsgServiceMethodResponse.bin
Size: 2443 bytes

00000000  93 00 00 80 3B 00 00 00 09 D1 5D B5 07 01 00 10  |....;.....].....|
00000010  01 10 A0 FB E9 93 F9 FF FF FF FF 01 59 27 A6 89  |............Y'..|
00000020  4F 3B 65 03 25 62 1A 50 75 62 6C 69 73 68 65 64  |O;e.%b.Published|
00000030  46 69 6C 65 2E 51 75 65 72 79 46 69 6C 65 73 23  |File.QueryFiles#|
00000040  31 68 01 08 E9 03 12 89 04 08 01 10 B2 8E BA CE  |1h..............|
00000050  0D 19 44 B5 16 1A 01 00 10 01 20 FE 05 28 F2 E8  |..D....... ..(..|
00000060  56 30 00 3A 27 31 37 36 39 34 30 36 30 33 32 5F  |V0.:'1769406032_|
00000070  6E 65 77 5F 70 72 65 76 69 65 77 5F 53 63 72 65  |new_preview_Scre|
00000080  65 6E 73 68 6F 74 5F 31 2E 70 6E 67 40 D9 D8 04  |enshot_1.png@...|
00000090  48 D9 D8 04 52 66 68 74 74 70 73 3A 2F 2F 69 6D  |H...Rfhttps://im|
000000A0  61 67 65 73 2E 73 74 65 61 6D 75 73 65 72 63 6F  |ages.steamuserco|
000000B0  6E 74 65 6E 74 2E 63 6F 6D 2F 75 67 63 2F 31 38  |ntent.com/ugc/18|
000000C0  31 31 37 33 39 36 32 38 30 32 34 38 38 37 32 37  |1173962802488727|
000000D0  30 35 2F 36 34 32 44 44 32 39 39 39 30 37 35 36  |05/642DD29990756|
000000E0  42 46 33 44 36 30 33 45 32 34 41 39 46 35 44 46  |BF3D603E24A9F5DF|
000000F0  31 31 34 46 36 43 41 45 41 39 34 2F 5A 66 68 74  |114F6CAEA94/Zfht|
00000100  74 70 73 3A 2F 2F 69 6D 61 67 65 73 2E 73 74 65  |tps://images.ste|
00000110  61 6D 75 73 65 72 63 6F 6E 74 65 6E 74 2E 63 6F  |amusercontent.co|
00000120  6D 2F 75 67 63 2F 31 38 31 31 37 33 39 36 32 38  |m/ugc/1811739628|
00000130  30 32 34 38 38 37 32 37 30 35 2F 36 34 32 44 44  |0248872705/642DD|
00000140  32 39 39 39 30 37 35 36 42 46 33 44 36 30 33 45  |29990756BF3D603E|
00000150  32 34 41 39 46 35 44 46 31 31 34 46 36 43 41 45  |24A9F5DF114F6CAE|
00000160  41 39 34 2F 6A 00 71 01 AF 37 43 ED EB 6D FB 79  |A94/j.q..7C..m.y|
00000170  01 AF 37 43 ED EB 6D FB 82 01 18 65 6E 68 61 6E  |..7C..m....enhan|
00000180  63 65 64 20 69 74 65 6D 73 20 69 6E 20 73 6E 64  |ced items in snd|
00000190  62 6F 78 92 01 1A 68 6F 77 20 74 6F 20 74 65 73  |box...how to tes|
000001A0  74 20 65 6E 68 61 6E 63 65 64 20 69 74 65 6D 73  |t enhanced items|
000001B0  98 01 E7 80 DC CB 06 A0 01 84 A8 DD CB 06 A8 01  |................|
000001C0  00 B0 01 80 0C B8 01 00 C0 01 00 C8 01 00 D8 01  |................|
000001D0  02 E0 01 00 EA 01 00 F1 01 00 00 00 00 01 00 10  |................|
000001E0  01 F8 01 01 8A 02 08 44 65 61 64 6C 6F 63 6B 90  |.......Deadlock.|
000001F0  02 09 98 02 00 A0 02 00 A8 02 30 B0 02 00 B8 02  |..........0.....|
00000200  00 C0 02 37 C8 02 00 D0 02 F5 22 D8 02 C1 01 E0  |...7......".....|
00000210  02 C1 01 88 03 00 90 03 00 A2 03 12 0A 07 72 75  |..............ru|
00000220  73 73 69 61 6E 1A 07 52 75 73 73 69 61 6E BA 03  |ssian..Russian..|
00000230  09 0D 21 4F 09 3F 10 09 18 01 E8 03 08 F0 03 00  |..!O.?..........|
00000240  F8 03 00 88 04 00 90 04 00 98 04 04 A0 04 01 B8  |................|
00000250  04 05 12 86 04 08 01 10 F9 BF 9E 89 0E 19 55 69  |..............Ui|
00000260  CB 63 01 00 10 01 20 FE 05 28 F2 E8 56 30 00 3A  |.c.... ..(..V0.:|
00000270  28 31 37 38 35 38 34 35 33 37 33 5F 6E 65 77 5F  |(1785845373_new_|
00000280  70 72 65 76 69 65 77 5F 6D 61 78 72 65 73 64 65  |preview_maxresde|
00000290  66 61 75 6C 74 2E 6A 70 67 40 84 BD 06 48 84 BD  |fault.jpg@...H..|
000002A0  06 52 66 68 74 74 70 73 3A 2F 2F 69 6D 61 67 65  |.Rfhttps://image|
000002B0  73 2E 73 74 65 61 6D 75 73 65 72 63 6F 6E 74 65  |s.steamuserconte|
000002C0  6E 74 2E 63 6F 6D 2F 75 67 63 2F 31 32 39 38 30  |nt.com/ugc/12980|
000002D0  36 35 35 30 37 33 31 32 30 34 34 38 35 35 33 2F  |655073120448553/|
000002E0  38 41 44 42 43 30 35 42 44 44 37 43 30 37 38 33  |8ADBC05BDD7C0783|
000002F0  43 37 30 41 33 33 36 32 39 46 43 34 37 34 35 43  |C70A33629FC4745C|
00000300  41 43 43 33 30 46 33 35 2F 5A 66 68 74 74 70 73  |ACC30F35/Zfhttps|
00000310  3A 2F 2F 69 6D 61 67 65 73 2E 73 74 65 61 6D 75  |://images.steamu|
00000320  73 65 72 63 6F 6E 74 65 6E 74 2E 63 6F 6D 2F 75  |sercontent.com/u|
00000330  67 63 2F 31 32 39 38 30 36 35 35 30 37 33 31 32  |gc/1298065507312|
00000340  30 34 34 38 35 35 33 2F 38 41 44 42 43 30 35 42  |0448553/8ADBC05B|
00000350  44 44 37 43 30 37 38 33 43 37 30 41 33 33 36 32  |DD7C0783C70A3362|
00000360  39 46 43 34 37 34 35 43 41 43 43 33 30 46 33 35  |9FC4745CACC30F35|
00000370  2F 6A 00 71 29 70 37 B9 03 8D 24 B4 79 29 70 37  |/j.q)p7...$.y)p7|
00000380  B9 03 8D 24 B4 82 01 2C D0 93 D0 B0 D0 B9 D0 B4  |...$...,........|
00000390  20 D0 BD D0 B0 20 D0 91 D0 B5 D0 B1 D1 80 D0 B0  | .... ..........|
000003A0  D0 BC D1 81 D0 B0 2F 42 65 62 72 61 6D 73 20 47  |....../Bebrams G|
000003B0  75 69 64 65 92 01 00 98 01 AF AF C7 D3 06 A0 01  |uide............|
000003C0  CC C3 F9 D3 06 A8 01 00 B0 01 80 8C 80 40 B8 01  |.............@..|
000003D0  00 C0 01 00 C8 01 00 D8 01 09 E0 01 00 EA 01 00  |................|
000003E0  F1 01 00 00 00 00 01 00 10 01 F8 01 01 8A 02 08  |................|
000003F0  44 65 61 64 6C 6F 63 6B 90 02 09 98 02 00 A0 02  |Deadlock........|
00000400  00 A8 02 06 B0 02 00 B8 02 00 C0 02 06 C8 02 00  |................|
00000410  D0 02 B8 04 D8 02 80 0A E0 02 D0 05 88 03 00 90  |................|
00000420  03 00 A2 03 12 0A 07 72 75 73 73 69 61 6E 1A 07  |.......russian..|
00000430  52 75 73 73 69 61 6E BA 03 09 0D DD 60 0A 3F 10  |Russian.....`.?.|
00000440  0A 18 01 E8 03 08 F0 03 00 F8 03 00 88 04 00 90  |................|
00000450  04 00 98 04 04 A0 04 01 B8 04 32 12 AD 0A 08 01  |..........2.....|
00000460  10 CF B2 FD E3 0D 19 18 E5 18 42 01 00 10 01 20  |..........B.... |
00000470  FE 05 28 F2 E8 56 30 00 3A 21 31 37 37 35 33 30  |..(..V0.:!177530|
00000480  33 36 30 35 5F 6E 65 77 5F 70 72 65 76 69 65 77  |3605_new_preview|
00000490  5F 69 6D 61 67 65 73 2E 6A 70 67 40 8E 5A 48 8E  |_images.jpg@.ZH.|
000004A0  5A 52 66 68 74 74 70 73 3A 2F 2F 69 6D 61 67 65  |ZRfhttps://image|
000004B0  73 2E 73 74 65 61 6D 75 73 65 72 63 6F 6E 74 65  |s.steamuserconte|
000004C0  6E 74 2E 63 6F 6D 2F 75 67 63 2F 31 32 30 34 33  |nt.com/ugc/12043|
000004D0  37 39 36 30 32 35 30 30 32 33 32 35 33 39 35 2F  |796025002325395/|
000004E0  38 33 39 41 35 34 39 34 38 45 41 32 33 43 30 36  |839A54948EA23C06|
000004F0  33 45 39 37 35 35 38 39 31 30 36 32 46 32 45 46  |3E9755891062F2EF|
00000500  33 43 32 38 32 38 41 36 2F 5A 66 68 74 74 70 73  |3C2828A6/Zfhttps|
00000510  3A 2F 2F 69 6D 61 67 65 73 2E 73 74 65 61 6D 75  |://images.steamu|
00000520  73 65 72 63 6F 6E 74 65 6E 74 2E 63 6F 6D 2F 75  |sercontent.com/u|
00000530  67 63 2F 31 32 30 34 33 37 39 36 30 32 35 30 30  |gc/1204379602500|
00000540  32 33 32 35 33 39 35 2F 38 33 39 41 35 34 39 34  |2325395/839A5494|
00000550  38 45 41 32 33 43 30 36 33 45 39 37 35 35 38 39  |8EA23C063E975589|
00000560  31 30 36 32 46 32 45 46 33 43 32 38 32 38 41 36  |1062F2EF3C2828A6|
00000570  2F 6A 00 71 93 75 86 89 AC 28 24 A7 79 93 75 86  |/j.q.u...($.y.u.|
00000580  89 AC 28 24 A7 82 01 6B D0 A1 D0 B0 D0 BC D1 8B  |..($...k........|
00000590  D0 B9 20 D1 81 D0 BE D0 BA 20 28 D0 B2 D1 8B D0  |.. ...... (.....|
000005A0  B6 D0 B8 D0 BC D0 BA D0 B0 20 D0 B3 D0 BB D0 B0  |......... ......|
000005B0  D0 B2 D0 BD D0 BE D0 B9 20 D0 B8 D0 BD D1 84 D0  |........ .......|
000005C0  BE D1 80 D0 BC D0 B0 D1 86 D0 B8 D0 B8 20 44 65  |............. De|
000005D0  61 64 6C 6F 63 6B 29 2C 20 D1 84 D0 B8 D1 88 D0  |adlock), .......|
000005E0  BA D0 B8 20 D0 B8 20 D1 81 D0 BE D0 B2 D0 B5 D1  |... .. .........|
000005F0  82 D1 8B 92 01 C8 03 D0 92 D1 81 D1 8F 20 D0 BE  |............. ..|
00000600  D1 81 D0 BD D0 BE D0 B2 D0 BD D0 B0 D1 8F 20 D0  |.............. .|
00000610  B8 D0 BD D1 84 D0 BE D1 80 D0 BC D0 B0 D1 86 D0  |................|
00000620  B8 D1 8F 20 D0 BF D1 80 D0 BE 20 D0 BC D0 BE D1  |... ...... .....|
00000630  8E 20 D0 BB D1 8E D0 B1 D0 B8 D0 BC D1 83 D1 8E  |. ..............|
00000640  20 D0 B8 D0 B3 D1 80 D1 83 20 64 65 61 64 6C 6F  | ........ deadlo|
00000650  63 6B 2C 20 D0 B2 20 D0 BA D0 BE D1 82 D0 BE D1  |ck, .. .........|
00000660  80 D0 BE D0 B9 20 D0 BC D1 8B 20 D1 82 D0 B0 D0  |..... .... .....|
00000670  BA 20 D0 B7 D0 B0 D0 B3 D0 B0 D0 B4 D0 BE D1 87  |. ..............|
00000680  D0 BD D0 BE 2C 20 D1 81 20 D0 BB D1 8E D0 B1 D0  |...., .. .......|
00000690  BE D0 B2 D1 8C D1 8E 20 D0 B8 20 D0 BD D0 B5 D0  |....... .. .....|
000006A0  BD D0 B0 D0 B2 D0 B8 D1 81 D1 82 D1 8C D1 8E 20  |............... |
000006B0  D1 80 D0 B5 D0 B3 D0 B0 D0 B5 D0 BC 20 D0 BD D0  |............ ...|
000006C0  BE D0 B2 D1 83 D1 8E 20 D0 BA D0 B0 D1 82 D0 BA  |....... ........|
000006D0  D1 83 2C 20 D0 BD D0 B5 20 D0 B7 D0 B0 D0 BC D0  |.., .... .......|
000006E0  B5 D1 87 D0 B0 D1 8F 20 D0 BA D0 B0 D0 BA 20 D0  |....... ...... .|
000006F0  BF D1 80 D0 BE D0 BB D0 B5 D1 82 D0 B0 D1 8E D1  |................|
00000700  82 20 D1 87 D0 B0 D1 81 D1 8B 2E 20 D0 94 D0 BB  |. ......... ....|
00000710  D1 8F 20 D0 BD D0 BE D0 B2 D0 B8 D1 87 D0 BA D0  |.. .............|
00000720  BE D0 B2 20 D0 B7 D0 B4 D0 B5 D1 81 D1 8C 20 D0  |... .......... .|
00000730  B1 D1 83 D0 B4 D0 B5 D1 82 20 D0 B2 D0 B0 D0 B6  |......... ......|
00000740  D0 B5 D0 BD 20 D0 BA D0 B0 D0 B6 D0 B4 D1 8B D0  |.... ...........|
00000750  B9 20 D0 BF D1 83 D0 BD D0 BA D1 82 2C 20 D1 8D  |. .........., ..|
00000760  D1 82 D0 BE 20 D1 82 D0 BE 2C 20 D1 87 D1 82 D0  |.... ...., .....|
00000770  BE 20 D0 BD D0 B0 D0 B4 D0 BE 20 D0 B7 D0 B0 D0  |. ........ .....|
00000780  BF D0 BE D0 BC D0 BD D0 B8 D1 82 D1 8C 20 D0 B8  |............. ..|
00000790  20 D0 BE D1 82 D0 BB D0 BE D0 B6 D0 B8 D1 82 D1  | ...............|
000007A0  8C 20 D0 B2 20 D0 B4 D0 BE D0 BB D0 B3 D1 83 D1  |. .. ...........|
000007B0  8E 20 D0 BF D0 B0 D0 BC D1 8F D1 82 D1 8C 2C 98  |. ............,.|
000007C0  01 B2 F5 C4 CE 06 A0 01 91 C9 D5 CE 06 A8 01 00  |................|
000007D0  B0 01 80 0C B8 01 00 C0 01 00 C8 01 00 D8 01 11  |................|
000007E0  E0 01 00 EA 01 00 F1 01 00 00 00 00 01 00 10 01  |................|
000007F0  F8 01 01 8A 02 08 44 65 61 64 6C 6F 63 6B 90 02  |......Deadlock..|
00000800  09 98 02 00 A0 02 00 A8 02 6B B0 02 00 B8 02 00  |.........k......|
00000810  C0 02 6F C8 02 00 D0 02 EF 2A D8 02 E1 01 E0 02  |..o......*......|
00000820  E1 01 88 03 00 90 03 00 A2 03 1C 0A 0C 41 63 68  |.............Ach|
00000830  69 65 76 65 6D 65 6E 74 73 1A 0C 41 63 68 69 65  |ievements..Achie|
00000840  76 65 6D 65 6E 74 73 A2 03 18 0A 0A 43 68 61 72  |vements.....Char|
00000850  61 63 74 65 72 73 1A 0A 43 68 61 72 61 63 74 65  |acters..Characte|
00000860  72 73 A2 03 12 0A 07 43 6C 61 73 73 65 73 1A 07  |rs.....Classes..|
00000870  43 6C 61 73 73 65 73 A2 03 18 0A 0A 47 61 6D 65  |Classes.....Game|
00000880  20 4D 6F 64 65 73 1A 0A 47 61 6D 65 20 4D 6F 64  | Modes..Game Mod|
00000890  65 73 A2 03 22 0A 0F 47 61 6D 65 70 6C 61 79 20  |es.."..Gameplay |
000008A0  42 61 73 69 63 73 1A 0F 47 61 6D 65 70 6C 61 79  |Basics..Gameplay|
000008B0  20 42 61 73 69 63 73 A2 03 0C 0A 04 4C 6F 6F 74  | Basics.....Loot|
000008C0  1A 04 4C 6F 6F 74 A2 03 20 0A 0E 4D 61 70 73 20  |..Loot.. ..Maps |
000008D0  6F 72 20 4C 65 76 65 6C 73 1A 0E 4D 61 70 73 20  |or Levels..Maps |
000008E0  6F 72 20 4C 65 76 65 6C 73 A2 03 34 0A 18 4D 6F  |or Levels..4..Mo|
000008F0  64 64 69 6E 67 20 6F 72 20 43 6F 6E 66 69 67 75  |dding or Configu|
00000900  72 61 74 69 6F 6E 1A 18 4D 6F 64 64 69 6E 67 20  |ration..Modding |
00000910  6F 72 20 43 6F 6E 66 69 67 75 72 61 74 69 6F 6E  |or Configuration|
00000920  A2 03 1A 0A 0B 4D 75 6C 74 69 70 6C 61 79 65 72  |.....Multiplayer|
00000930  1A 0B 4D 75 6C 74 69 70 6C 61 79 65 72 A2 03 12  |..Multiplayer...|
00000940  0A 07 53 65 63 72 65 74 73 1A 07 53 65 63 72 65  |..Secrets..Secre|
00000950  74 73 A2 03 12 0A 07 72 75 73 73 69 61 6E 1A 07  |ts.....russian..|
00000960  52 75 73 73 69 61 6E BA 03 09 0D 2D 2D 2D 3F 10  |Russian....---?.|
00000970  41 18 05 E8 03 08 F0 03 00 F8 03 00 88 04 00 90  |A...............|
00000980  04 00 98 04 19 A0 04 01 B8 04 05                 |...........|

================================================================================
FILE: 038_in_147_k_EMsgServiceMethodResponse.txt
================================================================================
File: 038_in_147_k_EMsgServiceMethodResponse.bin
Size: 73 bytes

00000000  93 00 00 80 3D 00 00 00 09 D1 5D B5 07 01 00 10  |....=.....].....|
00000010  01 10 A0 FB E9 93 F9 FF FF FF FF 01 59 98 23 F1  |............Y.#.|
00000020  0C 7D 9F 07 40 62 1C 50 75 62 6C 69 73 68 65 64  |.}..@b.Published|
00000030  46 69 6C 65 2E 47 65 74 55 73 65 72 46 69 6C 65  |File.GetUserFile|
00000040  73 23 31 68 01 08 00 10 01                       |s#1h.....|

================================================================================
FILE: 039_in_147_k_EMsgServiceMethodResponse.txt
================================================================================
File: 039_in_147_k_EMsgServiceMethodResponse.bin
Size: 73 bytes

00000000  93 00 00 80 3D 00 00 00 09 D1 5D B5 07 01 00 10  |....=.....].....|
00000010  01 10 A0 FB E9 93 F9 FF FF FF FF 01 59 3B E1 2A  |............Y;.*|
00000020  5E B1 3C 5F 30 62 1C 50 75 62 6C 69 73 68 65 64  |^.<_0b.Published|
00000030  46 69 6C 65 2E 47 65 74 55 73 65 72 46 69 6C 65  |File.GetUserFile|
00000040  73 23 31 68 01 08 00 10 01                       |s#1h.....|

================================================================================
FILE: 040_in_147_k_EMsgServiceMethodResponse.txt
================================================================================
File: 040_in_147_k_EMsgServiceMethodResponse.bin
Size: 435 bytes

00000000  93 00 00 80 43 00 00 00 09 D1 5D B5 07 01 00 10  |....C.....].....|
00000010  01 10 A0 FB E9 93 F9 FF FF FF FF 01 59 29 8C A8  |............Y)..|
00000020  17 41 F9 24 95 62 1F 50 6C 61 79 65 72 2E 47 65  |.A.$.b.Player.Ge|
00000030  74 46 72 69 65 6E 64 73 47 61 6D 65 70 6C 61 79  |tFriendsGameplay|
00000040  49 6E 66 6F 23 31 68 01 C0 01 01 0A 11 09 D1 5D  |Info#1h........]|
00000050  B5 07 01 00 10 01 10 5D 18 82 8E 02 28 01 12 10  |.......]....(...|
00000060  09 BD E0 83 51 01 00 10 01 10 92 06 18 87 A3 02  |....Q...........|
00000070  1A 0F 09 01 4C 2D 06 01 00 10 01 10 79 18 F5 CB  |....L-......y...|
00000080  01 1A 10 09 2A 7F 22 15 01 00 10 01 10 EF 04 18  |....*.".........|
00000090  E1 FE 01 1A 10 09 7E 7E 6A 1B 01 00 10 01 10 B9  |......~~j.......|
000000A0  1C 18 CB F7 02 1A 10 09 C4 DB 38 42 01 00 10 01  |..........8B....|
000000B0  10 E4 0C 18 CB E5 02 1A 11 09 B1 64 21 65 01 00  |...........d!e..|
000000C0  10 01 10 E1 9C 01 18 EF F9 05 22 0C 09 01 7B 63  |.........."...{c|
000000D0  34 01 00 10 01 18 85 05 22 0D 09 72 84 55 60 01  |4......."..r.U`.|
000000E0  00 10 01 18 D3 B4 01 22 0B 09 C9 2B 41 09 01 00  |......."...+A...|
000000F0  10 01 18 12 22 0C 09 E2 44 E7 05 01 00 10 01 18  |...."...D.......|
00000100  C4 07 22 0C 09 A4 E6 85 0F 01 00 10 01 18 A4 04  |..".............|
00000110  22 0B 09 4A 07 AD 5F 01 00 10 01 18 66 22 0B 09  |"..J.._.....f"..|
00000120  6F D7 84 3E 01 00 10 01 18 42 22 0B 09 76 75 2E  |o..>.....B"..vu.|
00000130  50 01 00 10 01 18 66 22 0C 09 0C 38 01 3D 01 00  |P.....f"...8.=..|
00000140  10 01 18 A5 08 2A 09 09 E8 D5 5A 36 01 00 10 01  |.....*....Z6....|
00000150  2A 09 09 EE 74 C2 09 01 00 10 01 2A 09 09 B3 8B  |*...t......*....|
00000160  06 35 01 00 10 01 2A 09 09 EE 5E 11 0D 01 00 10  |.5....*...^.....|
00000170  01 2A 09 09 5C E6 AE 12 01 00 10 01 2A 09 09 DE  |.*..\.......*...|
00000180  21 A4 50 01 00 10 01 2A 09 09 7E 20 9F 17 01 00  |!.P....*..~ ....|
00000190  10 01 2A 09 09 E3 56 75 3D 01 00 10 01 32 09 09  |..*...Vu=....2..|
000001A0  01 4C 2D 06 01 00 10 01 32 09 09 76 75 2E 50 01  |.L-.....2..vu.P.|
000001B0  00 10 01                                         |...|

================================================================================
FILE: 041_out_151_k_EMsgServiceMethodCallFromClient.txt
================================================================================
File: 041_out_151_k_EMsgServiceMethodCallFromClient.bin
Size: 83 bytes

00000000  97 00 00 80 42 00 00 00 09 D1 5D B5 07 01 00 10  |....B.....].....|
00000010  01 10 A0 FB E9 93 F9 FF FF FF FF 01 51 0E DA 56  |............Q..V|
00000020  93 D5 DB 9A 23 62 20 50 6C 61 79 65 72 2E 47 65  |....#b Player.Ge|
00000030  74 50 72 6F 66 69 6C 65 49 74 65 6D 73 45 71 75  |tProfileItemsEqu|
00000040  69 70 70 65 64 23 31 80 02 01 09 7E 7E 6A 1B 01  |ipped#1....~~j..|
00000050  00 10 01                                         |...|

================================================================================
FILE: 042_out_151_k_EMsgServiceMethodCallFromClient.txt
================================================================================
File: 042_out_151_k_EMsgServiceMethodCallFromClient.bin
Size: 101 bytes

00000000  97 00 00 80 50 00 00 00 09 D1 5D B5 07 01 00 10  |....P.....].....|
00000010  01 10 A0 FB E9 93 F9 FF FF FF FF 01 51 6B EC 9D  |............Qk..|
00000020  35 A3 83 8D F0 62 2A 43 6F 6D 6D 75 6E 69 74 79  |5....b*Community|
00000030  2E 47 65 74 41 70 70 52 69 63 68 50 72 65 73 65  |.GetAppRichPrese|
00000040  6E 63 65 4C 6F 63 61 6C 69 7A 61 74 69 6F 6E 23  |nceLocalization#|
00000050  31 80 02 01 98 02 A0 02 08 F2 E8 56 12 07 72 75  |1..........V..ru|
00000060  73 73 69 61 6E                                   |ssian|

================================================================================
FILE: 043_out_151_k_EMsgServiceMethodCallFromClient.txt
================================================================================
File: 043_out_151_k_EMsgServiceMethodCallFromClient.bin
Size: 83 bytes

00000000  97 00 00 80 42 00 00 00 09 D1 5D B5 07 01 00 10  |....B.....].....|
00000010  01 10 A0 FB E9 93 F9 FF FF FF FF 01 51 45 E5 78  |............QE.x|
00000020  3E D6 A9 E6 63 62 20 50 6C 61 79 65 72 2E 47 65  |>...cb Player.Ge|
00000030  74 50 72 6F 66 69 6C 65 49 74 65 6D 73 45 71 75  |tProfileItemsEqu|
00000040  69 70 70 65 64 23 31 80 02 01 09 B3 8B 06 35 01  |ipped#1.......5.|
00000050  00 10 01                                         |...|

================================================================================
FILE: 044_out_7501_k_EMsgClientRichPresenceUpload.txt
================================================================================
File: 044_out_7501_k_EMsgClientRichPresenceUpload.bin
Size: 94 bytes

00000000  4D 1D 00 80 1B 00 00 00 09 D1 5D B5 07 01 00 10  |M.........].....|
00000010  01 10 A0 FB E9 93 F9 FF FF FF FF 01 18 F2 E8 56  |...............V|
00000020  80 02 01 0A 30 00 52 50 00 01 73 74 65 61 6D 5F  |....0.RP..steam_|
00000030  64 69 73 70 6C 61 79 00 23 53 74 65 61 6D 5F 43  |display.#Steam_C|
00000040  69 74 61 64 65 6C 5F 52 50 5F 4D 61 69 6E 4D 65  |itadel_RP_MainMe|
00000050  6E 75 00 08 08 11 BD E0 83 51 01 00 10 01        |nu.......Q....|

================================================================================
FILE: 045_in_147_k_EMsgServiceMethodResponse.txt
================================================================================
File: 045_in_147_k_EMsgServiceMethodResponse.bin
Size: 1302 bytes

00000000  93 00 00 80 44 00 00 00 09 D1 5D B5 07 01 00 10  |....D.....].....|
00000010  01 10 A0 FB E9 93 F9 FF FF FF FF 01 59 0E DA 56  |............Y..V|
00000020  93 D5 DB 9A 23 62 20 50 6C 61 79 65 72 2E 47 65  |....#b Player.Ge|
00000030  74 50 72 6F 66 69 6C 65 49 74 65 6D 73 45 71 75  |tProfileItemsEqu|
00000040  69 70 70 65 64 23 31 68 01 C0 01 01 0A DA 02 08  |ipped#1h........|
00000050  AF 83 99 8A 6C 1A 3A 69 74 65 6D 73 2F 31 31 31  |....l.:items/111|
00000060  39 39 38 30 2F 38 32 35 65 62 37 34 34 62 33 63  |9980/825eb744b3c|
00000070  62 38 64 36 35 63 35 65 39 30 36 32 37 37 64 63  |b8d65c5e906277dc|
00000080  61 32 33 30 64 37 34 66 38 32 31 33 33 2E 6A 70  |a230d74f82133.jp|
00000090  67 22 0B 43 61 74 20 28 54 6F 6E 69 61 29 2A 0B  |g".Cat (Tonia)*.|
000000A0  43 61 74 20 28 54 6F 6E 69 61 29 32 00 38 EC AD  |Cat (Tonia)2.8..|
000000B0  44 40 23 48 03 52 3B 69 74 65 6D 73 2F 31 31 31  |D@#H.R;items/111|
000000C0  39 39 38 30 2F 34 30 34 63 32 32 39 38 35 30 39  |9980/404c2298509|
000000D0  31 34 38 64 63 34 61 64 38 32 65 65 34 30 64 33  |148dc4ad82ee40d3|
000000E0  64 36 36 61 33 66 65 66 32 66 61 34 66 2E 77 65  |d66a3fef2fa4f.we|
000000F0  62 6D 5A 3A 69 74 65 6D 73 2F 31 31 31 39 39 38  |bmZ:items/111998|
00000100  30 2F 34 35 39 37 65 33 35 66 37 35 37 64 64 33  |0/4597e35f757dd3|
00000110  65 30 65 64 34 66 62 37 64 66 66 37 31 32 61 32  |e0ed4fb7dff712a2|
00000120  33 33 66 61 34 35 34 38 38 63 2E 6D 70 34 60 01  |33fa45488c.mp4`.|
00000130  6A 3B 69 74 65 6D 73 2F 31 31 31 39 39 38 30 2F  |j;items/1119980/|
00000140  38 37 64 62 34 65 66 34 37 37 62 62 66 34 38 30  |87db4ef477bbf480|
00000150  31 32 39 32 31 38 66 33 37 33 38 62 36 30 31 39  |129218f3738b6019|
00000160  35 35 38 31 62 64 64 61 2E 77 65 62 6D 72 3A 69  |5581bdda.webmr:i|
00000170  74 65 6D 73 2F 31 31 31 39 39 38 30 2F 65 63 34  |tems/1119980/ec4|
00000180  66 30 65 39 32 39 62 39 33 64 37 64 66 39 36 33  |f0e929b93d7df963|
00000190  65 35 31 64 30 37 62 32 30 66 64 62 36 37 30 31  |e51d07b20fdb6701|
000001A0  38 66 36 63 38 2E 6D 70 34 12 DD 01 08 C0 B9 BB  |8f6c8.mp4.......|
000001B0  CF 6C 1A 39 69 74 65 6D 73 2F 32 35 31 31 31 30  |.l.9items/251110|
000001C0  2F 33 31 39 65 62 31 31 61 63 35 38 34 61 34 31  |/319eb11ac584a41|
000001D0  63 30 62 32 38 37 61 30 38 31 64 36 65 34 35 31  |c0b287a081d6e451|
000001E0  65 37 65 38 63 38 36 63 38 2E 6A 70 67 22 0E 57  |e7e8c86c8.jpg".W|
000001F0  61 73 74 65 6C 61 6E 64 5F 6D 69 6E 69 2A 09 57  |asteland_mini*.W|
00000200  61 73 74 65 6C 61 6E 64 32 00 38 E6 A9 0F 40 1B  |asteland2.8...@.|
00000210  48 0D 52 3A 69 74 65 6D 73 2F 32 35 31 31 31 30  |H.R:items/251110|
00000220  2F 34 37 37 65 62 63 65 31 61 33 33 30 61 36 65  |/477ebce1a330a6e|
00000230  30 38 61 36 62 37 38 31 31 30 66 66 32 64 32 61  |08a6b78110ff2d2a|
00000240  37 66 65 38 38 39 37 33 66 2E 77 65 62 6D 5A 39  |7fe88973f.webmZ9|
00000250  69 74 65 6D 73 2F 32 35 31 31 31 30 2F 30 34 66  |items/251110/04f|
00000260  34 34 34 63 36 35 36 35 32 61 31 63 33 37 33 34  |444c65652a1c3734|
00000270  31 62 38 65 33 33 64 36 38 65 62 30 35 36 66 31  |1b8e33d68eb056f1|
00000280  39 39 38 38 35 2E 6D 70 34 1A BA 01 08 94 B0 F7  |99885.mp4.......|
00000290  87 7D 12 3A 69 74 65 6D 73 2F 31 30 37 30 33 33  |.}.:items/107033|
000002A0  30 2F 36 38 66 30 30 30 62 30 66 65 61 63 30 32  |0/68f000b0feac02|
000002B0  31 33 61 36 34 61 35 64 31 64 63 39 33 62 32 33  |13a64a5d1dc93b23|
000002C0  36 35 32 35 31 38 37 34 65 35 2E 70 6E 67 1A 3A  |65251874e5.png.:|
000002D0  69 74 65 6D 73 2F 31 30 37 30 33 33 30 2F 62 32  |items/1070330/b2|
000002E0  62 36 65 63 65 35 63 37 66 34 63 66 62 31 63 31  |b6ece5c7f4cfb1c1|
000002F0  65 31 66 34 37 30 34 61 63 34 64 66 63 65 33 31  |e1f4704ac4dfce31|
00000300  35 38 61 61 35 30 2E 70 6E 67 22 0C 52 75 73 73  |58aa50.png".Russ|
00000310  69 61 6E 20 66 6C 61 67 2A 0C 52 75 73 73 69 61  |ian flag*.Russia|
00000320  6E 20 46 6C 61 67 32 16 4C 69 67 68 74 6E 69 6E  |n Flag2.Lightnin|
00000330  67 20 52 75 73 73 69 61 6E 20 46 6C 61 67 38 FA  |g Russian Flag8.|
00000340  A9 41 40 36 48 0E 22 00 2A C9 03 08 C2 88 9A 8A  |.A@6H.".*.......|
00000350  6C 12 39 69 74 65 6D 73 2F 35 33 34 33 38 30 2F  |l.9items/534380/|
00000360  64 65 62 37 30 65 39 65 64 30 31 35 63 35 32 34  |deb70e9ed015c524|
00000370  35 38 31 66 39 36 62 65 62 39 61 34 37 37 31 34  |581f96beb9a47714|
00000380  36 39 33 36 63 65 64 61 2E 70 6E 67 1A 39 69 74  |6936ceda.png.9it|
00000390  65 6D 73 2F 35 33 34 33 38 30 2F 34 61 38 35 66  |ems/534380/4a85f|
000003A0  37 37 63 62 64 62 36 62 36 37 30 35 37 38 35 38  |77cbdb6b67057858|
000003B0  64 39 33 61 36 31 65 31 35 37 66 66 63 33 37 34  |d93a61e157ffc374|
000003C0  62 38 63 2E 6A 70 67 22 20 44 79 69 6E 67 20 4C  |b8c.jpg" Dying L|
000003D0  69 67 68 74 20 32 20 53 74 61 79 20 48 75 6D 61  |ight 2 Stay Huma|
000003E0  6E 20 50 72 6F 66 69 6C 65 2A 20 44 79 69 6E 67  |n Profile* Dying|
000003F0  20 4C 69 67 68 74 20 32 20 53 74 61 79 20 48 75  | Light 2 Stay Hu|
00000400  6D 61 6E 20 50 72 6F 66 69 6C 65 32 00 38 EC CE  |man Profile2.8..|
00000410  20 40 36 48 08 7A 31 0A 17 62 61 63 6B 67 72 6F  | @6H.z1..backgro|
00000420  75 6E 64 67 72 61 64 69 65 6E 74 5F 6C 65 66 74  |undgradient_left|
00000430  12 16 72 67 62 61 28 32 35 35 2C 20 32 35 35 2C  |..rgba(255, 255,|
00000440  20 32 35 35 2C 20 30 29 7A 32 0A 18 62 61 63 6B  | 255, 0)z2..back|
00000450  67 72 6F 75 6E 64 67 72 61 64 69 65 6E 74 5F 72  |groundgradient_r|
00000460  69 67 68 74 12 16 72 67 62 61 28 32 35 35 2C 20  |ight..rgba(255, |
00000470  32 35 35 2C 20 32 35 35 2C 20 30 29 7A 33 0A 19  |255, 255, 0)z3..|
00000480  62 61 63 6B 67 72 6F 75 6E 64 67 72 61 64 69 65  |backgroundgradie|
00000490  6E 74 5F 63 65 6E 74 65 72 12 16 72 67 62 61 28  |nt_center..rgba(|
000004A0  32 35 35 2C 20 32 35 35 2C 20 32 35 35 2C 20 30  |255, 255, 255, 0|
000004B0  29 7A 2F 0A 15 73 68 6F 77 63 61 73 65 67 72 61  |)z/..showcasegra|
000004C0  64 69 65 6E 74 5F 6C 65 66 74 12 16 72 67 62 61  |dient_left..rgba|
000004D0  28 32 35 35 2C 20 32 35 35 2C 20 32 35 35 2C 20  |(255, 255, 255, |
000004E0  30 29 7A 30 0A 16 73 68 6F 77 63 61 73 65 67 72  |0)z0..showcasegr|
000004F0  61 64 69 65 6E 74 5F 72 69 67 68 74 12 16 72 67  |adient_right..rg|
00000500  62 61 28 32 35 35 2C 20 32 35 35 2C 20 32 35 35  |ba(255, 255, 255|
00000510  2C 20 30 29 32 00                                |, 0)2.|

================================================================================
FILE: 046_out_5410_k_EMsgClientGamesPlayedWithDataBlob.txt
================================================================================
File: 046_out_5410_k_EMsgClientGamesPlayedWithDataBlob.bin
Size: 115 bytes

00000000  22 15 00 80 17 00 00 00 09 D1 5D B5 07 01 00 10  |".........].....|
00000010  01 10 A0 FB E9 93 F9 FF FF FF FF 01 80 02 01 0A  |................|
00000020  4C 08 00 11 72 B4 15 00 00 00 00 00 20 00 28 00  |L...r....... .(.|
00000030  32 00 3A 00 48 E8 77 50 00 58 01 60 D1 BB D5 3D  |2.:.H.wP.X.`...=|
00000040  78 01 A8 01 94 03 BA 01 00 C8 01 FF FF FF FF FF  |x...............|
00000050  FF FF FF FF 01 D0 01 D1 8A E6 0B F2 01 00 F8 01  |................|
00000060  00 82 02 09 08 E8 77 10 E0 D9 01 18 01 10 14 18  |......w.........|
00000070  00 20 00                                         |. .|

================================================================================
FILE: 047_in_147_k_EMsgServiceMethodResponse.txt
================================================================================
File: 047_in_147_k_EMsgServiceMethodResponse.bin
Size: 14040 bytes

00000000  93 00 00 80 4E 00 00 00 09 D1 5D B5 07 01 00 10  |....N.....].....|
00000010  01 10 A0 FB E9 93 F9 FF FF FF FF 01 59 6B EC 9D  |............Yk..|
00000020  35 A3 83 8D F0 62 2A 43 6F 6D 6D 75 6E 69 74 79  |5....b*Community|
00000030  2E 47 65 74 41 70 70 52 69 63 68 50 72 65 73 65  |.GetAppRichPrese|
00000040  6E 63 65 4C 6F 63 61 6C 69 7A 61 74 69 6F 6E 23  |nceLocalization#|
00000050  31 68 01 C0 01 01 08 F2 E8 56 12 FE 3A 0A 07 72  |1h.......V..:..r|
00000060  75 73 73 69 61 6E 12 48 0A 1A 23 73 74 65 61 6D  |ussian.H..#steam|
00000070  5F 63 69 74 61 64 65 6C 5F 68 69 64 65 6F 75 74  |_citadel_hideout|
00000080  5F 61 76 61 12 2A D0 98 D0 B3 D1 80 D0 B0 D0 B5  |_ava.*..........|
00000090  D1 82 20 D1 81 20 D0 90 D0 B2 D0 BE D0 B9 20 D0  |.. .. ........ .|
000000A0  B2 20 D1 83 D0 B1 D0 B5 D0 B6 D0 B8 D1 89 D0 B5  |. ..............|
000000B0  12 57 0A 1C 23 73 74 65 61 6D 5F 63 69 74 61 64  |.W..#steam_citad|
000000C0  65 6C 5F 68 69 64 65 6F 75 74 5F 62 6C 65 73 73  |el_hideout_bless|
000000D0  12 37 D0 9E D1 81 D0 B2 D1 8F D1 89 D0 B0 D0 B5  |.7..............|
000000E0  D1 82 20 D0 B1 D0 BE D0 B5 D0 BF D1 80 D0 B8 D0  |.. .............|
000000F0  BF D0 B0 D1 81 D1 8B 20 D0 B2 20 D1 83 D0 B1 D0  |....... .. .....|
00000100  B5 D0 B6 D0 B8 D1 89 D0 B5 12 43 0A 1F 23 73 74  |..........C..#st|
00000110  65 61 6D 5F 63 69 74 61 64 65 6C 5F 68 69 64 65  |eam_citadel_hide|
00000120  6F 75 74 5F 62 72 6F 6F 64 69 6E 67 12 20 D0 A5  |out_brooding. ..|
00000130  D0 B0 D0 BD D0 B4 D1 80 D0 B8 D1 82 20 D0 B2 20  |............ .. |
00000140  D1 83 D0 B1 D0 B5 D0 B6 D0 B8 D1 89 D0 B5 12 5B  |...............[|
00000150  0A 1C 23 73 74 65 61 6D 5F 63 69 74 61 64 65 6C  |..#steam_citadel|
00000160  5F 68 69 64 65 6F 75 74 5F 63 61 72 64 73 12 3B  |_hideout_cards.;|
00000170  D0 98 D0 B3 D1 80 D0 B0 D0 B5 D1 82 20 D0 B2 20  |............ .. |
00000180  D0 B0 D0 B7 D0 B0 D1 80 D1 82 D0 BD D1 8B D0 B5  |................|
00000190  20 D0 B8 D0 B3 D1 80 D1 8B 20 D0 B2 20 D1 83 D0  | ........ .. ...|
000001A0  B1 D0 B5 D0 B6 D0 B8 D1 89 D0 B5 12 4F 0A 1F 23  |............O..#|
000001B0  73 74 65 61 6D 5F 63 69 74 61 64 65 6C 5F 68 69  |steam_citadel_hi|
000001C0  64 65 6F 75 74 5F 63 68 69 6C 6C 69 6E 67 12 2C  |deout_chilling.,|
000001D0  D0 9F D1 80 D0 BE D1 85 D0 BB D0 B0 D0 B6 D0 B4  |................|
000001E0  D0 B0 D0 B5 D1 82 D1 81 D1 8F 20 D0 B2 20 D1 83  |.......... .. ..|
000001F0  D0 B1 D0 B5 D0 B6 D0 B8 D1 89 D0 B5 12 57 0A 20  |.............W. |
00000200  23 73 74 65 61 6D 5F 63 69 74 61 64 65 6C 5F 68  |#steam_citadel_h|
00000210  69 64 65 6F 75 74 5F 63 6F 63 6B 74 61 69 6C 73  |ideout_cocktails|
00000220  12 33 D0 A1 D0 BC D0 B5 D1 88 D0 B8 D0 B2 D0 B0  |.3..............|
00000230  D0 B5 D1 82 20 D0 BD D0 B0 D0 BF D0 B8 D1 82 D0  |.... ...........|
00000240  BA D0 B8 20 D0 B2 20 D1 83 D0 B1 D0 B5 D0 B6 D0  |... .. .........|
00000250  B8 D1 89 D0 B5 12 4E 0A 1B 23 73 74 65 61 6D 5F  |......N..#steam_|
00000260  63 69 74 61 64 65 6C 5F 68 69 64 65 6F 75 74 5F  |citadel_hideout_|
00000270  63 75 62 65 12 2F D0 96 D0 B0 D0 BB D0 B5 D0 B5  |cube./..........|
00000280  D1 82 2C 20 D1 87 D1 82 D0 BE 20 D1 83 D0 B1 D0  |.., ...... .....|
00000290  B5 D0 B6 D0 B8 D1 89 D0 B5 20 D0 BD D0 B5 20 D0  |......... .... .|
000002A0  BA D1 83 D0 B1 12 51 0A 1B 23 73 74 65 61 6D 5F  |......Q..#steam_|
000002B0  63 69 74 61 64 65 6C 5F 68 69 64 65 6F 75 74 5F  |citadel_hideout_|
000002C0  64 65 61 64 12 32 D0 98 D0 B3 D1 80 D0 B0 D0 B5  |dead.2..........|
000002D0  D1 82 20 D1 81 20 D0 BC D1 91 D1 80 D1 82 D0 B2  |.. .. ..........|
000002E0  D1 8B D0 BC D0 B8 20 D0 B2 20 D1 83 D0 B1 D0 B5  |...... .. ......|
000002F0  D0 B6 D0 B8 D1 89 D0 B5 12 45 0A 1E 23 73 74 65  |.........E..#ste|
00000300  61 6D 5F 63 69 74 61 64 65 6C 5F 68 69 64 65 6F  |am_citadel_hideo|
00000310  75 74 5F 64 65 66 61 75 6C 74 12 23 D0 9D D0 B0  |ut_default.#....|
00000320  20 D0 BE D1 82 D0 B4 D1 8B D1 85 D0 B5 20 D0 B2  | ............ ..|
00000330  20 D1 83 D0 B1 D0 B5 D0 B6 D0 B8 D1 89 D0 B5 12  | ...............|
00000340  53 0A 1D 23 73 74 65 61 6D 5F 63 69 74 61 64 65  |S..#steam_citade|
00000350  6C 5F 68 69 64 65 6F 75 74 5F 64 72 65 61 6D 73  |l_hideout_dreams|
00000360  12 32 D0 92 D0 B8 D0 B4 D0 B8 D1 82 20 D1 81 D0  |.2.......... ...|
00000370  BB D0 B0 D0 B4 D0 BA D0 B8 D0 B5 20 D1 81 D0 BD  |........... ....|
00000380  D1 8B 20 D0 B2 20 D1 83 D0 B1 D0 B5 D0 B6 D0 B8  |.. .. ..........|
00000390  D1 89 D0 B5 12 48 0A 22 23 73 74 65 61 6D 5F 63  |.....H."#steam_c|
000003A0  69 74 61 64 65 6C 5F 68 69 64 65 6F 75 74 5F 65  |itadel_hideout_e|
000003B0  6E 67 69 6E 65 65 72 69 6E 67 12 22 D0 9C D0 B0  |ngineering."....|
000003C0  D1 81 D1 82 D0 B5 D1 80 D0 B8 D1 82 20 D0 B2 20  |............ .. |
000003D0  D1 83 D0 B1 D0 B5 D0 B6 D0 B8 D1 89 D0 B5 12 59  |...............Y|
000003E0  0A 1F 23 73 74 65 61 6D 5F 63 69 74 61 64 65 6C  |..#steam_citadel|
000003F0  5F 68 69 64 65 6F 75 74 5F 66 61 62 75 6C 6F 75  |_hideout_fabulou|
00000400  73 12 36 D0 92 D0 BE 20 D0 B2 D1 81 D1 91 D0 BC  |s.6.... ........|
00000410  20 D0 B2 D0 B5 D0 BB D0 B8 D0 BA D0 BE D0 BB D0  | ...............|
00000420  B5 D0 BF D0 B8 D0 B8 20 D0 B2 20 D1 83 D0 B1 D0  |....... .. .....|
00000430  B5 D0 B6 D0 B8 D1 89 D0 B5 12 61 0A 1D 23 73 74  |..........a..#st|
00000440  65 61 6D 5F 63 69 74 61 64 65 6C 5F 68 69 64 65  |eam_citadel_hide|
00000450  6F 75 74 5F 66 65 6E 63 65 72 12 40 D0 A1 D1 82  |out_fencer.@....|
00000460  D1 80 D0 B5 D0 BC D0 B8 D1 82 D1 81 D1 8F 20 D0  |.............. .|
00000470  BA 20 D1 81 D0 BE D0 B2 D0 B5 D1 80 D1 88 D0 B5  |. ..............|
00000480  D0 BD D1 81 D1 82 D0 B2 D1 83 20 D0 B2 20 D1 83  |.......... .. ..|
00000490  D0 B1 D0 B5 D0 B6 D0 B8 D1 89 D0 B5 12 51 0A 1E  |.............Q..|
000004A0  23 73 74 65 61 6D 5F 63 69 74 61 64 65 6C 5F 68  |#steam_citadel_h|
000004B0  69 64 65 6F 75 74 5F 67 6C 69 74 74 65 72 12 2F  |ideout_glitter./|
000004C0  D0 A3 D0 B1 D0 B8 D1 80 D0 B0 D0 B5 D1 82 20 D0  |.............. .|
000004D0  B1 D0 BB D1 91 D1 81 D1 82 D0 BA D0 B8 20 D0 B2  |............. ..|
000004E0  20 D1 83 D0 B1 D0 B5 D0 B6 D0 B8 D1 89 D0 B5 12  | ...............|
000004F0  7A 0A 1F 23 73 74 65 61 6D 5F 63 69 74 61 64 65  |z..#steam_citade|
00000500  6C 5F 68 69 64 65 6F 75 74 5F 68 61 6E 67 6F 76  |l_hideout_hangov|
00000510  65 72 12 57 D0 92 D1 8B D1 8F D1 81 D0 BD D1 8F  |er.W............|
00000520  D0 B5 D1 82 2C 20 D1 87 D1 82 D0 BE 20 D0 BF D1  |...., ...... ...|
00000530  80 D0 BE D0 B8 D0 B7 D0 BE D1 88 D0 BB D0 BE 20  |............... |
00000540  D0 BF D1 80 D0 BE D1 88 D0 BB D0 BE D0 B9 20 D0  |.............. .|
00000550  BD D0 BE D1 87 D1 8C D1 8E 20 D0 B2 20 D1 83 D0  |......... .. ...|
00000560  B1 D0 B5 D0 B6 D0 B8 D1 89 D0 B5 12 5D 0A 1F 23  |............]..#|
00000570  73 74 65 61 6D 5F 63 69 74 61 64 65 6C 5F 68 69  |steam_citadel_hi|
00000580  64 65 6F 75 74 5F 68 6F 6D 65 73 69 63 6B 12 3A  |deout_homesick.:|
00000590  D0 96 D0 B0 D0 BB D0 B5 D0 B5 D1 82 2C 20 D1 87  |............, ..|
000005A0  D1 82 D0 BE 20 D0 90 D1 80 D1 80 D0 BE D0 B9 D0  |.... ...........|
000005B0  BE 20 D0 BD D0 B5 D1 82 20 D0 B2 20 D1 83 D0 B1  |. ...... .. ....|
000005C0  D0 B5 D0 B6 D0 B8 D1 89 D0 B5 12 5B 0A 24 23 73  |...........[.$#s|
000005D0  74 65 61 6D 5F 63 69 74 61 64 65 6C 5F 68 69 64  |team_citadel_hid|
000005E0  65 6F 75 74 5F 69 67 6E 6F 72 69 6E 67 5F 6C 61  |eout_ignoring_la|
000005F0  73 68 12 33 D0 98 D0 B3 D0 BD D0 BE D1 80 D0 B8  |sh.3............|
00000600  D1 80 D1 83 D0 B5 D1 82 20 D0 A5 D0 BB D1 8B D1  |........ .......|
00000610  81 D1 82 D0 B0 20 D0 B2 20 D1 83 D0 B1 D0 B5 D0  |..... .. .......|
00000620  B6 D0 B8 D1 89 D0 B5 12 5F 0A 24 23 73 74 65 61  |........_.$#stea|
00000630  6D 5F 63 69 74 61 64 65 6C 5F 68 69 64 65 6F 75  |m_citadel_hideou|
00000640  74 5F 69 6E 76 65 73 74 69 67 61 74 69 6E 67 12  |t_investigating.|
00000650  37 D0 92 D0 B5 D0 B4 D1 91 D1 82 20 D1 80 D0 B0  |7.......... ....|
00000660  D1 81 D1 81 D0 BB D0 B5 D0 B4 D0 BE D0 B2 D0 B0  |................|
00000670  D0 BD D0 B8 D0 B5 20 D0 B2 20 D1 83 D0 B1 D0 B5  |...... .. ......|
00000680  D0 B6 D0 B8 D1 89 D0 B5 12 4F 0A 1D 23 73 74 65  |.........O..#ste|
00000690  61 6D 5F 63 69 74 61 64 65 6C 5F 68 69 64 65 6F  |am_citadel_hideo|
000006A0  75 74 5F 6B 6E 69 76 65 73 12 2E D0 98 D0 B3 D1  |ut_knives.......|
000006B0  80 D0 B0 D0 B5 D1 82 20 D1 81 20 D0 BD D0 BE D0  |....... .. .....|
000006C0  B6 D0 B0 D0 BC D0 B8 20 D0 B2 20 D1 83 D0 B1 D0  |....... .. .....|
000006D0  B5 D0 B6 D0 B8 D1 89 D0 B5 12 4D 0A 1B 23 73 74  |..........M..#st|
000006E0  65 61 6D 5F 63 69 74 61 64 65 6C 5F 68 69 64 65  |eam_citadel_hide|
000006F0  6F 75 74 5F 6C 61 73 68 12 2E D0 94 D1 83 D0 BC  |out_lash........|
00000700  D0 B0 D0 B5 D1 82 20 D0 BE 20 D0 A5 D0 BB D1 8B  |...... .. ......|
00000710  D1 81 D1 82 D0 B5 20 D0 B2 20 D1 83 D0 B1 D0 B5  |...... .. ......|
00000720  D0 B6 D0 B8 D1 89 D0 B5 12 49 0A 1B 23 73 74 65  |.........I..#ste|
00000730  61 6D 5F 63 69 74 61 64 65 6C 5F 68 69 64 65 6F  |am_citadel_hideo|
00000740  75 74 5F 6C 69 66 65 12 2A D0 9F D0 B5 D1 80 D0  |ut_life.*.......|
00000750  B5 D0 BA D1 83 D1 81 D1 8B D0 B2 D0 B0 D0 B5 D1  |................|
00000760  82 20 D0 B2 20 D1 83 D0 B1 D0 B5 D0 B6 D0 B8 D1  |. .. ...........|
00000770  89 D0 B5 12 4F 0A 1F 23 73 74 65 61 6D 5F 63 69  |....O..#steam_ci|
00000780  74 61 64 65 6C 5F 68 69 64 65 6F 75 74 5F 6C 6F  |tadel_hideout_lo|
00000790  75 6E 67 69 6E 67 12 2C D0 91 D0 B5 D0 B7 D0 B4  |unging.,........|
000007A0  D0 B5 D0 BB D1 8C D0 BD D0 B8 D1 87 D0 B0 D0 B5  |................|
000007B0  D1 82 20 D0 B2 20 D1 83 D0 B1 D0 B5 D0 B6 D0 B8  |.. .. ..........|
000007C0  D1 89 D0 B5 12 52 0A 22 23 73 74 65 61 6D 5F 63  |.....R."#steam_c|
000007D0  69 74 61 64 65 6C 5F 68 69 64 65 6F 75 74 5F 6C  |itadel_hideout_l|
000007E0  75 78 75 72 69 61 74 69 6E 67 12 2C D0 A0 D0 BE  |uxuriating.,....|
000007F0  D1 81 D0 BA D0 BE D1 88 D0 B5 D1 81 D1 82 D0 B2  |................|
00000800  D1 83 D0 B5 D1 82 20 D0 B2 20 D1 83 D0 B1 D0 B5  |...... .. ......|
00000810  D0 B6 D0 B8 D1 89 D0 B5 12 49 0A 1C 23 73 74 65  |.........I..#ste|
00000820  61 6D 5F 63 69 74 61 64 65 6C 5F 68 69 64 65 6F  |am_citadel_hideo|
00000830  75 74 5F 6D 61 67 69 63 12 29 D0 A2 D0 B2 D0 BE  |ut_magic.)......|
00000840  D1 80 D0 B8 D1 82 20 D0 BC D0 B0 D0 B3 D0 B8 D1  |...... .........|
00000850  8E 20 D0 B2 20 D1 83 D0 B1 D0 B5 D0 B6 D0 B8 D1  |. .. ...........|
00000860  89 D0 B5 12 43 0A 1F 23 73 74 65 61 6D 5F 63 69  |....C..#steam_ci|
00000870  74 61 64 65 6C 5F 68 69 64 65 6F 75 74 5F 6D 6F  |tadel_hideout_mo|
00000880  75 72 6E 69 6E 67 12 20 D0 A1 D0 BA D0 BE D1 80  |urning. ........|
00000890  D0 B1 D0 B8 D1 82 20 D0 B2 20 D1 83 D0 B1 D0 B5  |...... .. ......|
000008A0  D0 B6 D0 B8 D1 89 D0 B5 12 53 0A 1E 23 73 74 65  |.........S..#ste|
000008B0  61 6D 5F 63 69 74 61 64 65 6C 5F 68 69 64 65 6F  |am_citadel_hideo|
000008C0  75 74 5F 6D 79 73 74 65 72 79 12 31 D0 A0 D0 B0  |ut_mystery.1....|
000008D0  D1 81 D0 BA D1 80 D1 8B D0 B2 D0 B0 D0 B5 D1 82  |................|
000008E0  20 D1 82 D0 B0 D0 B9 D0 BD D1 8B 20 D0 B2 20 D1  | .......... .. .|
000008F0  83 D0 B1 D0 B5 D0 B6 D0 B8 D1 89 D0 B5 12 4C 0A  |..............L.|
00000900  1F 23 73 74 65 61 6D 5F 63 69 74 61 64 65 6C 5F  |.#steam_citadel_|
00000910  68 69 64 65 6F 75 74 5F 70 6C 6F 74 74 69 6E 67  |hideout_plotting|
00000920  12 29 D0 A1 D1 82 D1 80 D0 BE D0 B8 D1 82 20 D0  |.)............ .|
00000930  BA D0 BE D0 B7 D0 BD D0 B8 20 D0 B2 20 D1 83 D0  |......... .. ...|
00000940  B1 D0 B5 D0 B6 D0 B8 D1 89 D0 B5 12 53 0A 24 23  |............S.$#|
00000950  73 74 65 61 6D 5F 63 69 74 61 64 65 6C 5F 68 69  |steam_citadel_hi|
00000960  64 65 6F 75 74 5F 70 6F 6E 74 69 66 69 63 61 74  |deout_pontificat|
00000970  69 6E 67 12 2B D0 A7 D0 B8 D1 82 D0 B0 D0 B5 D1  |ing.+...........|
00000980  82 20 D0 BB D0 B5 D0 BA D1 86 D0 B8 D1 8E 20 D0  |. ............ .|
00000990  B2 20 D1 83 D0 B1 D0 B5 D0 B6 D0 B8 D1 89 D0 B5  |. ..............|
000009A0  12 3F 0A 1B 23 73 74 65 61 6D 5F 63 69 74 61 64  |.?..#steam_citad|
000009B0  65 6C 5F 68 69 64 65 6F 75 74 5F 70 72 61 79 12  |el_hideout_pray.|
000009C0  20 D0 9C D0 BE D0 BB D0 B8 D1 82 D1 81 D1 8F 20  | .............. |
000009D0  D0 B2 20 D1 83 D0 B1 D0 B5 D0 B6 D0 B8 D1 89 D0  |.. .............|
000009E0  B5 12 40 0A 1C 23 73 74 65 61 6D 5F 63 69 74 61  |..@..#steam_cita|
000009F0  64 65 6C 5F 68 69 64 65 6F 75 74 5F 70 72 6F 77  |del_hideout_prow|
00000A00  6C 12 20 D0 A0 D1 8B D1 81 D0 BA D0 B0 D0 B5 D1  |l. .............|
00000A10  82 20 D0 B2 20 D1 83 D0 B1 D0 B5 D0 B6 D0 B8 D1  |. .. ...........|
00000A20  89 D0 B5 12 4B 0A 1C 23 73 74 65 61 6D 5F 63 69  |....K..#steam_ci|
00000A30  74 61 64 65 6C 5F 68 69 64 65 6F 75 74 5F 70 72  |tadel_hideout_pr|
00000A40  75 6E 6F 12 2B D0 93 D0 BE D1 82 D0 BE D0 B2 D0  |uno.+...........|
00000A50  B8 D1 82 20 D0 BF D1 80 D1 83 D0 BD D0 BE 20 D0  |... .......... .|
00000A60  B2 20 D1 83 D0 B1 D0 B5 D0 B6 D0 B8 D1 89 D0 B5  |. ..............|
00000A70  12 4A 0A 1E 23 73 74 65 61 6D 5F 63 69 74 61 64  |.J..#steam_citad|
00000A80  65 6C 5F 68 69 64 65 6F 75 74 5F 72 61 6E 74 69  |el_hideout_ranti|
00000A90  6E 67 12 28 D0 92 D0 BE D0 B7 D0 BC D1 83 D1 89  |ng.(............|
00000AA0  D0 B0 D0 B5 D1 82 D1 81 D1 8F 20 D0 B2 20 D1 83  |.......... .. ..|
00000AB0  D0 B1 D0 B5 D0 B6 D0 B8 D1 89 D0 B5 12 3D 0A 1B  |.............=..|
00000AC0  23 73 74 65 61 6D 5F 63 69 74 61 64 65 6C 5F 68  |#steam_citadel_h|
00000AD0  69 64 65 6F 75 74 5F 72 65 61 64 12 1E D0 A7 D0  |ideout_read.....|
00000AE0  B8 D1 82 D0 B0 D0 B5 D1 82 20 D0 B2 20 D1 83 D0  |......... .. ...|
00000AF0  B1 D0 B5 D0 B6 D0 B8 D1 89 D0 B5 12 52 0A 22 23  |............R."#|
00000B00  73 74 65 61 6D 5F 63 69 74 61 64 65 6C 5F 68 69  |steam_citadel_hi|
00000B10  64 65 6F 75 74 5F 72 65 6D 69 6E 69 73 63 69 6E  |deout_reminiscin|
00000B20  67 12 2C D0 9D D0 BE D1 81 D1 82 D0 B0 D0 BB D1  |g.,.............|
00000B30  8C D0 B3 D0 B8 D1 80 D1 83 D0 B5 D1 82 20 D0 B2  |............. ..|
00000B40  20 D1 83 D0 B1 D0 B5 D0 B6 D0 B8 D1 89 D0 B5 12  | ...............|
00000B50  4C 0A 1F 23 73 74 65 61 6D 5F 63 69 74 61 64 65  |L..#steam_citade|
00000B60  6C 5F 68 69 64 65 6F 75 74 5F 73 63 68 65 6D 69  |l_hideout_schemi|
00000B70  6E 67 12 29 D0 A1 D1 82 D1 80 D0 BE D0 B8 D1 82  |ng.)............|
00000B80  20 D0 BF D0 BB D0 B0 D0 BD D1 8B 20 D0 B2 20 D1  | .......... .. .|
00000B90  83 D0 B1 D0 B5 D0 B6 D0 B8 D1 89 D0 B5 12 50 0A  |..............P.|
00000BA0  1E 23 73 74 65 61 6D 5F 63 69 74 61 64 65 6C 5F  |.#steam_citadel_|
00000BB0  68 69 64 65 6F 75 74 5F 73 65 72 76 69 63 65 12  |hideout_service.|
00000BC0  2E D0 9A 20 D0 B2 D0 B0 D1 88 D0 B8 D0 BC 20 D1  |... .......... .|
00000BD0  83 D1 81 D0 BB D1 83 D0 B3 D0 B0 D0 BC 20 D0 B2  |............. ..|
00000BE0  20 D1 83 D0 B1 D0 B5 D0 B6 D0 B8 D1 89 D0 B5 12  | ...............|
00000BF0  4D 0A 21 23 73 74 65 61 6D 5F 63 69 74 61 64 65  |M.!#steam_citade|
00000C00  6C 5F 68 69 64 65 6F 75 74 5F 73 6C 65 65 70 5F  |l_hideout_sleep_|
00000C10  77 61 6C 6B 12 28 D0 A5 D0 BE D0 B4 D0 B8 D1 82  |walk.(..........|
00000C20  20 D0 B2 D0 BE 20 D1 81 D0 BD D0 B5 20 D0 B2 20  | .... ...... .. |
00000C30  D1 83 D0 B1 D0 B5 D0 B6 D0 B8 D1 89 D0 B5 12 40  |...............@|
00000C40  0A 1E 23 73 74 65 61 6D 5F 63 69 74 61 64 65 6C  |..#steam_citadel|
00000C50  5F 68 69 64 65 6F 75 74 5F 73 75 6C 6B 69 6E 67  |_hideout_sulking|
00000C60  12 1E D0 94 D1 83 D0 B5 D1 82 D1 81 D1 8F 20 D0  |.............. .|
00000C70  B2 20 D1 83 D0 B1 D0 B5 D0 B6 D0 B8 D1 89 D0 B5  |. ..............|
00000C80  12 4B 0A 1F 23 73 74 65 61 6D 5F 63 69 74 61 64  |.K..#steam_citad|
00000C90  65 6C 5F 68 69 64 65 6F 75 74 5F 74 72 61 69 6E  |el_hideout_train|
00000CA0  69 6E 67 12 28 D0 A2 D1 80 D0 B5 D0 BD D0 B8 D1  |ing.(...........|
00000CB0  80 D1 83 D0 B5 D1 82 D1 81 D1 8F 20 D0 B2 20 D1  |........... .. .|
00000CC0  83 D0 B1 D0 B5 D0 B6 D0 B8 D1 89 D0 B5 12 58 0A  |..............X.|
00000CD0  1E 23 73 74 65 61 6D 5F 63 69 74 61 64 65 6C 5F  |.#steam_citadel_|
00000CE0  68 69 64 65 6F 75 74 5F 77 79 6F 6D 69 6E 67 12  |hideout_wyoming.|
00000CF0  36 D0 9C D0 B5 D1 87 D1 82 D0 B0 D0 B5 D1 82 20  |6.............. |
00000D00  D0 BE 20 D0 92 D0 B0 D0 B9 D0 BE D0 BC D0 B8 D0  |.. .............|
00000D10  BD D0 B3 D0 B5 20 D0 B2 20 D1 83 D0 B1 D0 B5 D0  |..... .. .......|
00000D20  B6 D0 B8 D1 89 D0 B5 12 37 0A 15 23 73 74 65 61  |........7..#stea|
00000D30  6D 5F 63 69 74 61 64 65 6C 5F 69 6E 67 61 6D 65  |m_citadel_ingame|
00000D40  12 1E 7B 25 70 61 72 61 6D 31 25 7D 20 20 28 25  |..{%param1%}  (%|
00000D50  70 61 72 61 6D 30 25 20 D0 BC D0 B8 D0 BD 2E 29  |param0% .......)|
00000D60  12 46 0A 1A 23 73 74 65 61 6D 5F 63 69 74 61 64  |.F..#steam_citad|
00000D70  65 6C 5F 69 6E 67 61 6D 65 5F 68 65 72 6F 12 28  |el_ingame_hero.(|
00000D80  7B 25 70 61 72 61 6D 31 25 7D 20 7B 25 70 61 72  |{%param1%} {%par|
00000D90  61 6D 32 25 7D 20 28 25 70 61 72 61 6D 30 25 20  |am2%} (%param0% |
00000DA0  D0 BC D0 B8 D0 BD 2E 29 12 3F 0A 1D 23 73 74 65  |.......).?..#ste|
00000DB0  61 6D 5F 63 69 74 61 64 65 6C 5F 69 6E 67 61 6D  |am_citadel_ingam|
00000DC0  65 5F 73 61 6E 64 62 6F 78 12 1E D0 9F D0 B5 D1  |e_sandbox.......|
00000DD0  81 D0 BE D1 87 D0 BD D0 B8 D1 86 D0 B0 3A 20 7B  |.............: {|
00000DE0  25 70 61 72 61 6D 32 25 7D 12 37 0A 1E 23 73 74  |%param2%}.7..#st|
00000DF0  65 61 6D 5F 63 69 74 61 64 65 6C 5F 72 70 5F 66  |eam_citadel_rp_f|
00000E00  69 6E 64 69 6E 67 6D 61 74 63 68 12 15 D0 9F D0  |indingmatch.....|
00000E10  BE D0 B8 D1 81 D0 BA 20 D0 BC D0 B0 D1 82 D1 87  |....... ........|
00000E20  D0 B0 12 3B 0A 19 23 73 74 65 61 6D 5F 63 69 74  |...;..#steam_cit|
00000E30  61 64 65 6C 5F 72 70 5F 69 6E 70 61 72 74 79 12  |adel_rp_inparty.|
00000E40  1E D0 92 20 D1 83 D0 B1 D0 B5 D0 B6 D0 B8 D1 89  |... ............|
00000E50  D0 B5 20 D0 B3 D1 80 D1 83 D0 BF D0 BF D1 8B 12  |.. .............|
00000E60  35 0A 1A 23 73 74 65 61 6D 5F 63 69 74 61 64 65  |5..#steam_citade|
00000E70  6C 5F 72 70 5F 6D 61 69 6E 6D 65 6E 75 12 17 D0  |l_rp_mainmenu...|
00000E80  93 D0 BB D0 B0 D0 B2 D0 BD D0 BE D0 B5 20 D0 BC  |............. ..|
00000E90  D0 B5 D0 BD D1 8E 12 4D 0A 20 23 73 74 65 61 6D  |.......M. #steam|
00000EA0  5F 63 69 74 61 64 65 6C 5F 72 70 5F 6D 6D 5F 63  |_citadel_rp_mm_c|
00000EB0  61 6C 69 62 72 61 74 69 6F 6E 12 29 D0 9C D0 B0  |alibration.)....|
00000EC0  D1 82 D1 87 20 D0 BD D0 B0 20 D1 80 D0 B0 D1 81  |.... .... ......|
00000ED0  D0 BF D1 80 D0 B5 D0 B4 D0 B5 D0 BB D0 B5 D0 BD  |................|
00000EE0  D0 B8 D0 B5 3A 12 29 0A 1C 23 73 74 65 61 6D 5F  |....:.)..#steam_|
00000EF0  63 69 74 61 64 65 6C 5F 72 70 5F 6D 6D 5F 63 6F  |citadel_rp_mm_co|
00000F00  6F 70 62 6F 74 12 09 D0 91 D0 BE D1 82 D1 8B 3A  |opbot..........:|
00000F10  12 45 0A 1D 23 73 74 65 61 6D 5F 63 69 74 61 64  |.E..#steam_citad|
00000F20  65 6C 5F 72 70 5F 6D 6D 5F 68 65 72 6F 6C 61 62  |el_rp_mm_herolab|
00000F30  73 12 24 D0 9B D0 B0 D0 B1 D0 BE D1 80 D0 B0 D1  |s.$.............|
00000F40  82 D0 BE D1 80 D0 B8 D1 8F 20 D0 B3 D0 B5 D1 80  |......... ......|
00000F50  D0 BE D0 B5 D0 B2 3A 12 30 0A 21 23 73 74 65 61  |......:.0.!#stea|
00000F60  6D 5F 63 69 74 61 64 65 6C 5F 72 70 5F 6D 6D 5F  |m_citadel_rp_mm_|
00000F70  70 72 69 76 61 74 65 6C 6F 62 62 79 12 0B D0 9B  |privatelobby....|
00000F80  D0 BE D0 B1 D0 B1 D0 B8 3A 12 3B 0A 1B 23 73 74  |........:.;..#st|
00000F90  65 61 6D 5F 63 69 74 61 64 65 6C 5F 72 70 5F 6D  |eam_citadel_rp_m|
00000FA0  6D 5F 72 61 6E 6B 65 64 12 1C D0 A0 D0 B0 D0 BD  |m_ranked........|
00000FB0  D0 B3 D0 BE D0 B2 D1 8B D0 B9 20 D1 80 D0 B5 D0  |.......... .....|
00000FC0  B6 D0 B8 D0 BC 3A 12 33 0A 1C 23 73 74 65 61 6D  |.....:.3..#steam|
00000FD0  5F 63 69 74 61 64 65 6C 5F 72 70 5F 6D 6D 5F 73  |_citadel_rp_mm_s|
00000FE0  61 6E 64 62 6F 78 12 13 D0 9F D0 B5 D1 81 D0 BE  |andbox..........|
00000FF0  D1 87 D0 BD D0 B8 D1 86 D0 B0 3A 12 32 0A 1D 23  |..........:.2..#|
00001000  73 74 65 61 6D 5F 63 69 74 61 64 65 6C 5F 72 70  |steam_citadel_rp|
00001010  5F 6D 6D 5F 74 75 74 6F 72 69 61 6C 12 11 D0 9E  |_mm_tutorial....|
00001020  D0 B1 D1 83 D1 87 D0 B5 D0 BD D0 B8 D0 B5 3A 12  |..............:.|
00001030  2A 0A 1D 23 73 74 65 61 6D 5F 63 69 74 61 64 65  |*..#steam_citade|
00001040  6C 5F 72 70 5F 6D 6D 5F 75 6E 72 61 6E 6B 65 64  |l_rp_mm_unranked|
00001050  12 09 44 65 61 64 6C 6F 63 6B 3A 12 27 0A 18 23  |..Deadlock:.'..#|
00001060  73 74 65 61 6D 5F 63 69 74 61 64 65 6C 5F 72 70  |steam_citadel_rp|
00001070  5F 6F 6E 6C 69 6E 65 12 0B D0 92 20 D1 81 D0 B5  |_online.... ....|
00001080  D1 82 D0 B8 12 3D 0A 1D 23 73 74 65 61 6D 5F 63  |.....=..#steam_c|
00001090  69 74 61 64 65 6C 5F 72 70 5F 73 74 72 65 65 74  |itadel_rp_street|
000010A0  62 72 61 77 6C 12 1C D0 A3 D0 BB D0 B8 D1 87 D0  |brawl...........|
000010B0  BD D0 B0 D1 8F 20 D1 81 D1 82 D1 8B D1 87 D0 BA  |..... ..........|
000010C0  D0 B0 3A 12 34 0A 19 23 73 74 65 61 6D 5F 63 69  |..:.4..#steam_ci|
000010D0  74 61 64 65 6C 5F 73 70 65 63 74 61 74 69 6E 67  |tadel_spectating|
000010E0  12 17 D0 A1 D0 BC D0 BE D1 82 D1 80 D0 B8 D1 82  |................|
000010F0  20 D0 BC D0 B0 D1 82 D1 87 12 23 0A 17 23 73 74  | .........#..#st|
00001100  65 61 6D 5F 72 70 5F 68 65 72 6F 5F 61 69 72 68  |eam_rp_hero_airh|
00001110  65 61 72 74 12 08 41 69 72 68 65 61 72 74 12 1F  |eart..Airheart..|
00001120  0A 15 23 73 74 65 61 6D 5F 72 70 5F 68 65 72 6F  |..#steam_rp_hero|
00001130  5F 61 6B 69 6D 62 6F 12 06 41 6B 69 6D 62 6F 12  |_akimbo..Akimbo.|
00001140  27 0A 19 23 73 74 65 61 6D 5F 72 70 5F 68 65 72  |'..#steam_rp_her|
00001150  6F 5F 61 70 6F 63 61 6C 79 70 73 65 12 0A 41 70  |o_apocalypse..Ap|
00001160  6F 63 61 6C 79 70 73 65 12 25 0A 18 23 73 74 65  |ocalypse.%..#ste|
00001170  61 6D 5F 72 70 5F 68 65 72 6F 5F 61 72 63 68 69  |am_rp_hero_archi|
00001180  74 65 63 74 12 09 41 72 63 68 69 74 65 63 74 12  |tect..Architect.|
00001190  23 0A 17 23 73 74 65 61 6D 5F 72 70 5F 68 65 72  |#..#steam_rp_her|
000011A0  6F 5F 61 73 73 61 73 73 69 6E 12 08 41 73 73 61  |o_assassin..Assa|
000011B0  73 73 69 6E 12 28 0A 14 23 73 74 65 61 6D 5F 72  |ssin.(..#steam_r|
000011C0  70 5F 68 65 72 6F 5F 61 73 74 72 6F 12 10 D0 A5  |p_hero_astro....|
000011D0  D0 BE D0 BB D0 BB D0 B8 D0 B4 D0 B5 D0 B9 12 24  |...............$|
000011E0  0A 14 23 73 74 65 61 6D 5F 72 70 5F 68 65 72 6F  |..#steam_rp_hero|
000011F0  5F 61 74 6C 61 73 12 0C D0 90 D0 B1 D1 80 D0 B0  |_atlas..........|
00001200  D0 BC D1 81 12 23 0A 17 23 73 74 65 61 6D 5F 72  |.....#..#steam_r|
00001210  70 5F 68 65 72 6F 5F 62 61 6C 6C 69 73 74 61 12  |p_hero_ballista.|
00001220  08 42 61 6C 6C 69 73 74 61 12 22 0A 14 23 73 74  |.Ballista."..#st|
00001230  65 61 6D 5F 72 70 5F 68 65 72 6F 5F 62 65 62 6F  |eam_rp_hero_bebo|
00001240  70 12 0A D0 91 D0 B8 D0 B1 D0 BE D0 BF 12 1F 0A  |p...............|
00001250  15 23 73 74 65 61 6D 5F 72 70 5F 68 65 72 6F 5F  |.#steam_rp_hero_|
00001260  62 6F 6D 62 65 72 12 06 42 6F 6D 62 65 72 12 25  |bomber..Bomber.%|
00001270  0A 17 23 73 74 65 61 6D 5F 72 70 5F 68 65 72 6F  |..#steam_rp_hero|
00001280  5F 62 6F 6F 6B 77 6F 72 6D 12 0A D0 9F D0 B5 D0  |_bookworm.......|
00001290  B9 D0 B4 D0 B6 12 21 0A 16 23 73 74 65 61 6D 5F  |......!..#steam_|
000012A0  72 70 5F 68 65 72 6F 5F 63 61 64 65 6E 63 65 12  |rp_hero_cadence.|
000012B0  07 43 61 64 65 6E 63 65 12 29 0A 15 23 73 74 65  |.Cadence.)..#ste|
000012C0  61 6D 5F 72 70 5F 68 65 72 6F 5F 63 68 72 6F 6E  |am_rp_hero_chron|
000012D0  6F 12 10 D0 9F D0 B0 D1 80 D0 B0 D0 B4 D0 BE D0  |o...............|
000012E0  BA D1 81 12 23 0A 17 23 73 74 65 61 6D 5F 72 70  |....#..#steam_rp|
000012F0  5F 68 65 72 6F 5F 63 6C 61 77 64 72 69 6C 12 08  |_hero_clawdril..|
00001300  43 6C 61 77 64 72 69 6C 12 26 0A 18 23 73 74 65  |Clawdril.&..#ste|
00001310  61 6D 5F 72 70 5F 68 65 72 6F 5F 63 6F 6C 64 6D  |am_rp_hero_coldm|
00001320  65 74 61 6C 12 0A 43 6F 6C 64 20 4D 65 74 61 6C  |etal..Cold Metal|
00001330  12 1F 0A 15 23 73 74 65 61 6D 5F 72 70 5F 68 65  |....#steam_rp_he|
00001340  72 6F 5F 63 6F 77 62 6F 79 12 06 43 6F 77 62 6F  |ro_cowboy..Cowbo|
00001350  79 12 2C 0A 16 23 73 74 65 61 6D 5F 72 70 5F 68  |y.,..#steam_rp_h|
00001360  65 72 6F 5F 64 65 6D 6F 6D 61 6E 12 12 44 65 6D  |ero_demoman..Dem|
00001370  6F 6C 69 74 69 6F 6E 73 20 45 78 70 65 72 74 12  |olitions Expert.|
00001380  28 0A 16 23 73 74 65 61 6D 5F 72 70 5F 68 65 72  |(..#steam_rp_her|
00001390  6F 5F 64 6F 6F 72 6D 61 6E 12 0E D0 A8 D0 B2 D0  |o_doorman.......|
000013A0  B5 D0 B9 D1 86 D0 B0 D1 80 12 2A 0A 16 23 73 74  |..........*..#st|
000013B0  65 61 6D 5F 72 70 5F 68 65 72 6F 5F 64 72 69 66  |eam_rp_hero_drif|
000013C0  74 65 72 12 10 D0 A1 D0 BA D0 B8 D1 82 D0 B0 D0  |ter.............|
000013D0  BB D0 B5 D1 86 12 1D 0A 14 23 73 74 65 61 6D 5F  |.........#steam_|
000013E0  72 70 5F 68 65 72 6F 5F 64 72 75 69 64 12 05 44  |rp_hero_druid..D|
000013F0  72 75 69 64 12 19 0A 12 23 73 74 65 61 6D 5F 72  |ruid....#steam_r|
00001400  70 5F 68 65 72 6F 5F 64 75 6F 12 03 44 75 6F 12  |p_hero_duo..Duo.|
00001410  25 0A 15 23 73 74 65 61 6D 5F 72 70 5F 68 65 72  |%..#steam_rp_her|
00001420  6F 5F 64 79 6E 61 6D 6F 12 0C D0 94 D0 B8 D0 BD  |o_dynamo........|
00001430  D0 B0 D0 BC D0 BE 12 23 0A 17 23 73 74 65 61 6D  |.......#..#steam|
00001440  5F 72 70 5F 68 65 72 6F 5F 66 61 6D 69 6C 69 61  |_rp_hero_familia|
00001450  72 12 08 D0 94 D1 80 D1 91 D0 BC 12 27 0A 15 23  |r...........'..#|
00001460  73 74 65 61 6D 5F 72 70 5F 68 65 72 6F 5F 66 65  |steam_rp_hero_fe|
00001470  6E 63 65 72 12 0E D0 90 D0 BF D0 BE D0 BB D0 BB  |ncer............|
00001480  D0 BE D0 BD 12 2A 0A 14 23 73 74 65 61 6D 5F 72  |.....*..#steam_r|
00001490  70 5F 68 65 72 6F 5F 66 6F 72 67 65 12 12 D0 9C  |p_hero_forge....|
000014A0  D0 B0 D0 BA D0 B3 D0 B8 D0 BD D0 BD D0 B8 D1 81  |................|
000014B0  12 21 0A 16 23 73 74 65 61 6D 5F 72 70 5F 68 65  |.!..#steam_rp_he|
000014C0  72 6F 5F 66 6F 72 74 75 6E 61 12 07 46 6F 72 74  |ro_fortuna..Fort|
000014D0  75 6E 61 12 24 0A 14 23 73 74 65 61 6D 5F 72 70  |una.$..#steam_rp|
000014E0  5F 68 65 72 6F 5F 66 72 61 6E 6B 12 0C D0 92 D0  |_hero_frank.....|
000014F0  B8 D0 BA D1 82 D0 BE D1 80 12 25 0A 18 23 73 74  |..........%..#st|
00001500  65 61 6D 5F 72 70 5F 68 65 72 6F 5F 67 61 64 67  |eam_rp_hero_gadg|
00001510  65 74 65 65 72 12 09 47 61 64 67 65 74 65 65 72  |eteer..Gadgeteer|
00001520  12 26 0A 18 23 73 74 65 61 6D 5F 72 70 5F 68 65  |.&..#steam_rp_he|
00001530  72 6F 5F 67 61 64 67 65 74 6D 61 6E 12 0A 47 61  |ro_gadgetman..Ga|
00001540  64 67 65 74 20 4D 61 6E 12 2E 0A 1C 23 73 74 65  |dget Man....#ste|
00001550  61 6D 5F 72 70 5F 68 65 72 6F 5F 67 65 6E 65 72  |am_rp_hero_gener|
00001560  69 63 70 65 72 73 6F 6E 12 0E 47 65 6E 65 72 69  |icperson..Generi|
00001570  63 20 50 65 72 73 6F 6E 12 2B 0A 14 23 73 74 65  |c Person.+..#ste|
00001580  61 6D 5F 72 70 5F 68 65 72 6F 5F 67 68 6F 73 74  |am_rp_hero_ghost|
00001590  12 13 D0 9B D0 B5 D0 B4 D0 B8 20 D0 93 D0 B0 D0  |.......... .....|
000015A0  B9 D1 81 D1 82 12 23 0A 17 23 73 74 65 61 6D 5F  |......#..#steam_|
000015B0  72 70 5F 68 65 72 6F 5F 67 69 67 61 77 61 74 74  |rp_hero_gigawatt|
000015C0  12 08 D0 A1 D0 B5 D0 BC D1 8C 12 1F 0A 15 23 73  |..............#s|
000015D0  74 65 61 6D 5F 72 70 5F 68 65 72 6F 5F 67 6C 69  |team_rp_hero_gli|
000015E0  64 65 72 12 06 47 6C 69 64 65 72 12 1B 0A 13 23  |der..Glider....#|
000015F0  73 74 65 61 6D 5F 72 70 5F 68 65 72 6F 5F 67 72  |steam_rp_hero_gr|
00001600  61 66 12 04 47 72 61 66 12 1F 0A 15 23 73 74 65  |af..Graf....#ste|
00001610  61 6D 5F 72 70 5F 68 65 72 6F 5F 67 75 6E 6E 65  |am_rp_hero_gunne|
00001620  72 12 06 47 75 6E 6E 65 72 12 27 0A 19 23 73 74  |r..Gunner.'..#st|
00001630  65 61 6D 5F 72 70 5F 68 65 72 6F 5F 67 75 6E 73  |eam_rp_hero_guns|
00001640  6C 69 6E 67 65 72 12 0A 47 75 6E 73 6C 69 6E 67  |linger..Gunsling|
00001650  65 72 12 23 0A 13 23 73 74 65 61 6D 5F 72 70 5F  |er.#..#steam_rp_|
00001660  68 65 72 6F 5F 68 61 7A 65 12 0C D0 9F D0 B5 D0  |hero_haze.......|
00001670  BB D0 B5 D0 BD D0 B0 12 1F 0A 15 23 73 74 65 61  |...........#stea|
00001680  6D 5F 72 70 5F 68 65 72 6F 5F 68 69 6A 61 63 6B  |m_rp_hero_hijack|
00001690  12 06 48 69 6A 61 63 6B 12 29 0A 15 23 73 74 65  |..Hijack.)..#ste|
000016A0  61 6D 5F 72 70 5F 68 65 72 6F 5F 68 6F 72 6E 65  |am_rp_hero_horne|
000016B0  74 12 10 D0 92 D0 B8 D0 BD D0 B4 D0 B8 D0 BA D1  |t...............|
000016C0  82 D0 B0 12 2A 0A 16 23 73 74 65 61 6D 5F 72 70  |....*..#steam_rp|
000016D0  5F 68 65 72 6F 5F 69 6E 66 65 72 6E 6F 12 10 D0  |_hero_inferno...|
000016E0  98 D0 BD D1 84 D0 B5 D1 80 D0 BD D1 83 D1 81 12  |................|
000016F0  1B 0A 13 23 73 74 65 61 6D 5F 72 70 5F 68 65 72  |...#steam_rp_her|
00001700  6F 5F 6B 61 6C 69 12 04 4B 61 6C 69 12 27 0A 15  |o_kali..Kali.'..|
00001710  23 73 74 65 61 6D 5F 72 70 5F 68 65 72 6F 5F 6B  |#steam_rp_hero_k|
00001720  65 6C 76 69 6E 12 0E D0 9A D0 B5 D0 BB D1 8C D0  |elvin...........|
00001730  B2 D0 B8 D0 BD 12 2C 0A 14 23 73 74 65 61 6D 5F  |......,..#steam_|
00001740  72 70 5F 68 65 72 6F 5F 6B 72 69 6C 6C 12 14 D0  |rp_hero_krill...|
00001750  9C D0 BE 20 D0 B8 20 D0 9C D0 B5 D0 BB D0 BA D0  |... .. .........|
00001760  B8 D0 B9 12 21 0A 13 23 73 74 65 61 6D 5F 72 70  |....!..#steam_rp|
00001770  5F 68 65 72 6F 5F 6C 61 73 68 12 0A D0 A5 D0 BB  |_hero_lash......|
00001780  D1 8B D1 81 D1 82 12 29 0A 17 23 73 74 65 61 6D  |.......)..#steam|
00001790  5F 72 70 5F 68 65 72 6F 5F 6D 61 67 69 63 69 61  |_rp_hero_magicia|
000017A0  6E 12 0E D0 A1 D0 B8 D0 BD D0 BA D0 BB D0 B5 D1  |n...............|
000017B0  80 12 24 0A 17 23 73 74 65 61 6D 5F 72 70 5F 68  |..$..#steam_rp_h|
000017C0  65 72 6F 5F 6D 65 63 68 61 67 75 79 12 09 4D 65  |ero_mechaguy..Me|
000017D0  63 68 61 20 47 75 79 12 23 0A 15 23 73 74 65 61  |cha Guy.#..#stea|
000017E0  6D 5F 72 70 5F 68 65 72 6F 5F 6D 69 72 61 67 65  |m_rp_hero_mirage|
000017F0  12 0A D0 9C D0 B8 D1 80 D0 B0 D0 B6 12 23 0A 13  |.............#..|
00001800  23 73 74 65 61 6D 5F 72 70 5F 68 65 72 6F 5F 6E  |#steam_rp_hero_n|
00001810  61 6E 6F 12 0C D0 9A D0 B0 D0 BB D0 B8 D0 BA D0  |ano.............|
00001820  BE 12 24 0A 14 23 73 74 65 61 6D 5F 72 70 5F 68  |..$..#steam_rp_h|
00001830  65 72 6F 5F 6E 65 63 72 6F 12 0C D0 93 D1 80 D0  |ero_necro.......|
00001840  B5 D0 B9 D0 B2 D1 81 12 1D 0A 14 23 73 74 65 61  |...........#stea|
00001850  6D 5F 72 70 5F 68 65 72 6F 5F 6F 70 65 72 61 12  |m_rp_hero_opera.|
00001860  05 4F 70 65 72 61 12 26 0A 18 23 73 74 65 61 6D  |.Opera.&..#steam|
00001870  5F 72 70 5F 68 65 72 6F 5F 6F 70 65 72 61 74 69  |_rp_hero_operati|
00001880  76 65 12 0A D0 92 D0 BE D1 80 D0 BE D0 BD 12 2F  |ve............./|
00001890  0A 14 23 73 74 65 61 6D 5F 72 70 5F 68 65 72 6F  |..#steam_rp_hero|
000018A0  5F 6F 72 69 6F 6E 12 17 D0 A1 D0 B5 D1 80 D1 8B  |_orion..........|
000018B0  D0 B9 20 D0 9A D0 BE D0 B3 D0 BE D1 82 D1 8C 12  |.. .............|
000018C0  21 0A 16 23 73 74 65 61 6D 5F 72 70 5F 68 65 72  |!..#steam_rp_her|
000018D0  6F 5F 70 68 61 6C 61 6E 78 12 07 50 68 61 6C 61  |o_phalanx..Phala|
000018E0  6E 78 12 20 0A 16 23 73 74 65 61 6D 5F 72 70 5F  |nx. ..#steam_rp_|
000018F0  68 65 72 6F 5F 70 68 6F 65 6E 69 78 12 06 47 75  |hero_phoenix..Gu|
00001900  6E 6E 65 72 12 27 0A 15 23 73 74 65 61 6D 5F 72  |nner.'..#steam_r|
00001910  70 5F 68 65 72 6F 5F 70 72 69 65 73 74 12 0E D0  |p_hero_priest...|
00001920  92 D0 B5 D0 BD D0 B0 D1 82 D0 BE D1 80 12 25 0A  |..............%.|
00001930  17 23 73 74 65 61 6D 5F 72 70 5F 68 65 72 6F 5F  |.#steam_rp_hero_|
00001940  70 75 6E 6B 67 6F 61 74 12 0A D0 91 D0 B8 D0 BB  |punkgoat........|
00001950  D0 BB D0 B8 12 23 0A 17 23 73 74 65 61 6D 5F 72  |.....#..#steam_r|
00001960  70 5F 68 65 72 6F 5F 72 65 76 65 6E 61 6E 74 12  |p_hero_revenant.|
00001970  08 52 65 76 65 6E 61 6E 74 12 1F 0A 15 23 73 74  |.Revenant....#st|
00001980  65 61 6D 5F 72 70 5F 68 65 72 6F 5F 72 75 74 67  |eam_rp_hero_rutg|
00001990  65 72 12 06 52 75 74 67 65 72 12 1F 0A 15 23 73  |er..Rutger....#s|
000019A0  74 65 61 6D 5F 72 70 5F 68 65 72 6F 5F 73 61 70  |team_rp_hero_sap|
000019B0  70 65 72 12 06 53 61 70 70 65 72 12 26 0A 18 23  |per..Sapper.&..#|
000019C0  73 74 65 61 6D 5F 72 70 5F 68 65 72 6F 5F 73 68  |steam_rp_hero_sh|
000019D0  69 65 6C 64 67 75 79 12 0A 53 68 69 65 6C 64 20  |ieldguy..Shield |
000019E0  47 75 79 12 25 0A 13 23 73 74 65 61 6D 5F 72 70  |Guy.%..#steam_rp|
000019F0  5F 68 65 72 6F 5F 73 68 69 76 12 0E D0 97 D0 B0  |_hero_shiv......|
00001A00  D1 82 D0 BE D1 87 D0 BA D0 B0 12 22 0A 16 23 73  |..........."..#s|
00001A10  74 65 61 6D 5F 72 70 5F 68 65 72 6F 5F 73 6B 79  |team_rp_hero_sky|
00001A20  6D 6F 6E 6B 12 08 53 6B 79 20 4D 6F 6E 6B 12 25  |monk..Sky Monk.%|
00001A30  0A 18 23 73 74 65 61 6D 5F 72 70 5F 68 65 72 6F  |..#steam_rp_hero|
00001A40  5F 73 6C 69 6E 67 73 68 6F 74 12 09 53 6C 69 6E  |_slingshot..Slin|
00001A50  67 73 68 6F 74 12 22 0A 14 23 73 74 65 61 6D 5F  |gshot."..#steam_|
00001A60  72 70 5F 68 65 72 6F 5F 73 6C 6F 72 6B 12 0A D0  |rp_hero_slork...|
00001A70  A4 D0 B0 D1 82 D0 BE D0 BC 12 1D 0A 14 23 73 74  |.............#st|
00001A80  65 61 6D 5F 72 70 5F 68 65 72 6F 5F 73 70 61 64  |eam_rp_hero_spad|
00001A90  65 12 05 53 70 61 64 65 12 24 0A 14 23 73 74 65  |e..Spade.$..#ste|
00001AA0  61 6D 5F 72 70 5F 68 65 72 6F 5F 73 79 6E 74 68  |am_rp_hero_synth|
00001AB0  12 0C D0 9A D0 B0 D1 80 D0 BC D0 B0 D0 BD 12 39  |...............9|
00001AC0  0A 1A 23 73 74 65 61 6D 5F 72 70 5F 68 65 72 6F  |..#steam_rp_hero|
00001AD0  5F 74 61 72 67 65 74 64 75 6D 6D 79 12 1B D0 9C  |_targetdummy....|
00001AE0  D0 B0 D0 BD D0 B5 D0 BA D0 B5 D0 BD 2D D0 BC D0  |............-...|
00001AF0  B8 D1 88 D0 B5 D0 BD D1 8C 12 21 0A 16 23 73 74  |..........!..#st|
00001B00  65 61 6D 5F 72 70 5F 68 65 72 6F 5F 74 65 6D 70  |eam_rp_hero_temp|
00001B10  65 73 74 12 07 54 65 6D 70 65 73 74 12 24 0A 14  |est..Tempest.$..|
00001B20  23 73 74 65 61 6D 5F 72 70 5F 68 65 72 6F 5F 74  |#steam_rp_hero_t|
00001B30  65 6E 67 75 12 0C D0 9F D0 BB D1 8E D1 89 D0 B8  |engu............|
00001B40  D0 BA 12 32 0A 13 23 73 74 65 61 6D 5F 72 70 5F  |...2..#steam_rp_|
00001B50  68 65 72 6F 5F 74 65 73 74 12 1B D0 A2 D0 B5 D1  |hero_test.......|
00001B60  81 D1 82 D0 BE D0 B2 D1 8B D0 B9 20 D0 B3 D0 B5  |........... ....|
00001B70  D1 80 D0 BE D0 B9 12 21 0A 16 23 73 74 65 61 6D  |.......!..#steam|
00001B80  5F 72 70 5F 68 65 72 6F 5F 74 68 75 6D 70 65 72  |_rp_hero_thumper|
00001B90  12 07 54 68 75 6D 70 65 72 12 21 0A 16 23 73 74  |..Thumper.!..#st|
00001BA0  65 61 6D 5F 72 70 5F 68 65 72 6F 5F 74 6F 6B 61  |eam_rp_hero_toka|
00001BB0  6D 61 6B 12 07 54 6F 6B 61 6D 61 6B 12 24 0A 16  |mak..Tokamak.$..|
00001BC0  23 73 74 65 61 6D 5F 72 70 5F 68 65 72 6F 5F 74  |#steam_rp_hero_t|
00001BD0  72 61 70 70 65 72 12 0A D0 9B D0 BE D0 B2 D0 B5  |rapper..........|
00001BE0  D1 86 12 28 0A 16 23 73 74 65 61 6D 5F 72 70 5F  |...(..#steam_rp_|
00001BF0  68 65 72 6F 5F 75 6E 69 63 6F 72 6E 12 0E D0 A1  |hero_unicorn....|
00001C00  D0 B5 D0 BB D0 B5 D1 81 D1 82 D0 B0 12 21 0A 16  |.............!..|
00001C10  23 73 74 65 61 6D 5F 72 70 5F 68 65 72 6F 5F 76  |#steam_rp_hero_v|
00001C20  61 6D 70 69 72 65 12 07 56 61 6D 70 69 72 65 12  |ampire..Vampire.|
00001C30  25 0A 19 23 73 74 65 61 6D 5F 72 70 5F 68 65 72  |%..#steam_rp_her|
00001C40  6F 5F 76 61 6D 70 69 72 65 62 61 74 12 08 D0 9C  |o_vampirebat....|
00001C50  D0 B8 D0 BD D0 B0 12 25 0A 15 23 73 74 65 61 6D  |.......%..#steam|
00001C60  5F 72 70 5F 68 65 72 6F 5F 76 61 6E 64 61 6C 12  |_rp_hero_vandal.|
00001C70  0C D0 92 D0 B0 D0 BD D0 B4 D0 B0 D0 BB 12 24 0A  |..............$.|
00001C80  14 23 73 74 65 61 6D 5F 72 70 5F 68 65 72 6F 5F  |.#steam_rp_hero_|
00001C90  76 69 70 65 72 12 0C D0 93 D0 B0 D0 B4 D1 8E D0  |viper...........|
00001CA0  BA D0 B0 12 26 0A 16 23 73 74 65 61 6D 5F 72 70  |....&..#steam_rp|
00001CB0  5F 68 65 72 6F 5F 76 69 73 63 6F 75 73 12 0C D0  |_hero_viscous...|
00001CC0  92 D1 8F D0 B7 D0 BA D1 83 D1 81 12 29 0A 15 23  |............)..#|
00001CD0  73 74 65 61 6D 5F 72 70 5F 68 65 72 6F 5F 77 61  |steam_rp_hero_wa|
00001CE0  72 64 65 6E 12 10 D0 94 D0 BE D0 B7 D0 BE D1 80  |rden............|
00001CF0  D0 BD D1 8B D0 B9 12 29 0A 17 23 73 74 65 61 6D  |.......)..#steam|
00001D00  5F 72 70 5F 68 65 72 6F 5F 77 65 72 65 77 6F 6C  |_rp_hero_werewol|
00001D10  66 12 0E D0 A1 D0 B8 D0 BB D1 8C D0 B2 D0 B5 D1  |f...............|
00001D20  80 12 21 0A 15 23 73 74 65 61 6D 5F 72 70 5F 68  |..!..#steam_rp_h|
00001D30  65 72 6F 5F 77 72 61 69 74 68 12 08 D0 A2 D0 B5  |ero_wraith......|
00001D40  D0 BD D1 8C 12 2C 0A 16 23 73 74 65 61 6D 5F 72  |.....,..#steam_r|
00001D50  70 5F 68 65 72 6F 5F 77 72 65 63 6B 65 72 12 12  |p_hero_wrecker..|
00001D60  D0 9A D1 80 D1 83 D1 88 D0 B8 D1 82 D0 B5 D0 BB  |................|
00001D70  D1 8C 12 21 0A 15 23 73 74 65 61 6D 5F 72 70 5F  |...!..#steam_rp_|
00001D80  68 65 72 6F 5F 79 61 6B 75 7A 61 12 08 54 68 65  |hero_yakuza..The|
00001D90  20 42 6F 73 73 12 23 0A 15 23 73 74 65 61 6D 5F  | Boss.#..#steam_|
00001DA0  72 70 5F 68 65 72 6F 5F 79 61 6D 61 74 6F 12 0A  |rp_hero_yamato..|
00001DB0  D0 AF D0 BC D0 B0 D1 82 D0 BE 12 1F 0A 15 23 73  |..............#s|
00001DC0  74 65 61 6D 5F 72 70 5F 68 65 72 6F 5F 7A 65 61  |team_rp_hero_zea|
00001DD0  6C 6F 74 12 06 5A 65 61 6C 6F 74 12 FA 31 0A 07  |lot..Zealot..1..|
00001DE0  65 6E 67 6C 69 73 68 12 3D 0A 1A 23 73 74 65 61  |english.=..#stea|
00001DF0  6D 5F 63 69 74 61 64 65 6C 5F 68 69 64 65 6F 75  |m_citadel_hideou|
00001E00  74 5F 61 76 61 12 1F 50 6C 61 79 69 6E 67 20 57  |t_ava..Playing W|
00001E10  69 74 68 20 41 76 61 20 69 6E 20 74 68 65 20 48  |ith Ava in the H|
00001E20  69 64 65 6F 75 74 12 42 0A 1C 23 73 74 65 61 6D  |ideout.B..#steam|
00001E30  5F 63 69 74 61 64 65 6C 5F 68 69 64 65 6F 75 74  |_citadel_hideout|
00001E40  5F 62 6C 65 73 73 12 22 42 6C 65 73 73 69 6E 67  |_bless."Blessing|
00001E50  20 41 6D 6D 75 6E 69 74 69 6F 6E 20 69 6E 20 74  | Ammunition in t|
00001E60  68 65 20 48 69 64 65 6F 75 74 12 3A 0A 1F 23 73  |he Hideout.:..#s|
00001E70  74 65 61 6D 5F 63 69 74 61 64 65 6C 5F 68 69 64  |team_citadel_hid|
00001E80  65 6F 75 74 5F 62 72 6F 6F 64 69 6E 67 12 17 42  |eout_brooding..B|
00001E90  72 6F 6F 64 69 6E 67 20 69 6E 20 74 68 65 20 48  |rooding in the H|
00001EA0  69 64 65 6F 75 74 12 37 0A 1C 23 73 74 65 61 6D  |ideout.7..#steam|
00001EB0  5F 63 69 74 61 64 65 6C 5F 68 69 64 65 6F 75 74  |_citadel_hideout|
00001EC0  5F 63 61 72 64 73 12 17 47 61 6D 62 6C 69 6E 67  |_cards..Gambling|
00001ED0  20 69 6E 20 74 68 65 20 48 69 64 65 6F 75 74 12  | in the Hideout.|
00001EE0  3A 0A 1F 23 73 74 65 61 6D 5F 63 69 74 61 64 65  |:..#steam_citade|
00001EF0  6C 5F 68 69 64 65 6F 75 74 5F 63 68 69 6C 6C 69  |l_hideout_chilli|
00001F00  6E 67 12 17 43 68 69 6C 6C 69 6E 67 20 69 6E 20  |ng..Chilling in |
00001F10  74 68 65 20 48 69 64 65 6F 75 74 12 40 0A 20 23  |the Hideout.@. #|
00001F20  73 74 65 61 6D 5F 63 69 74 61 64 65 6C 5F 68 69  |steam_citadel_hi|
00001F30  64 65 6F 75 74 5F 63 6F 63 6B 74 61 69 6C 73 12  |deout_cocktails.|
00001F40  1C 4D 69 78 69 6E 67 20 44 72 69 6E 6B 73 20 69  |.Mixing Drinks i|
00001F50  6E 20 74 68 65 20 48 69 64 65 6F 75 74 12 3F 0A  |n the Hideout.?.|
00001F60  1B 23 73 74 65 61 6D 5F 63 69 74 61 64 65 6C 5F  |.#steam_citadel_|
00001F70  68 69 64 65 6F 75 74 5F 63 75 62 65 12 20 57 69  |hideout_cube. Wi|
00001F80  73 68 69 6E 67 20 74 68 65 20 48 69 64 65 6F 75  |shing the Hideou|
00001F90  74 20 77 61 73 20 54 68 65 20 43 75 62 65 12 43  |t was The Cube.C|
00001FA0  0A 1B 23 73 74 65 61 6D 5F 63 69 74 61 64 65 6C  |..#steam_citadel|
00001FB0  5F 68 69 64 65 6F 75 74 5F 64 65 61 64 12 24 50  |_hideout_dead.$P|
00001FC0  6C 61 79 69 6E 67 20 57 69 74 68 20 54 68 65 20  |laying With The |
00001FD0  44 65 61 64 20 69 6E 20 74 68 65 20 48 69 64 65  |Dead in the Hide|
00001FE0  6F 75 74 12 39 0A 1E 23 73 74 65 61 6D 5F 63 69  |out.9..#steam_ci|
00001FF0  74 61 64 65 6C 5F 68 69 64 65 6F 75 74 5F 64 65  |tadel_hideout_de|
00002000  66 61 75 6C 74 12 17 52 65 6C 61 78 69 6E 67 20  |fault..Relaxing |
00002010  69 6E 20 74 68 65 20 48 69 64 65 6F 75 74 12 43  |in the Hideout.C|
00002020  0A 1D 23 73 74 65 61 6D 5F 63 69 74 61 64 65 6C  |..#steam_citadel|
00002030  5F 68 69 64 65 6F 75 74 5F 64 72 65 61 6D 73 12  |_hideout_dreams.|
00002040  22 48 61 76 69 6E 67 20 53 77 65 65 74 20 44 72  |"Having Sweet Dr|
00002050  65 61 6D 73 20 69 6E 20 74 68 65 20 48 69 64 65  |eams in the Hide|
00002060  6F 75 74 12 3E 0A 22 23 73 74 65 61 6D 5F 63 69  |out.>."#steam_ci|
00002070  74 61 64 65 6C 5F 68 69 64 65 6F 75 74 5F 65 6E  |tadel_hideout_en|
00002080  67 69 6E 65 65 72 69 6E 67 12 18 54 69 6E 6B 65  |gineering..Tinke|
00002090  72 69 6E 67 20 69 6E 20 74 68 65 20 48 69 64 65  |ring in the Hide|
000020A0  6F 75 74 12 40 0A 1F 23 73 74 65 61 6D 5F 63 69  |out.@..#steam_ci|
000020B0  74 61 64 65 6C 5F 68 69 64 65 6F 75 74 5F 66 61  |tadel_hideout_fa|
000020C0  62 75 6C 6F 75 73 12 1D 42 65 69 6E 67 20 46 61  |bulous..Being Fa|
000020D0  62 75 6C 6F 75 73 20 69 6E 20 74 68 65 20 48 69  |bulous in the Hi|
000020E0  64 65 6F 75 74 12 4B 0A 1D 23 73 74 65 61 6D 5F  |deout.K..#steam_|
000020F0  63 69 74 61 64 65 6C 5F 68 69 64 65 6F 75 74 5F  |citadel_hideout_|
00002100  66 65 6E 63 65 72 12 2A 53 74 72 69 76 69 6E 67  |fencer.*Striving|
00002110  20 54 6F 77 61 72 64 73 20 50 65 72 66 65 63 74  | Towards Perfect|
00002120  69 6F 6E 20 69 6E 20 74 68 65 20 48 69 64 65 6F  |ion in the Hideo|
00002130  75 74 12 44 0A 1E 23 73 74 65 61 6D 5F 63 69 74  |ut.D..#steam_cit|
00002140  61 64 65 6C 5F 68 69 64 65 6F 75 74 5F 67 6C 69  |adel_hideout_gli|
00002150  74 74 65 72 12 22 43 6C 65 61 6E 69 6E 67 20 55  |tter."Cleaning U|
00002160  70 20 47 6C 69 74 74 65 72 20 69 6E 20 74 68 65  |p Glitter in the|
00002170  20 48 69 64 65 6F 75 74 12 57 0A 1F 23 73 74 65  | Hideout.W..#ste|
00002180  61 6D 5F 63 69 74 61 64 65 6C 5F 68 69 64 65 6F  |am_citadel_hideo|
00002190  75 74 5F 68 61 6E 67 6F 76 65 72 12 34 46 69 67  |ut_hangover.4Fig|
000021A0  75 72 69 6E 67 20 4F 75 74 20 57 68 61 74 20 48  |uring Out What H|
000021B0  61 70 70 65 6E 65 64 20 4C 61 73 74 20 4E 69 67  |appened Last Nig|
000021C0  68 74 20 69 6E 20 74 68 65 20 48 69 64 65 6F 75  |ht in the Hideou|
000021D0  74 12 4A 0A 1F 23 73 74 65 61 6D 5F 63 69 74 61  |t.J..#steam_cita|
000021E0  64 65 6C 5F 68 69 64 65 6F 75 74 5F 68 6F 6D 65  |del_hideout_home|
000021F0  73 69 63 6B 12 27 57 69 73 68 69 6E 67 20 74 68  |sick.'Wishing th|
00002200  65 20 41 72 72 6F 79 6F 73 20 77 65 72 65 20 69  |e Arroyos were i|
00002210  6E 20 74 68 65 20 48 69 64 65 6F 75 74 12 44 0A  |n the Hideout.D.|
00002220  24 23 73 74 65 61 6D 5F 63 69 74 61 64 65 6C 5F  |$#steam_citadel_|
00002230  68 69 64 65 6F 75 74 5F 69 67 6E 6F 72 69 6E 67  |hideout_ignoring|
00002240  5F 6C 61 73 68 12 1C 49 67 6E 6F 72 69 6E 67 20  |_lash..Ignoring |
00002250  4C 61 73 68 20 69 6E 20 74 68 65 20 48 69 64 65  |Lash in the Hide|
00002260  6F 75 74 12 41 0A 24 23 73 74 65 61 6D 5F 63 69  |out.A.$#steam_ci|
00002270  74 61 64 65 6C 5F 68 69 64 65 6F 75 74 5F 69 6E  |tadel_hideout_in|
00002280  76 65 73 74 69 67 61 74 69 6E 67 12 19 49 6E 76  |vestigating..Inv|
00002290  65 73 74 69 67 61 74 69 6E 67 20 74 68 65 20 48  |estigating the H|
000022A0  69 64 65 6F 75 74 12 43 0A 1D 23 73 74 65 61 6D  |ideout.C..#steam|
000022B0  5F 63 69 74 61 64 65 6C 5F 68 69 64 65 6F 75 74  |_citadel_hideout|
000022C0  5F 6B 6E 69 76 65 73 12 22 50 6C 61 79 69 6E 67  |_knives."Playing|
000022D0  20 57 69 74 68 20 4B 6E 69 76 65 73 20 69 6E 20  | With Knives in |
000022E0  74 68 65 20 48 69 64 65 6F 75 74 12 41 0A 1B 23  |the Hideout.A..#|
000022F0  73 74 65 61 6D 5F 63 69 74 61 64 65 6C 5F 68 69  |steam_citadel_hi|
00002300  64 65 6F 75 74 5F 6C 61 73 68 12 22 54 68 69 6E  |deout_lash."Thin|
00002310  6B 69 6E 67 20 41 62 6F 75 74 20 4C 61 73 68 20  |king About Lash |
00002320  69 6E 20 74 68 65 20 48 69 64 65 6F 75 74 12 3D  |in the Hideout.=|
00002330  0A 1B 23 73 74 65 61 6D 5F 63 69 74 61 64 65 6C  |..#steam_citadel|
00002340  5F 68 69 64 65 6F 75 74 5F 6C 69 66 65 12 1E 47  |_hideout_life..G|
00002350  72 61 62 62 69 6E 67 20 61 20 62 69 74 65 20 69  |rabbing a bite i|
00002360  6E 20 74 68 65 20 48 69 64 65 6F 75 74 12 3A 0A  |n the Hideout.:.|
00002370  1F 23 73 74 65 61 6D 5F 63 69 74 61 64 65 6C 5F  |.#steam_citadel_|
00002380  68 69 64 65 6F 75 74 5F 6C 6F 75 6E 67 69 6E 67  |hideout_lounging|
00002390  12 17 4C 6F 75 6E 67 69 6E 67 20 69 6E 20 74 68  |..Lounging in th|
000023A0  65 20 48 69 64 65 6F 75 74 12 40 0A 22 23 73 74  |e Hideout.@."#st|
000023B0  65 61 6D 5F 63 69 74 61 64 65 6C 5F 68 69 64 65  |eam_citadel_hide|
000023C0  6F 75 74 5F 6C 75 78 75 72 69 61 74 69 6E 67 12  |out_luxuriating.|
000023D0  1A 4C 75 78 75 72 69 61 74 69 6E 67 20 69 6E 20  |.Luxuriating in |
000023E0  74 68 65 20 48 69 64 65 6F 75 74 12 3C 0A 1C 23  |the Hideout.<..#|
000023F0  73 74 65 61 6D 5F 63 69 74 61 64 65 6C 5F 68 69  |steam_citadel_hi|
00002400  64 65 6F 75 74 5F 6D 61 67 69 63 12 1C 57 6F 72  |deout_magic..Wor|
00002410  6B 69 6E 67 20 4D 61 67 69 63 20 69 6E 20 74 68  |king Magic in th|
00002420  65 20 48 69 64 65 6F 75 74 12 3A 0A 1F 23 73 74  |e Hideout.:..#st|
00002430  65 61 6D 5F 63 69 74 61 64 65 6C 5F 68 69 64 65  |eam_citadel_hide|
00002440  6F 75 74 5F 6D 6F 75 72 6E 69 6E 67 12 17 4D 6F  |out_mourning..Mo|
00002450  75 72 6E 69 6E 67 20 69 6E 20 74 68 65 20 48 69  |urning in the Hi|
00002460  64 65 6F 75 74 12 42 0A 1E 23 73 74 65 61 6D 5F  |deout.B..#steam_|
00002470  63 69 74 61 64 65 6C 5F 68 69 64 65 6F 75 74 5F  |citadel_hideout_|
00002480  6D 79 73 74 65 72 79 12 20 53 6F 6C 76 69 6E 67  |mystery. Solving|
00002490  20 4D 79 73 74 65 72 69 65 73 20 69 6E 20 74 68  | Mysteries in th|
000024A0  65 20 48 69 64 65 6F 75 74 12 3A 0A 1F 23 73 74  |e Hideout.:..#st|
000024B0  65 61 6D 5F 63 69 74 61 64 65 6C 5F 68 69 64 65  |eam_citadel_hide|
000024C0  6F 75 74 5F 70 6C 6F 74 74 69 6E 67 12 17 50 6C  |out_plotting..Pl|
000024D0  6F 74 74 69 6E 67 20 69 6E 20 74 68 65 20 48 69  |otting in the Hi|
000024E0  64 65 6F 75 74 12 44 0A 24 23 73 74 65 61 6D 5F  |deout.D.$#steam_|
000024F0  63 69 74 61 64 65 6C 5F 68 69 64 65 6F 75 74 5F  |citadel_hideout_|
00002500  70 6F 6E 74 69 66 69 63 61 74 69 6E 67 12 1C 50  |pontificating..P|
00002510  6F 6E 74 69 66 69 63 61 74 69 6E 67 20 69 6E 20  |ontificating in |
00002520  74 68 65 20 48 69 64 65 6F 75 74 12 35 0A 1B 23  |the Hideout.5..#|
00002530  73 74 65 61 6D 5F 63 69 74 61 64 65 6C 5F 68 69  |steam_citadel_hi|
00002540  64 65 6F 75 74 5F 70 72 61 79 12 16 50 72 61 79  |deout_pray..Pray|
00002550  69 6E 67 20 69 6E 20 74 68 65 20 48 69 64 65 6F  |ing in the Hideo|
00002560  75 74 12 37 0A 1C 23 73 74 65 61 6D 5F 63 69 74  |ut.7..#steam_cit|
00002570  61 64 65 6C 5F 68 69 64 65 6F 75 74 5F 70 72 6F  |adel_hideout_pro|
00002580  77 6C 12 17 50 72 6F 77 6C 69 6E 67 20 69 6E 20  |wl..Prowling in |
00002590  74 68 65 20 48 69 64 65 6F 75 74 12 3B 0A 1C 23  |the Hideout.;..#|
000025A0  73 74 65 61 6D 5F 63 69 74 61 64 65 6C 5F 68 69  |steam_citadel_hi|
000025B0  64 65 6F 75 74 5F 70 72 75 6E 6F 12 1B 4D 61 6B  |deout_pruno..Mak|
000025C0  69 6E 67 20 50 72 75 6E 6F 20 69 6E 20 74 68 65  |ing Pruno in the|
000025D0  20 48 69 64 65 6F 75 74 12 38 0A 1E 23 73 74 65  | Hideout.8..#ste|
000025E0  61 6D 5F 63 69 74 61 64 65 6C 5F 68 69 64 65 6F  |am_citadel_hideo|
000025F0  75 74 5F 72 61 6E 74 69 6E 67 12 16 52 61 6E 74  |ut_ranting..Rant|
00002600  69 6E 67 20 69 6E 20 74 68 65 20 48 69 64 65 6F  |ing in the Hideo|
00002610  75 74 12 35 0A 1B 23 73 74 65 61 6D 5F 63 69 74  |ut.5..#steam_cit|
00002620  61 64 65 6C 5F 68 69 64 65 6F 75 74 5F 72 65 61  |adel_hideout_rea|
00002630  64 12 16 52 65 61 64 69 6E 67 20 69 6E 20 74 68  |d..Reading in th|
00002640  65 20 48 69 64 65 6F 75 74 12 40 0A 22 23 73 74  |e Hideout.@."#st|
00002650  65 61 6D 5F 63 69 74 61 64 65 6C 5F 68 69 64 65  |eam_citadel_hide|
00002660  6F 75 74 5F 72 65 6D 69 6E 69 73 63 69 6E 67 12  |out_reminiscing.|
00002670  1A 52 65 6D 69 6E 69 73 63 69 6E 67 20 69 6E 20  |.Reminiscing in |
00002680  74 68 65 20 48 69 64 65 6F 75 74 12 3A 0A 1F 23  |the Hideout.:..#|
00002690  73 74 65 61 6D 5F 63 69 74 61 64 65 6C 5F 68 69  |steam_citadel_hi|
000026A0  64 65 6F 75 74 5F 73 63 68 65 6D 69 6E 67 12 17  |deout_scheming..|
000026B0  53 63 68 65 6D 69 6E 67 20 69 6E 20 74 68 65 20  |Scheming in the |
000026C0  48 69 64 65 6F 75 74 12 40 0A 1E 23 73 74 65 61  |Hideout.@..#stea|
000026D0  6D 5F 63 69 74 61 64 65 6C 5F 68 69 64 65 6F 75  |m_citadel_hideou|
000026E0  74 5F 73 65 72 76 69 63 65 12 1E 41 74 20 59 6F  |t_service..At Yo|
000026F0  75 72 20 53 65 72 76 69 63 65 20 69 6E 20 74 68  |ur Service in th|
00002700  65 20 48 69 64 65 6F 75 74 12 41 0A 21 23 73 74  |e Hideout.A.!#st|
00002710  65 61 6D 5F 63 69 74 61 64 65 6C 5F 68 69 64 65  |eam_citadel_hide|
00002720  6F 75 74 5F 73 6C 65 65 70 5F 77 61 6C 6B 12 1C  |out_sleep_walk..|
00002730  53 6C 65 65 70 20 57 61 6C 6B 69 6E 67 20 69 6E  |Sleep Walking in|
00002740  20 74 68 65 20 48 69 64 65 6F 75 74 12 38 0A 1E  | the Hideout.8..|
00002750  23 73 74 65 61 6D 5F 63 69 74 61 64 65 6C 5F 68  |#steam_citadel_h|
00002760  69 64 65 6F 75 74 5F 73 75 6C 6B 69 6E 67 12 16  |ideout_sulking..|
00002770  53 75 6C 6B 69 6E 67 20 69 6E 20 74 68 65 20 48  |Sulking in the H|
00002780  69 64 65 6F 75 74 12 3A 0A 1F 23 73 74 65 61 6D  |ideout.:..#steam|
00002790  5F 63 69 74 61 64 65 6C 5F 68 69 64 65 6F 75 74  |_citadel_hideout|
000027A0  5F 74 72 61 69 6E 69 6E 67 12 17 54 72 61 69 6E  |_training..Train|
000027B0  69 6E 67 20 69 6E 20 74 68 65 20 48 69 64 65 6F  |ing in the Hideo|
000027C0  75 74 12 44 0A 1E 23 73 74 65 61 6D 5F 63 69 74  |ut.D..#steam_cit|
000027D0  61 64 65 6C 5F 68 69 64 65 6F 75 74 5F 77 79 6F  |adel_hideout_wyo|
000027E0  6D 69 6E 67 12 22 44 72 65 61 6D 69 6E 67 20 6F  |ming."Dreaming o|
000027F0  66 20 57 79 6F 6D 69 6E 67 20 69 6E 20 74 68 65  |f Wyoming in the|
00002800  20 48 69 64 65 6F 75 74 12 33 0A 15 23 73 74 65  | Hideout.3..#ste|
00002810  61 6D 5F 63 69 74 61 64 65 6C 5F 69 6E 67 61 6D  |am_citadel_ingam|
00002820  65 12 1A 7B 25 70 61 72 61 6D 31 25 7D 20 20 28  |e..{%param1%}  (|
00002830  25 70 61 72 61 6D 30 25 20 6D 69 6E 29 12 42 0A  |%param0% min).B.|
00002840  1A 23 73 74 65 61 6D 5F 63 69 74 61 64 65 6C 5F  |.#steam_citadel_|
00002850  69 6E 67 61 6D 65 5F 68 65 72 6F 12 24 7B 25 70  |ingame_hero.${%p|
00002860  61 72 61 6D 31 25 7D 20 7B 25 70 61 72 61 6D 32  |aram1%} {%param2|
00002870  25 7D 20 28 25 70 61 72 61 6D 30 25 20 6D 69 6E  |%} (%param0% min|
00002880  29 12 43 0A 1D 23 73 74 65 61 6D 5F 63 69 74 61  |).C..#steam_cita|
00002890  64 65 6C 5F 69 6E 67 61 6D 65 5F 73 61 6E 64 62  |del_ingame_sandb|
000028A0  6F 78 12 22 54 65 73 74 69 6E 67 20 7B 25 70 61  |ox."Testing {%pa|
000028B0  72 61 6D 32 25 7D 20 69 6E 20 53 61 6E 64 62 6F  |ram2%} in Sandbo|
000028C0  78 20 4D 6F 64 65 12 2F 0A 1E 23 73 74 65 61 6D  |x Mode./..#steam|
000028D0  5F 63 69 74 61 64 65 6C 5F 72 70 5F 66 69 6E 64  |_citadel_rp_find|
000028E0  69 6E 67 6D 61 74 63 68 12 0D 46 69 6E 64 69 6E  |ingmatch..Findin|
000028F0  67 20 4D 61 74 63 68 12 2F 0A 19 23 73 74 65 61  |g Match./..#stea|
00002900  6D 5F 63 69 74 61 64 65 6C 5F 72 70 5F 69 6E 70  |m_citadel_rp_inp|
00002910  61 72 74 79 12 12 49 6E 20 61 20 50 61 72 74 79  |arty..In a Party|
00002920  20 48 69 64 65 6F 75 74 12 27 0A 1A 23 73 74 65  | Hideout.'..#ste|
00002930  61 6D 5F 63 69 74 61 64 65 6C 5F 72 70 5F 6D 61  |am_citadel_rp_ma|
00002940  69 6E 6D 65 6E 75 12 09 4D 61 69 6E 20 4D 65 6E  |inmenu..Main Men|
00002950  75 12 34 0A 20 23 73 74 65 61 6D 5F 63 69 74 61  |u.4. #steam_cita|
00002960  64 65 6C 5F 72 70 5F 6D 6D 5F 63 61 6C 69 62 72  |del_rp_mm_calibr|
00002970  61 74 69 6F 6E 12 10 50 6C 61 63 65 6D 65 6E 74  |ation..Placement|
00002980  20 4D 61 74 63 68 3A 12 25 0A 1C 23 73 74 65 61  | Match:.%..#stea|
00002990  6D 5F 63 69 74 61 64 65 6C 5F 72 70 5F 6D 6D 5F  |m_citadel_rp_mm_|
000029A0  63 6F 6F 70 62 6F 74 12 05 42 6F 74 73 3A 12 2B  |coopbot..Bots:.+|
000029B0  0A 1D 23 73 74 65 61 6D 5F 63 69 74 61 64 65 6C  |..#steam_citadel|
000029C0  5F 72 70 5F 6D 6D 5F 68 65 72 6F 6C 61 62 73 12  |_rp_mm_herolabs.|
000029D0  0A 48 65 72 6F 20 4C 61 62 73 3A 12 2B 0A 21 23  |.Hero Labs:.+.!#|
000029E0  73 74 65 61 6D 5F 63 69 74 61 64 65 6C 5F 72 70  |steam_citadel_rp|
000029F0  5F 6D 6D 5F 70 72 69 76 61 74 65 6C 6F 62 62 79  |_mm_privatelobby|
00002A00  12 06 4C 6F 62 62 79 3A 12 26 0A 1B 23 73 74 65  |..Lobby:.&..#ste|
00002A10  61 6D 5F 63 69 74 61 64 65 6C 5F 72 70 5F 6D 6D  |am_citadel_rp_mm|
00002A20  5F 72 61 6E 6B 65 64 12 07 52 61 6E 6B 65 64 3A  |_ranked..Ranked:|
00002A30  12 28 0A 1C 23 73 74 65 61 6D 5F 63 69 74 61 64  |.(..#steam_citad|
00002A40  65 6C 5F 72 70 5F 6D 6D 5F 73 61 6E 64 62 6F 78  |el_rp_mm_sandbox|
00002A50  12 08 53 61 6E 64 62 6F 78 3A 12 2A 0A 1D 23 73  |..Sandbox:.*..#s|
00002A60  74 65 61 6D 5F 63 69 74 61 64 65 6C 5F 72 70 5F  |team_citadel_rp_|
00002A70  6D 6D 5F 74 75 74 6F 72 69 61 6C 12 09 54 75 74  |mm_tutorial..Tut|
00002A80  6F 72 69 61 6C 3A 12 2A 0A 1D 23 73 74 65 61 6D  |orial:.*..#steam|
00002A90  5F 63 69 74 61 64 65 6C 5F 72 70 5F 6D 6D 5F 75  |_citadel_rp_mm_u|
00002AA0  6E 72 61 6E 6B 65 64 12 09 44 65 61 64 6C 6F 63  |nranked..Deadloc|
00002AB0  6B 3A 12 22 0A 18 23 73 74 65 61 6D 5F 63 69 74  |k:."..#steam_cit|
00002AC0  61 64 65 6C 5F 72 70 5F 6F 6E 6C 69 6E 65 12 06  |adel_rp_online..|
00002AD0  4F 6E 6C 69 6E 65 12 2E 0A 1D 23 73 74 65 61 6D  |Online....#steam|
00002AE0  5F 63 69 74 61 64 65 6C 5F 72 70 5F 73 74 72 65  |_citadel_rp_stre|
00002AF0  65 74 62 72 61 77 6C 12 0D 53 74 72 65 65 74 20  |etbrawl..Street |
00002B00  42 72 61 77 6C 3A 12 2F 0A 19 23 73 74 65 61 6D  |Brawl:./..#steam|
00002B10  5F 63 69 74 61 64 65 6C 5F 73 70 65 63 74 61 74  |_citadel_spectat|
00002B20  69 6E 67 12 12 53 70 65 63 74 61 74 69 6E 67 20  |ing..Spectating |
00002B30  61 20 4D 61 74 63 68 12 23 0A 17 23 73 74 65 61  |a Match.#..#stea|
00002B40  6D 5F 72 70 5F 68 65 72 6F 5F 61 69 72 68 65 61  |m_rp_hero_airhea|
00002B50  72 74 12 08 41 69 72 68 65 61 72 74 12 1F 0A 15  |rt..Airheart....|
00002B60  23 73 74 65 61 6D 5F 72 70 5F 68 65 72 6F 5F 61  |#steam_rp_hero_a|
00002B70  6B 69 6D 62 6F 12 06 41 6B 69 6D 62 6F 12 27 0A  |kimbo..Akimbo.'.|
00002B80  19 23 73 74 65 61 6D 5F 72 70 5F 68 65 72 6F 5F  |.#steam_rp_hero_|
00002B90  61 70 6F 63 61 6C 79 70 73 65 12 0A 41 70 6F 63  |apocalypse..Apoc|
00002BA0  61 6C 79 70 73 65 12 25 0A 18 23 73 74 65 61 6D  |alypse.%..#steam|
00002BB0  5F 72 70 5F 68 65 72 6F 5F 61 72 63 68 69 74 65  |_rp_hero_archite|
00002BC0  63 74 12 09 41 72 63 68 69 74 65 63 74 12 23 0A  |ct..Architect.#.|
00002BD0  17 23 73 74 65 61 6D 5F 72 70 5F 68 65 72 6F 5F  |.#steam_rp_hero_|
00002BE0  61 73 73 61 73 73 69 6E 12 08 41 73 73 61 73 73  |assassin..Assass|
00002BF0  69 6E 12 20 0A 14 23 73 74 65 61 6D 5F 72 70 5F  |in. ..#steam_rp_|
00002C00  68 65 72 6F 5F 61 73 74 72 6F 12 08 48 6F 6C 6C  |hero_astro..Holl|
00002C10  69 64 61 79 12 1E 0A 14 23 73 74 65 61 6D 5F 72  |iday....#steam_r|
00002C20  70 5F 68 65 72 6F 5F 61 74 6C 61 73 12 06 41 62  |p_hero_atlas..Ab|
00002C30  72 61 6D 73 12 23 0A 17 23 73 74 65 61 6D 5F 72  |rams.#..#steam_r|
00002C40  70 5F 68 65 72 6F 5F 62 61 6C 6C 69 73 74 61 12  |p_hero_ballista.|
00002C50  08 42 61 6C 6C 69 73 74 61 12 1D 0A 14 23 73 74  |.Ballista....#st|
00002C60  65 61 6D 5F 72 70 5F 68 65 72 6F 5F 62 65 62 6F  |eam_rp_hero_bebo|
00002C70  70 12 05 42 65 62 6F 70 12 1F 0A 15 23 73 74 65  |p..Bebop....#ste|
00002C80  61 6D 5F 72 70 5F 68 65 72 6F 5F 62 6F 6D 62 65  |am_rp_hero_bombe|
00002C90  72 12 06 42 6F 6D 62 65 72 12 20 0A 17 23 73 74  |r..Bomber. ..#st|
00002CA0  65 61 6D 5F 72 70 5F 68 65 72 6F 5F 62 6F 6F 6B  |eam_rp_hero_book|
00002CB0  77 6F 72 6D 12 05 50 61 69 67 65 12 21 0A 16 23  |worm..Paige.!..#|
00002CC0  73 74 65 61 6D 5F 72 70 5F 68 65 72 6F 5F 63 61  |steam_rp_hero_ca|
00002CD0  64 65 6E 63 65 12 07 43 61 64 65 6E 63 65 12 20  |dence..Cadence. |
00002CE0  0A 15 23 73 74 65 61 6D 5F 72 70 5F 68 65 72 6F  |..#steam_rp_hero|
00002CF0  5F 63 68 72 6F 6E 6F 12 07 50 61 72 61 64 6F 78  |_chrono..Paradox|
00002D00  12 23 0A 17 23 73 74 65 61 6D 5F 72 70 5F 68 65  |.#..#steam_rp_he|
00002D10  72 6F 5F 63 6C 61 77 64 72 69 6C 12 08 43 6C 61  |ro_clawdril..Cla|
00002D20  77 64 72 69 6C 12 26 0A 18 23 73 74 65 61 6D 5F  |wdril.&..#steam_|
00002D30  72 70 5F 68 65 72 6F 5F 63 6F 6C 64 6D 65 74 61  |rp_hero_coldmeta|
00002D40  6C 12 0A 43 6F 6C 64 20 4D 65 74 61 6C 12 1F 0A  |l..Cold Metal...|
00002D50  15 23 73 74 65 61 6D 5F 72 70 5F 68 65 72 6F 5F  |.#steam_rp_hero_|
00002D60  63 6F 77 62 6F 79 12 06 43 6F 77 62 6F 79 12 2C  |cowboy..Cowboy.,|
00002D70  0A 16 23 73 74 65 61 6D 5F 72 70 5F 68 65 72 6F  |..#steam_rp_hero|
00002D80  5F 64 65 6D 6F 6D 61 6E 12 12 44 65 6D 6F 6C 69  |_demoman..Demoli|
00002D90  74 69 6F 6E 73 20 45 78 70 65 72 74 12 25 0A 16  |tions Expert.%..|
00002DA0  23 73 74 65 61 6D 5F 72 70 5F 68 65 72 6F 5F 64  |#steam_rp_hero_d|
00002DB0  6F 6F 72 6D 61 6E 12 0B 54 68 65 20 44 6F 6F 72  |oorman..The Door|
00002DC0  6D 61 6E 12 21 0A 16 23 73 74 65 61 6D 5F 72 70  |man.!..#steam_rp|
00002DD0  5F 68 65 72 6F 5F 64 72 69 66 74 65 72 12 07 44  |_hero_drifter..D|
00002DE0  72 69 66 74 65 72 12 1D 0A 14 23 73 74 65 61 6D  |rifter....#steam|
00002DF0  5F 72 70 5F 68 65 72 6F 5F 64 72 75 69 64 12 05  |_rp_hero_druid..|
00002E00  44 72 75 69 64 12 19 0A 12 23 73 74 65 61 6D 5F  |Druid....#steam_|
00002E10  72 70 5F 68 65 72 6F 5F 64 75 6F 12 03 44 75 6F  |rp_hero_duo..Duo|
00002E20  12 1F 0A 15 23 73 74 65 61 6D 5F 72 70 5F 68 65  |....#steam_rp_he|
00002E30  72 6F 5F 64 79 6E 61 6D 6F 12 06 44 79 6E 61 6D  |ro_dynamo..Dynam|
00002E40  6F 12 1E 0A 17 23 73 74 65 61 6D 5F 72 70 5F 68  |o....#steam_rp_h|
00002E50  65 72 6F 5F 66 61 6D 69 6C 69 61 72 12 03 52 65  |ero_familiar..Re|
00002E60  6D 12 1F 0A 15 23 73 74 65 61 6D 5F 72 70 5F 68  |m....#steam_rp_h|
00002E70  65 72 6F 5F 66 65 6E 63 65 72 12 06 41 70 6F 6C  |ero_fencer..Apol|
00002E80  6C 6F 12 20 0A 14 23 73 74 65 61 6D 5F 72 70 5F  |lo. ..#steam_rp_|
00002E90  68 65 72 6F 5F 66 6F 72 67 65 12 08 4D 63 47 69  |hero_forge..McGi|
00002EA0  6E 6E 69 73 12 21 0A 16 23 73 74 65 61 6D 5F 72  |nnis.!..#steam_r|
00002EB0  70 5F 68 65 72 6F 5F 66 6F 72 74 75 6E 61 12 07  |p_hero_fortuna..|
00002EC0  46 6F 72 74 75 6E 61 12 1E 0A 14 23 73 74 65 61  |Fortuna....#stea|
00002ED0  6D 5F 72 70 5F 68 65 72 6F 5F 66 72 61 6E 6B 12  |m_rp_hero_frank.|
00002EE0  06 56 69 63 74 6F 72 12 25 0A 18 23 73 74 65 61  |.Victor.%..#stea|
00002EF0  6D 5F 72 70 5F 68 65 72 6F 5F 67 61 64 67 65 74  |m_rp_hero_gadget|
00002F00  65 65 72 12 09 47 61 64 67 65 74 65 65 72 12 26  |eer..Gadgeteer.&|
00002F10  0A 18 23 73 74 65 61 6D 5F 72 70 5F 68 65 72 6F  |..#steam_rp_hero|
00002F20  5F 67 61 64 67 65 74 6D 61 6E 12 0A 47 61 64 67  |_gadgetman..Gadg|
00002F30  65 74 20 4D 61 6E 12 2E 0A 1C 23 73 74 65 61 6D  |et Man....#steam|
00002F40  5F 72 70 5F 68 65 72 6F 5F 67 65 6E 65 72 69 63  |_rp_hero_generic|
00002F50  70 65 72 73 6F 6E 12 0E 47 65 6E 65 72 69 63 20  |person..Generic |
00002F60  50 65 72 73 6F 6E 12 22 0A 14 23 73 74 65 61 6D  |Person."..#steam|
00002F70  5F 72 70 5F 68 65 72 6F 5F 67 68 6F 73 74 12 0A  |_rp_hero_ghost..|
00002F80  4C 61 64 79 20 47 65 69 73 74 12 20 0A 17 23 73  |Lady Geist. ..#s|
00002F90  74 65 61 6D 5F 72 70 5F 68 65 72 6F 5F 67 69 67  |team_rp_hero_gig|
00002FA0  61 77 61 74 74 12 05 53 65 76 65 6E 12 1F 0A 15  |awatt..Seven....|
00002FB0  23 73 74 65 61 6D 5F 72 70 5F 68 65 72 6F 5F 67  |#steam_rp_hero_g|
00002FC0  6C 69 64 65 72 12 06 47 6C 69 64 65 72 12 1B 0A  |lider..Glider...|
00002FD0  13 23 73 74 65 61 6D 5F 72 70 5F 68 65 72 6F 5F  |.#steam_rp_hero_|
00002FE0  67 72 61 66 12 04 47 72 61 66 12 1F 0A 15 23 73  |graf..Graf....#s|
00002FF0  74 65 61 6D 5F 72 70 5F 68 65 72 6F 5F 67 75 6E  |team_rp_hero_gun|
00003000  6E 65 72 12 06 47 75 6E 6E 65 72 12 27 0A 19 23  |ner..Gunner.'..#|
00003010  73 74 65 61 6D 5F 72 70 5F 68 65 72 6F 5F 67 75  |steam_rp_hero_gu|
00003020  6E 73 6C 69 6E 67 65 72 12 0A 47 75 6E 73 6C 69  |nslinger..Gunsli|
00003030  6E 67 65 72 12 1B 0A 13 23 73 74 65 61 6D 5F 72  |nger....#steam_r|
00003040  70 5F 68 65 72 6F 5F 68 61 7A 65 12 04 48 61 7A  |p_hero_haze..Haz|
00003050  65 12 1F 0A 15 23 73 74 65 61 6D 5F 72 70 5F 68  |e....#steam_rp_h|
00003060  65 72 6F 5F 68 69 6A 61 63 6B 12 06 48 69 6A 61  |ero_hijack..Hija|
00003070  63 6B 12 21 0A 15 23 73 74 65 61 6D 5F 72 70 5F  |ck.!..#steam_rp_|
00003080  68 65 72 6F 5F 68 6F 72 6E 65 74 12 08 56 69 6E  |hero_hornet..Vin|
00003090  64 69 63 74 61 12 22 0A 16 23 73 74 65 61 6D 5F  |dicta."..#steam_|
000030A0  72 70 5F 68 65 72 6F 5F 69 6E 66 65 72 6E 6F 12  |rp_hero_inferno.|
000030B0  08 49 6E 66 65 72 6E 75 73 12 1B 0A 13 23 73 74  |.Infernus....#st|
000030C0  65 61 6D 5F 72 70 5F 68 65 72 6F 5F 6B 61 6C 69  |eam_rp_hero_kali|
000030D0  12 04 4B 61 6C 69 12 1F 0A 15 23 73 74 65 61 6D  |..Kali....#steam|
000030E0  5F 72 70 5F 68 65 72 6F 5F 6B 65 6C 76 69 6E 12  |_rp_hero_kelvin.|
000030F0  06 4B 65 6C 76 69 6E 12 22 0A 14 23 73 74 65 61  |.Kelvin."..#stea|
00003100  6D 5F 72 70 5F 68 65 72 6F 5F 6B 72 69 6C 6C 12  |m_rp_hero_krill.|
00003110  0A 4D 6F 20 26 20 4B 72 69 6C 6C 12 1B 0A 13 23  |.Mo & Krill....#|
00003120  73 74 65 61 6D 5F 72 70 5F 68 65 72 6F 5F 6C 61  |steam_rp_hero_la|
00003130  73 68 12 04 4C 61 73 68 12 23 0A 17 23 73 74 65  |sh..Lash.#..#ste|
00003140  61 6D 5F 72 70 5F 68 65 72 6F 5F 6D 61 67 69 63  |am_rp_hero_magic|
00003150  69 61 6E 12 08 53 69 6E 63 6C 61 69 72 12 24 0A  |ian..Sinclair.$.|
00003160  17 23 73 74 65 61 6D 5F 72 70 5F 68 65 72 6F 5F  |.#steam_rp_hero_|
00003170  6D 65 63 68 61 67 75 79 12 09 4D 65 63 68 61 20  |mechaguy..Mecha |
00003180  47 75 79 12 1F 0A 15 23 73 74 65 61 6D 5F 72 70  |Guy....#steam_rp|
00003190  5F 68 65 72 6F 5F 6D 69 72 61 67 65 12 06 4D 69  |_hero_mirage..Mi|
000031A0  72 61 67 65 12 1D 0A 13 23 73 74 65 61 6D 5F 72  |rage....#steam_r|
000031B0  70 5F 68 65 72 6F 5F 6E 61 6E 6F 12 06 43 61 6C  |p_hero_nano..Cal|
000031C0  69 63 6F 12 1E 0A 14 23 73 74 65 61 6D 5F 72 70  |ico....#steam_rp|
000031D0  5F 68 65 72 6F 5F 6E 65 63 72 6F 12 06 47 72 61  |_hero_necro..Gra|
000031E0  76 65 73 12 1D 0A 14 23 73 74 65 61 6D 5F 72 70  |ves....#steam_rp|
000031F0  5F 68 65 72 6F 5F 6F 70 65 72 61 12 05 4F 70 65  |_hero_opera..Ope|
00003200  72 61 12 21 0A 18 23 73 74 65 61 6D 5F 72 70 5F  |ra.!..#steam_rp_|
00003210  68 65 72 6F 5F 6F 70 65 72 61 74 69 76 65 12 05  |hero_operative..|
00003220  52 61 76 65 6E 12 22 0A 14 23 73 74 65 61 6D 5F  |Raven."..#steam_|
00003230  72 70 5F 68 65 72 6F 5F 6F 72 69 6F 6E 12 0A 47  |rp_hero_orion..G|
00003240  72 65 79 20 54 61 6C 6F 6E 12 21 0A 16 23 73 74  |rey Talon.!..#st|
00003250  65 61 6D 5F 72 70 5F 68 65 72 6F 5F 70 68 61 6C  |eam_rp_hero_phal|
00003260  61 6E 78 12 07 50 68 61 6C 61 6E 78 12 21 0A 16  |anx..Phalanx.!..|
00003270  23 73 74 65 61 6D 5F 72 70 5F 68 65 72 6F 5F 70  |#steam_rp_hero_p|
00003280  68 6F 65 6E 69 78 12 07 50 68 6F 65 6E 69 78 12  |hoenix..Phoenix.|
00003290  20 0A 15 23 73 74 65 61 6D 5F 72 70 5F 68 65 72  | ..#steam_rp_her|
000032A0  6F 5F 70 72 69 65 73 74 12 07 56 65 6E 61 74 6F  |o_priest..Venato|
000032B0  72 12 20 0A 17 23 73 74 65 61 6D 5F 72 70 5F 68  |r. ..#steam_rp_h|
000032C0  65 72 6F 5F 70 75 6E 6B 67 6F 61 74 12 05 42 69  |ero_punkgoat..Bi|
000032D0  6C 6C 79 12 23 0A 17 23 73 74 65 61 6D 5F 72 70  |lly.#..#steam_rp|
000032E0  5F 68 65 72 6F 5F 72 65 76 65 6E 61 6E 74 12 08  |_hero_revenant..|
000032F0  52 65 76 65 6E 61 6E 74 12 1F 0A 15 23 73 74 65  |Revenant....#ste|
00003300  61 6D 5F 72 70 5F 68 65 72 6F 5F 72 75 74 67 65  |am_rp_hero_rutge|
00003310  72 12 06 52 75 74 67 65 72 12 1F 0A 15 23 73 74  |r..Rutger....#st|
00003320  65 61 6D 5F 72 70 5F 68 65 72 6F 5F 73 61 70 70  |eam_rp_hero_sapp|
00003330  65 72 12 06 53 61 70 70 65 72 12 26 0A 18 23 73  |er..Sapper.&..#s|
00003340  74 65 61 6D 5F 72 70 5F 68 65 72 6F 5F 73 68 69  |team_rp_hero_shi|
00003350  65 6C 64 67 75 79 12 0A 53 68 69 65 6C 64 20 47  |eldguy..Shield G|
00003360  75 79 12 1B 0A 13 23 73 74 65 61 6D 5F 72 70 5F  |uy....#steam_rp_|
00003370  68 65 72 6F 5F 73 68 69 76 12 04 53 68 69 76 12  |hero_shiv..Shiv.|
00003380  22 0A 16 23 73 74 65 61 6D 5F 72 70 5F 68 65 72  |"..#steam_rp_her|
00003390  6F 5F 73 6B 79 6D 6F 6E 6B 12 08 53 6B 79 20 4D  |o_skymonk..Sky M|
000033A0  6F 6E 6B 12 25 0A 18 23 73 74 65 61 6D 5F 72 70  |onk.%..#steam_rp|
000033B0  5F 68 65 72 6F 5F 73 6C 69 6E 67 73 68 6F 74 12  |_hero_slingshot.|
000033C0  09 53 6C 69 6E 67 73 68 6F 74 12 1E 0A 14 23 73  |.Slingshot....#s|
000033D0  74 65 61 6D 5F 72 70 5F 68 65 72 6F 5F 73 6C 6F  |team_rp_hero_slo|
000033E0  72 6B 12 06 46 61 74 68 6F 6D 12 1D 0A 14 23 73  |rk..Fathom....#s|
000033F0  74 65 61 6D 5F 72 70 5F 68 65 72 6F 5F 73 70 61  |team_rp_hero_spa|
00003400  64 65 12 05 53 70 61 64 65 12 1E 0A 14 23 73 74  |de..Spade....#st|
00003410  65 61 6D 5F 72 70 5F 68 65 72 6F 5F 73 79 6E 74  |eam_rp_hero_synt|
00003420  68 12 06 50 6F 63 6B 65 74 12 29 0A 1A 23 73 74  |h..Pocket.)..#st|
00003430  65 61 6D 5F 72 70 5F 68 65 72 6F 5F 74 61 72 67  |eam_rp_hero_targ|
00003440  65 74 64 75 6D 6D 79 12 0B 54 61 72 67 65 74 44  |etdummy..TargetD|
00003450  75 6D 6D 79 12 21 0A 16 23 73 74 65 61 6D 5F 72  |ummy.!..#steam_r|
00003460  70 5F 68 65 72 6F 5F 74 65 6D 70 65 73 74 12 07  |p_hero_tempest..|
00003470  54 65 6D 70 65 73 74 12 1B 0A 14 23 73 74 65 61  |Tempest....#stea|
00003480  6D 5F 72 70 5F 68 65 72 6F 5F 74 65 6E 67 75 12  |m_rp_hero_tengu.|
00003490  03 49 76 79 12 20 0A 13 23 73 74 65 61 6D 5F 72  |.Ivy. ..#steam_r|
000034A0  70 5F 68 65 72 6F 5F 74 65 73 74 12 09 54 65 73  |p_hero_test..Tes|
000034B0  74 20 48 65 72 6F 12 21 0A 16 23 73 74 65 61 6D  |t Hero.!..#steam|
000034C0  5F 72 70 5F 68 65 72 6F 5F 74 68 75 6D 70 65 72  |_rp_hero_thumper|
000034D0  12 07 54 68 75 6D 70 65 72 12 21 0A 16 23 73 74  |..Thumper.!..#st|
000034E0  65 61 6D 5F 72 70 5F 68 65 72 6F 5F 74 6F 6B 61  |eam_rp_hero_toka|
000034F0  6D 61 6B 12 07 54 6F 6B 61 6D 61 6B 12 21 0A 16  |mak..Tokamak.!..|
00003500  23 73 74 65 61 6D 5F 72 70 5F 68 65 72 6F 5F 74  |#steam_rp_hero_t|
00003510  72 61 70 70 65 72 12 07 54 72 61 70 70 65 72 12  |rapper..Trapper.|
00003520  21 0A 16 23 73 74 65 61 6D 5F 72 70 5F 68 65 72  |!..#steam_rp_her|
00003530  6F 5F 75 6E 69 63 6F 72 6E 12 07 43 65 6C 65 73  |o_unicorn..Celes|
00003540  74 65 12 21 0A 16 23 73 74 65 61 6D 5F 72 70 5F  |te.!..#steam_rp_|
00003550  68 65 72 6F 5F 76 61 6D 70 69 72 65 12 07 56 61  |hero_vampire..Va|
00003560  6D 70 69 72 65 12 21 0A 19 23 73 74 65 61 6D 5F  |mpire.!..#steam_|
00003570  72 70 5F 68 65 72 6F 5F 76 61 6D 70 69 72 65 62  |rp_hero_vampireb|
00003580  61 74 12 04 4D 69 6E 61 12 1F 0A 15 23 73 74 65  |at..Mina....#ste|
00003590  61 6D 5F 72 70 5F 68 65 72 6F 5F 76 61 6E 64 61  |am_rp_hero_vanda|
000035A0  6C 12 06 56 61 6E 64 61 6C 12 1D 0A 14 23 73 74  |l..Vandal....#st|
000035B0  65 61 6D 5F 72 70 5F 68 65 72 6F 5F 76 69 70 65  |eam_rp_hero_vipe|
000035C0  72 12 05 56 79 70 65 72 12 21 0A 16 23 73 74 65  |r..Vyper.!..#ste|
000035D0  61 6D 5F 72 70 5F 68 65 72 6F 5F 76 69 73 63 6F  |am_rp_hero_visco|
000035E0  75 73 12 07 56 69 73 63 6F 75 73 12 1F 0A 15 23  |us..Viscous....#|
000035F0  73 74 65 61 6D 5F 72 70 5F 68 65 72 6F 5F 77 61  |steam_rp_hero_wa|
00003600  72 64 65 6E 12 06 57 61 72 64 65 6E 12 21 0A 17  |rden..Warden.!..|
00003610  23 73 74 65 61 6D 5F 72 70 5F 68 65 72 6F 5F 77  |#steam_rp_hero_w|
00003620  65 72 65 77 6F 6C 66 12 06 53 69 6C 76 65 72 12  |erewolf..Silver.|
00003630  1F 0A 15 23 73 74 65 61 6D 5F 72 70 5F 68 65 72  |...#steam_rp_her|
00003640  6F 5F 77 72 61 69 74 68 12 06 57 72 61 69 74 68  |o_wraith..Wraith|
00003650  12 21 0A 16 23 73 74 65 61 6D 5F 72 70 5F 68 65  |.!..#steam_rp_he|
00003660  72 6F 5F 77 72 65 63 6B 65 72 12 07 57 72 65 63  |ro_wrecker..Wrec|
00003670  6B 65 72 12 21 0A 15 23 73 74 65 61 6D 5F 72 70  |ker.!..#steam_rp|
00003680  5F 68 65 72 6F 5F 79 61 6B 75 7A 61 12 08 54 68  |_hero_yakuza..Th|
00003690  65 20 42 6F 73 73 12 1F 0A 15 23 73 74 65 61 6D  |e Boss....#steam|
000036A0  5F 72 70 5F 68 65 72 6F 5F 79 61 6D 61 74 6F 12  |_rp_hero_yamato.|
000036B0  06 59 61 6D 61 74 6F 12 1F 0A 15 23 73 74 65 61  |.Yamato....#stea|
000036C0  6D 5F 72 70 5F 68 65 72 6F 5F 7A 65 61 6C 6F 74  |m_rp_hero_zealot|
000036D0  12 06 5A 65 61 6C 6F 74                          |..Zealot|

================================================================================
FILE: 048_in_147_k_EMsgServiceMethodResponse.txt
================================================================================
File: 048_in_147_k_EMsgServiceMethodResponse.bin
Size: 907 bytes

00000000  93 00 00 80 44 00 00 00 09 D1 5D B5 07 01 00 10  |....D.....].....|
00000010  01 10 A0 FB E9 93 F9 FF FF FF FF 01 59 45 E5 78  |............YE.x|
00000020  3E D6 A9 E6 63 62 20 50 6C 61 79 65 72 2E 47 65  |>...cb Player.Ge|
00000030  74 50 72 6F 66 69 6C 65 49 74 65 6D 73 45 71 75  |tProfileItemsEqu|
00000040  69 70 70 65 64 23 31 68 01 C0 01 01 0A E2 03 08  |ipped#1h........|
00000050  E3 90 A0 D9 4D 1A 3A 69 74 65 6D 73 2F 31 33 32  |....M.:items/132|
00000060  33 34 37 30 2F 32 36 39 61 30 64 39 35 37 61 65  |3470/269a0d957ae|
00000070  64 64 31 38 35 63 62 32 36 62 34 66 66 63 32 35  |dd185cb26b4ffc25|
00000080  33 34 36 64 66 38 33 64 37 31 39 37 31 2E 6A 70  |346df83d71971.jp|
00000090  67 22 1C 50 72 6F 66 69 6C 65 4D 6F 76 69 65 5F  |g".ProfileMovie_|
000000A0  47 65 74 73 75 43 6C 61 6E 45 73 74 61 74 65 2A  |GetsuClanEstate*|
000000B0  11 47 65 74 73 75 20 43 6C 61 6E 20 45 73 74 61  |.Getsu Clan Esta|
000000C0  74 65 32 71 54 68 65 20 63 68 65 72 72 79 20 62  |te2qThe cherry b|
000000D0  6C 6F 73 73 6F 6D 73 20 74 68 61 74 20 62 6C 6F  |lossoms that blo|
000000E0  6F 6D 20 69 6E 20 74 68 65 20 47 65 74 73 75 20  |om in the Getsu |
000000F0  43 6C 61 6E 20 45 73 74 61 74 65 20 61 72 65 20  |Clan Estate are |
00000100  65 78 63 65 70 74 69 6F 6E 61 6C 6C 79 20 62 65  |exceptionally be|
00000110  61 75 74 69 66 75 6C 20 77 68 65 6E 20 69 6C 6C  |autiful when ill|
00000120  75 6D 69 6E 61 74 65 64 20 62 79 20 74 68 65 20  |uminated by the |
00000130  6D 6F 6F 6E 2E 38 CE E3 50 40 0E 48 03 52 3B 69  |moon.8..P@.H.R;i|
00000140  74 65 6D 73 2F 31 33 32 33 34 37 30 2F 66 64 33  |tems/1323470/fd3|
00000150  65 33 31 30 63 36 65 33 35 62 38 35 35 30 37 36  |e310c6e35b855076|
00000160  64 64 34 62 32 37 65 65 62 63 30 33 63 61 33 30  |dd4b27eebc03ca30|
00000170  36 61 31 37 30 2E 77 65 62 6D 5A 3A 69 74 65 6D  |6a170.webmZ:item|
00000180  73 2F 31 33 32 33 34 37 30 2F 66 38 33 37 35 62  |s/1323470/f8375b|
00000190  30 66 36 34 64 62 34 64 64 35 36 63 36 34 38 32  |0f64db4dd56c6482|
000001A0  63 36 35 63 66 63 66 34 65 64 64 35 64 31 63 30  |c65cfcf4edd5d1c0|
000001B0  65 39 2E 6D 70 34 60 01 6A 3B 69 74 65 6D 73 2F  |e9.mp4`.j;items/|
000001C0  31 33 32 33 34 37 30 2F 31 34 31 61 64 64 32 31  |1323470/141add21|
000001D0  64 39 66 36 32 32 65 31 65 64 30 37 39 62 37 36  |d9f622e1ed079b76|
000001E0  38 36 64 64 63 65 61 38 38 66 61 33 62 33 62 35  |86ddcea88fa3b3b5|
000001F0  2E 77 65 62 6D 72 3A 69 74 65 6D 73 2F 31 33 32  |.webmr:items/132|
00000200  33 34 37 30 2F 33 32 66 33 34 64 66 65 62 66 38  |3470/32f34dfebf8|
00000210  37 39 37 38 36 32 35 62 65 34 66 39 63 33 65 35  |7978625be4f9c3e5|
00000220  34 34 61 38 63 39 34 35 38 34 34 39 39 2E 6D 70  |44a8c94584499.mp|
00000230  34 12 CF 02 08 D6 97 89 D0 46 1A 3A 69 74 65 6D  |4........F.:item|
00000240  73 2F 31 32 39 39 31 32 30 2F 61 32 30 36 31 37  |s/1299120/a20617|
00000250  61 33 39 61 38 62 31 65 61 34 65 35 33 35 39 37  |a39a8b1ea4e53597|
00000260  65 39 31 34 30 37 30 37 32 65 33 30 62 32 36 32  |e91407072e30b262|
00000270  37 38 2E 6A 70 67 22 17 53 61 79 6F 75 72 69 20  |78.jpg".Sayouri |
00000280  61 6E 64 20 53 61 72 61 20 53 70 6F 72 74 79 2A  |and Sara Sporty*|
00000290  17 53 61 79 6F 75 72 69 20 61 6E 64 20 53 61 72  |.Sayouri and Sar|
000002A0  61 20 53 70 6F 72 74 79 32 58 22 54 68 61 6E 6B  |a Sporty2X"Thank|
000002B0  73 20 66 6F 72 20 74 68 65 20 65 6E 63 6F 75 72  |s for the encour|
000002C0  61 67 65 6D 65 6E 74 2C 20 6D 69 73 74 65 72 21  |agement, mister!|
000002D0  20 46 72 6F 6D 20 6E 6F 77 20 6F 6E 2C 20 79 6F  | From now on, yo|
000002E0  75 20 61 72 65 20 69 6E 20 6F 75 72 20 66 72 69  |u are in our fri|
000002F0  65 6E 64 20 7A 6F 6E 65 20 66 6F 72 65 76 65 72  |end zone forever|
00000300  21 22 38 B0 A5 4F 40 29 48 0D 52 3B 69 74 65 6D  |!"8..O@)H.R;item|
00000310  73 2F 31 32 39 39 31 32 30 2F 38 34 61 30 39 39  |s/1299120/84a099|
00000320  61 32 66 62 61 63 31 33 39 38 34 30 32 30 64 64  |a2fbac13984020dd|
00000330  62 65 35 65 39 39 39 38 30 66 34 36 37 32 37 66  |be5e99980f46727f|
00000340  38 38 2E 77 65 62 6D 5A 3A 69 74 65 6D 73 2F 31  |88.webmZ:items/1|
00000350  32 39 39 31 32 30 2F 66 65 31 66 63 39 34 66 37  |299120/fe1fc94f7|
00000360  37 35 65 38 61 65 65 37 38 65 63 35 33 64 33 33  |75e8aee78ec53d33|
00000370  62 66 63 32 66 33 35 61 34 66 64 31 64 61 37 2E  |bfc2f35a4fd1da7.|
00000380  6D 70 34 1A 00 22 00 2A 00 32 00                 |mp4..".*.2.|

================================================================================
FILE: 049_in_766_k_EMsgClientPersonaState.txt
================================================================================
File: 049_in_766_k_EMsgClientPersonaState.bin
Size: 213 bytes

00000000  FE 02 00 80 14 00 00 00 09 D1 5D B5 07 01 00 10  |..........].....|
00000010  01 10 A0 FB E9 93 F9 FF FF FF FF 01 08 DF E6 01  |................|
00000020  12 B2 01 09 D1 5D B5 07 01 00 10 01 10 07 18 F2  |.....]..........|
00000030  E8 56 30 00 38 01 50 01 7A 07 69 67 73 76 65 66  |.V0.8.P.z.igsvef|
00000040  66 C9 01 00 00 00 00 00 00 00 00 FA 01 14 84 02  |f...............|
00000050  52 4F 63 40 0A 76 79 08 82 21 B6 E3 B9 9C D6 F4  |ROc@.vy..!......|
00000060  37 35 E8 02 8A F7 95 D4 06 F0 02 CA 92 97 D4 06  |75..............|
00000070  F8 02 84 A4 F8 D3 06 BA 03 00 C1 03 72 B4 15 00  |............r...|
00000080  00 00 00 00 E2 03 00 BA 04 2B 0A 0D 73 74 65 61  |.........+..stea|
00000090  6D 5F 64 69 73 70 6C 61 79 12 1A 23 53 74 65 61  |m_display..#Stea|
000000A0  6D 5F 43 69 74 61 64 65 6C 5F 52 50 5F 4D 61 69  |m_Citadel_RP_Mai|
000000B0  6E 4D 65 6E 75 C1 04 00 00 00 00 00 00 00 00 C9  |nMenu...........|
000000C0  04 00 00 00 00 00 00 00 00 F8 04 00 80 05 00 88  |................|
000000D0  05 00 98 05 01                                   |.....|

================================================================================
FILE: 050_in_766_k_EMsgClientPersonaState.txt
================================================================================
File: 050_in_766_k_EMsgClientPersonaState.bin
Size: 213 bytes

00000000  FE 02 00 80 14 00 00 00 09 D1 5D B5 07 01 00 10  |..........].....|
00000010  01 10 A0 FB E9 93 F9 FF FF FF FF 01 08 DF E6 01  |................|
00000020  12 B2 01 09 D1 5D B5 07 01 00 10 01 10 07 18 F2  |.....]..........|
00000030  E8 56 30 01 38 01 50 01 7A 07 69 67 73 76 65 66  |.V0.8.P.z.igsvef|
00000040  66 C9 01 00 00 00 00 00 00 00 00 FA 01 14 84 02  |f...............|
00000050  52 4F 63 40 0A 76 79 08 82 21 B6 E3 B9 9C D6 F4  |ROc@.vy..!......|
00000060  37 35 E8 02 8A F7 95 D4 06 F0 02 CA 92 97 D4 06  |75..............|
00000070  F8 02 84 A4 F8 D3 06 BA 03 00 C1 03 72 B4 15 00  |............r...|
00000080  00 00 00 00 E2 03 00 BA 04 2B 0A 0D 73 74 65 61  |.........+..stea|
00000090  6D 5F 64 69 73 70 6C 61 79 12 1A 23 53 74 65 61  |m_display..#Stea|
000000A0  6D 5F 43 69 74 61 64 65 6C 5F 52 50 5F 4D 61 69  |m_Citadel_RP_Mai|
000000B0  6E 4D 65 6E 75 C1 04 00 00 00 00 00 00 00 00 C9  |nMenu...........|
000000C0  04 00 00 00 00 00 00 00 00 F8 04 00 80 05 00 88  |................|
000000D0  05 00 98 05 01                                   |.....|

================================================================================
FILE: 051_out_5452_k_EMsgClientToGC.txt
================================================================================
File: 051_out_5452_k_EMsgClientToGC.bin
Size: 225 bytes

00000000  4C 15 00 80 1B 00 00 00 09 D1 5D B5 07 01 00 10  |L.........].....|
00000010  01 10 A0 FB E9 93 F9 FF FF FF FF 01 18 F2 E8 56  |...............V|
00000020  80 02 01 08 F2 E8 56 10 A6 9F 80 80 08 1A B1 01  |......V.........|
00000030  A6 0F 00 80 00 00 00 00 08 97 34 12 19 0A 0C 08  |..........4.....|
00000040  01 10 D1 BB D5 BD 90 80 80 88 01 11 DD EB 38 26  |..............8&|
00000050  5C 7F 6A 00 20 05 12 1B 0A 0C 08 01 10 D1 BB D5  |\.j. ...........|
00000060  BD 90 80 80 88 01 11 AE 84 47 ED D9 84 6A 02 18  |.........G...j..|
00000070  01 20 05 18 00 30 08 38 01 48 01 52 44 0A 20 6C  |. ...0.8.H.RD. l|
00000080  2E 77 96 ED 2F 08 74 EA 2C F2 E5 21 B9 3E 9C 67  |.w../.t.,..!.>.g|
00000090  19 C5 64 D2 0E C9 20 2A E2 39 96 2D FF BF A0 12  |..d... *.9.-....|
000000A0  20 5F 91 23 8F 16 57 6E 94 1D AB 5C 3F 73 07 38  | _.#..Wn...\?s.8|
000000B0  83 8A F8 77 7B C3 61 57 87 13 B0 3E F0 9E 68 69  |...w{.aW...>..hi|
000000C0  57 58 15 60 05 68 05 70 80 0F 78 B8 08 80 01 F0  |WX.`.h.p..x.....|
000000D0  01 88 01 80 0F 90 01 B8 08 98 01 80 0F A0 01 B8  |................|
000000E0  08                                               |.|

================================================================================
FILE: 052_in_5501_k_EMsgClientServersAvailable.txt
================================================================================
File: 052_in_5501_k_EMsgClientServersAvailable.bin
Size: 106 bytes

00000000  7D 15 00 80 14 00 00 00 09 D1 5D B5 07 01 00 10  |}.........].....|
00000010  01 10 A0 FB E9 93 F9 FF FF FF FF 01 0A 02 08 03  |................|
00000020  0A 04 08 29 10 00 0A 04 08 2A 10 00 0A 04 08 22  |...).....*....."|
00000030  10 00 0A 04 08 2D 10 00 0A 04 08 35 10 00 0A 04  |.....-.....5....|
00000040  08 3B 10 00 0A 04 08 77 10 00 0A 04 08 11 10 00  |.;.....w........|
00000050  0A 04 08 3A 10 00 0A 04 08 0E 10 00 0A 04 08 2F  |...:.........../|
00000060  10 00 0A 04 08 66 10 00 10 3A                    |.....f...:|

================================================================================
FILE: 053_in_5453_k_EMsgClientFromGC.txt
================================================================================
File: 053_in_5453_k_EMsgClientFromGC.bin
Size: 52 bytes

00000000  4D 15 00 80 14 00 00 00 09 D1 5D B5 07 01 00 10  |M.........].....|
00000010  01 10 A0 FB E9 93 F9 FF FF FF FF 01 08 F2 E8 56  |...............V|
00000020  10 A9 9F 80 80 08 1A 0C A9 0F 00 80 00 00 00 00  |................|
00000030  08 03 10 00                                      |....|

================================================================================
FILE: 054_in_5453_k_EMsgClientFromGC.txt
================================================================================
File: 054_in_5453_k_EMsgClientFromGC.bin
Size: 948 bytes

00000000  4D 15 00 80 14 00 00 00 09 D1 5D B5 07 01 00 10  |M.........].....|
00000010  01 10 A0 FB E9 93 F9 FF FF FF FF 01 08 F2 E8 56  |...............V|
00000020  10 A4 9F 80 80 08 1A 8B 07 A4 0F 00 80 00 00 00  |................|
00000030  00 08 97 34 12 39 08 03 12 09 08 A7 14 12 04 12  |...4.9..........|
00000040  02 08 03 12 23 08 9F 14 12 1E 0A 08 08 80 C1 8E  |....#...........|
00000050  D4 06 10 00 0A 08 08 80 EF EE D3 06 10 00 0A 08  |................|
00000060  08 80 CA F5 D2 06 10 00 18 97 34 20 04 28 01 1A  |..........4 .(..|
00000070  22 19 EA 05 83 EC D9 84 6A 00 22 0C 08 01 10 D1  |".......j.".....|
00000080  BB D5 BD 90 80 80 88 01 30 01 39 ED 05 83 EC D9  |........0.9.....|
00000090  84 6A 00 2A 0E 0D 50 02 5F 42 15 3E 76 16 42 1A  |.j.*..P._B.>v.B.|
000000A0  02 52 55 48 05 52 02 52 55 80 01 00 88 01 00 92  |.RUH.R.RU.......|
000000B0  01 81 06 08 A7 23 12 F9 05 08 A7 23 12 F3 05 DF  |.....#.....#....|
000000C0  0C F0 AA 0A EF 0B 08 C5 46 12 E9 0B 0A 74 08 00  |........F....t..|
000000D0  12 0C 34 20 4E 65 77 20 48 65 72 6F 65 73 1A 0F  |..4 New Heroes..|
000000E0  42 6C 6F 67 20 70 6F 73 74 20 68 65 72 65 3A 22  |Blog post here:"|
000000F0  47 68 74 74 70 73 3A 2F 2F 73 74 6F 72 65 2E 73  |Ghttps://store.s|
00000100  74 65 61 6D 70 6F 77 65 72 65 64 2E 63 6F 6D 2F  |teampowered.com/|
00000110  6E 65 77 73 2F 61 70 70 2F 31 34 32 32 34 35 30  |news/app/1422450|
00000120  2F 76 69 65 77 2F 37 38 36 35 34 31 33 36 31 39  |/view/7865413619|
00000130  35 32 31 39 34 38 33 32 28 24 30 F5 D9 AA BC 06  |52194832($0.....|
00000140  3A 00 0A 88 01 08 00 12 14 57 69 6E 74 65 72 20  |:........Winter |
00000150  56 69 73 75 61 6C 20 55 70 64 61 74 65 1A 12 46  |Visual Update..F|
00000160  6F 72 75 6D 20 74 68 72 65 61 64 20 68 65 01 82  |orum thread he..|
00000170  04 50 68 15 82 58 65 61 6D 63 6F 6D 6D 75 6E 69  |.Ph..Xeamcommuni|
00000180  74 79 2E 63 6F 6D 2F 67 61 6D 65 73 2F 11 7B F0  |ty.com/games/.{.|
00000190  8B 61 6E 6E 6F 75 6E 63 65 6D 65 6E 74 73 2F 64  |.announcements/d|
000001A0  65 74 61 69 6C 2F 37 38 38 37 38 39 39 30 39 33  |etail/7887899093|
000001B0  36 33 30 39 39 34 31 34 28 23 30 C9 CE 87 BB 06  |63099414(#0.....|
000001C0  3A 00 0A 86 01 08 00 12 0E 47 61 6D 65 70 6C 61  |:........Gamepla|
000001D0  79 20 50 61 74 63 68 1A 26 43 68 65 63 6B 20 6F  |y Patch.&Check o|
000001E0  75 74 20 74 68 65 20 6C 61 74 65 73 74 20 70 61  |ut the latest pa|
000001F0  74 63 68 20 6E 6F 74 65 73 20 68 65 72 65 3A 22  |tch notes here:"|
00000200  40 68 74 74 70 73 3A 2F 2F 66 6F 72 75 6D 73 2E  |@https://forums.|
00000210  70 6C 61 79 64 65 61 64 6C 6F 63 6B 2E 01 9E 50  |playdeadlock...P|
00000220  74 68 72 65 61 64 73 2F 31 32 2D 30 36 2D 32 30  |threads/12-06-20|
00000230  32 34 2D 75 70 01 E8 38 2E 35 30 35 39 39 2F 28  |24-up..8.50599/(|
00000240  21 30 9D C0 CD BA 06 FE 89 00 A6 89 00 0C 31 2D  |!0............1-|
00000250  32 31 32 89 00 30 34 37 34 37 36 2F 28 20 30 97  |212..047476/( 0.|
00000260  F1 FF B9 FE 89 00 B2 89 00 04 30 37 36 89 00 28  |..........076..(|
00000270  34 37 38 36 2F 28 1F 30 F5 95 B5 05 89 00 91 EE  |4786/(.0........|
00000280  9B 01 00 4B 51 34 04 66 6F 7A 9B 01 0C 30 2D 32  |...KQ4.foz...0-2|
00000290  34 36 89 00 58 30 39 35 31 2F 23 70 6F 73 74 2D  |46..X0951/#post-|
000002A0  37 37 34 36 35 28 1E 30 C6 90 EB B8 FE 1D 01 AA  |77465(.0........|
000002B0  1D 01 04 30 2D 01 97 5D 2F 2C 33 36 39 35 38 2F  |...0-..]/,36958/|
000002C0  28 1D 30 9D BC A1 05 89 00 92 4E 1D 01 08 27 43  |(.0.......N...'C|
000002D0  68 8E B8 02 00 20 A6 1E 01 0C 30 39 2D 32 36 B9  |h.... ....09-26.|
000002E0  02 10 33 33 30 31 35 2D 1E 2C 35 39 32 32 38 28  |..33015-.,59228(|
000002F0  1C 30 95 D7 D7 B7 FE 1E 01 A6 1E 01 10 30 39 2D  |.0...........09-|
00000300  31 32 32 B2 01 2C 32 37 39 37 34 2F 28 1B 30 CA  |122..,27974/(.0.|
00000310  80 8E FE 89 00 AE 89 00 0C 38 2D 32 39 36 89 00  |.........8-296..|
00000320  2C 32 32 35 33 2F 28 1A 30 F8 A1 C4 B6 FE 12 01  |,2253/(.0.......|
00000330  AA 12 01 0C 38 2D 31 35 32 89 00 30 31 36 33 37  |....8-152..01637|
00000340  38 2F 28 19 30 F1 85 FA B5 01 89 B8 47 08 BB 46  |8/(.0.......G..F|
00000350  12 42 18 3C 20 01 40 00 48 01 70 00 78 97 34 A8  |.B.< .@.H.p.x.4.|
00000360  01 BC 1C B0 01 03 B8 01 00 C2 01 28 08 01 10 01  |...........(....|
00000370  1A 04 08 6F 10 00 1A 04 08 70 10 01 06 04 71 10  |...o.....p....q.|
00000380  01 06 00 72 05 06 00 73 05 06 98 74 10 00 0A 22  |...r...s...t..."|
00000390  08 A8 23 12 1D 0A 1B 0A 19 0A 0D 73 75 72 76 65  |..#........surve|
000003A0  79 5F 63 68 61 6E 63 65 12 02 37 35 18 00 20 00  |y_chance..75.. .|
000003B0  28 00 20 01                                      |(. .|

================================================================================
FILE: 055_in_5453_k_EMsgClientFromGC.txt
================================================================================
File: 055_in_5453_k_EMsgClientFromGC.bin
Size: 84 bytes

00000000  4D 15 00 80 14 00 00 00 09 D1 5D B5 07 01 00 10  |M.........].....|
00000010  01 10 A0 FB E9 93 F9 FF FF FF FF 01 08 F2 E8 56  |...............V|
00000020  10 9D 80 80 80 08 1A 2C 1D 00 00 80 00 00 00 00  |.......,........|
00000030  09 AE 84 47 ED D9 84 6A 02 12 0C 08 01 10 D1 BB  |...G...j........|
00000040  D5 BD 90 80 80 88 01 18 01 20 00 29 ED 05 83 EC  |......... .)....|
00000050  D9 84 6A 00                                      |..j.|

================================================================================
FILE: 056_out_5452_k_EMsgClientToGC.txt
================================================================================
File: 056_out_5452_k_EMsgClientToGC.bin
Size: 59 bytes

00000000  4C 15 00 80 1B 00 00 00 09 D1 5D B5 07 01 00 10  |L.........].....|
00000010  01 10 A0 FB E9 93 F9 FF FF FF FF 01 18 F2 E8 56  |...............V|
00000020  80 02 01 08 F2 E8 56 10 C0 C8 80 80 08 1A 0C 40  |......V........@|
00000030  24 00 80 00 00 00 00 0A 02 00 01                 |$..........|

================================================================================
FILE: 057_out_5452_k_EMsgClientToGC.txt
================================================================================
File: 057_out_5452_k_EMsgClientToGC.bin
Size: 64 bytes

00000000  4C 15 00 80 1B 00 00 00 09 D1 5D B5 07 01 00 10  |L.........].....|
00000010  01 10 A0 FB E9 93 F9 FF FF FF FF 01 18 F2 E8 56  |...............V|
00000020  80 02 01 08 F2 E8 56 10 B7 C8 80 80 08 1A 11 37  |......V........7|
00000030  24 00 80 09 00 00 00 51 01 00 00 00 00 00 00 00  |$......Q........|

================================================================================
FILE: 058_in_5453_k_EMsgClientFromGC.txt
================================================================================
File: 058_in_5453_k_EMsgClientFromGC.bin
Size: 60 bytes

00000000  4D 15 00 80 14 00 00 00 09 D1 5D B5 07 01 00 10  |M.........].....|
00000010  01 10 A0 FB E9 93 F9 FF FF FF FF 01 08 F2 E8 56  |...............V|
00000020  10 C1 C8 80 80 08 1A 14 41 24 00 80 00 00 00 00  |........A$......|
00000030  0A 04 08 00 12 00 0A 04 08 01 12 00              |............|

================================================================================
FILE: 059_in_5453_k_EMsgClientFromGC.txt
================================================================================
File: 059_in_5453_k_EMsgClientFromGC.bin
Size: 65 bytes

00000000  4D 15 00 80 14 00 00 00 09 D1 5D B5 07 01 00 10  |M.........].....|
00000010  01 10 A0 FB E9 93 F9 FF FF FF FF 01 08 F2 E8 56  |...............V|
00000020  10 B8 C8 80 80 08 1A 19 38 24 00 80 09 00 00 00  |........8$......|
00000030  59 01 00 00 00 00 00 00 00 08 00 10 64 18 64 20  |Y...........d.d |
00000040  00                                               |.|

================================================================================
FILE: 060_out_7501_k_EMsgClientRichPresenceUpload.txt
================================================================================
File: 060_out_7501_k_EMsgClientRichPresenceUpload.bin
Size: 129 bytes

00000000  4D 1D 00 80 1B 00 00 00 09 D1 5D B5 07 01 00 10  |M.........].....|
00000010  01 10 A0 FB E9 93 F9 FF FF FF FF 01 18 F2 E8 56  |...............V|
00000020  80 02 01 0A 53 00 52 50 00 01 73 74 65 61 6D 5F  |....S.RP..steam_|
00000030  64 69 73 70 6C 61 79 00 23 53 74 65 61 6D 5F 43  |display.#Steam_C|
00000040  69 74 61 64 65 6C 5F 52 50 5F 4D 61 69 6E 4D 65  |itadel_RP_MainMe|
00000050  6E 75 00 01 73 74 61 74 75 73 00 23 53 74 65 61  |nu..status.#Stea|
00000060  6D 5F 43 69 74 61 64 65 6C 5F 52 50 5F 4D 61 69  |m_Citadel_RP_Mai|
00000070  6E 4D 65 6E 75 00 08 08 11 BD E0 83 51 01 00 10  |nMenu.......Q...|
00000080  01                                               |.|

================================================================================
FILE: 061_in_766_k_EMsgClientPersonaState.txt
================================================================================
File: 061_in_766_k_EMsgClientPersonaState.bin
Size: 252 bytes

00000000  FE 02 00 80 14 00 00 00 09 D1 5D B5 07 01 00 10  |..........].....|
00000010  01 10 A0 FB E9 93 F9 FF FF FF FF 01 08 DF E6 01  |................|
00000020  12 D9 01 09 D1 5D B5 07 01 00 10 01 10 07 18 F2  |.....]..........|
00000030  E8 56 30 01 38 01 50 01 7A 07 69 67 73 76 65 66  |.V0.8.P.z.igsvef|
00000040  66 C9 01 00 00 00 00 00 00 00 00 FA 01 14 84 02  |f...............|
00000050  52 4F 63 40 0A 76 79 08 82 21 B6 E3 B9 9C D6 F4  |ROc@.vy..!......|
00000060  37 35 E8 02 8A F7 95 D4 06 F0 02 CA 92 97 D4 06  |75..............|
00000070  F8 02 84 A4 F8 D3 06 BA 03 00 C1 03 72 B4 15 00  |............r...|
00000080  00 00 00 00 E2 03 00 BA 04 2B 0A 0D 73 74 65 61  |.........+..stea|
00000090  6D 5F 64 69 73 70 6C 61 79 12 1A 23 53 74 65 61  |m_display..#Stea|
000000A0  6D 5F 43 69 74 61 64 65 6C 5F 52 50 5F 4D 61 69  |m_Citadel_RP_Mai|
000000B0  6E 4D 65 6E 75 BA 04 24 0A 06 73 74 61 74 75 73  |nMenu..$..status|
000000C0  12 1A 23 53 74 65 61 6D 5F 43 69 74 61 64 65 6C  |..#Steam_Citadel|
000000D0  5F 52 50 5F 4D 61 69 6E 4D 65 6E 75 C1 04 00 00  |_RP_MainMenu....|
000000E0  00 00 00 00 00 00 C9 04 00 00 00 00 00 00 00 00  |................|
000000F0  F8 04 00 80 05 00 88 05 00 98 05 01              |............|

================================================================================
FILE: 062_out_5432_k_EMsgClientAuthList.txt
================================================================================
File: 062_out_5432_k_EMsgClientAuthList.bin
Size: 164 bytes

00000000  38 15 00 80 17 00 00 00 09 D1 5D B5 07 01 00 10  |8.........].....|
00000010  01 10 A0 FB E9 93 F9 FF FF FF FF 01 80 02 01 08  |................|
00000020  09 10 00 18 00 22 77 08 00 10 FF FF FF FF 0F 19  |....."w.........|
00000030  00 00 00 00 00 00 00 00 21 72 B4 15 00 00 00 00  |........!r......|
00000040  00 28 84 80 14 30 D5 B6 83 58 3A 34 14 00 00 00  |.(...0...X:4....|
00000050  2E A2 27 38 C2 72 40 A1 D1 5D B5 07 01 00 10 01  |..'8.r@..]......|
00000060  4A C9 85 6A 18 00 00 00 01 00 00 00 02 00 00 00  |J..j............|
00000070  F7 01 C5 75 91 8F D7 C7 F3 BC 01 00 01 00 00 00  |...u............|
00000080  42 1A 73 74 65 61 6D 69 64 3A 39 30 32 39 31 32  |B.steamid:902912|
00000090  33 33 38 36 33 35 36 34 32 39 32 00 48 02 28 F2  |33863564292.H.(.|
000000A0  E8 56 30 01                                      |.V0.|

================================================================================
FILE: 063_in_5501_k_EMsgClientServersAvailable.txt
================================================================================
File: 063_in_5501_k_EMsgClientServersAvailable.bin
Size: 106 bytes

00000000  7D 15 00 80 14 00 00 00 09 D1 5D B5 07 01 00 10  |}.........].....|
00000010  01 10 A0 FB E9 93 F9 FF FF FF FF 01 0A 02 08 03  |................|
00000020  0A 04 08 29 10 00 0A 04 08 2A 10 00 0A 04 08 22  |...).....*....."|
00000030  10 00 0A 04 08 2D 10 00 0A 04 08 35 10 00 0A 04  |.....-.....5....|
00000040  08 3B 10 00 0A 04 08 77 10 00 0A 04 08 11 10 00  |.;.....w........|
00000050  0A 04 08 3A 10 01 0A 04 08 0E 10 00 0A 04 08 2F  |...:.........../|
00000060  10 00 0A 04 08 66 10 00 10 3A                    |.....f...:|

================================================================================
FILE: 064_out_5452_k_EMsgClientToGC.txt
================================================================================
File: 064_out_5452_k_EMsgClientToGC.bin
Size: 73 bytes

00000000  4C 15 00 80 1B 00 00 00 09 D1 5D B5 07 01 00 10  |L.........].....|
00000010  01 10 A0 FB E9 93 F9 FF FF FF FF 01 18 F2 E8 56  |...............V|
00000020  80 02 01 08 F2 E8 56 10 CC C7 80 80 08 1A 1A CC  |......V.........|
00000030  23 00 80 09 00 00 00 51 09 00 00 00 00 00 00 00  |#......Q........|
00000040  08 D1 BB D5 3D 10 00 18 00                       |....=....|

================================================================================
FILE: 065_in_5575_k_EMsgClientAuthListAck.txt
================================================================================
File: 065_in_5575_k_EMsgClientAuthListAck.bin
Size: 44 bytes

00000000  C7 15 00 80 1D 00 00 00 09 D1 5D B5 07 01 00 10  |..........].....|
00000010  01 10 A0 FB E9 93 F9 FF FF FF FF 01 59 FF FF FF  |............Y...|
00000020  FF FF FF FF FF 08 D5 B6 83 58 18 01              |.........X..|

================================================================================
FILE: 066_in_779_k_EMsgClientGameConnectTokens.txt
================================================================================
File: 066_in_779_k_EMsgClientGameConnectTokens.bin
Size: 52 bytes

00000000  0B 03 00 80 14 00 00 00 09 D1 5D B5 07 01 00 10  |..........].....|
00000010  01 10 A0 FB E9 93 F9 FF FF FF FF 01 08 0A 12 14  |................|
00000020  FD 3A 96 6D 2B F0 F3 55 D1 5D B5 07 01 00 10 01  |.:.m+..U.]......|
00000030  B7 C9 85 6A                                      |...j|

================================================================================
FILE: 067_in_5453_k_EMsgClientFromGC.txt
================================================================================
File: 067_in_5453_k_EMsgClientFromGC.bin
Size: 3880 bytes

00000000  4D 15 00 80 14 00 00 00 09 D1 5D B5 07 01 00 10  |M.........].....|
00000010  01 10 A0 FB E9 93 F9 FF FF FF FF 01 08 F2 E8 56  |...............V|
00000020  10 CD C7 80 80 08 1A FF 1D CD 23 00 80 09 00 00  |..........#.....|
00000030  00 59 09 00 00 00 00 00 00 00 08 01 12 E9 1D 08  |.Y..............|
00000040  D1 BB D5 3D 12 CC 01 08 00 10 01 10 02 10 03 10  |...=............|
00000050  04 10 05 10 06 10 07 10 08 10 09 10 0A 10 0B 10  |................|
00000060  0C 10 0D 10 0E 10 0F 10 10 10 11 18 D8 1B 18 BD  |................|
00000070  3A 18 DD 85 F0 08 18 F6 E2 03 18 D9 0E 18 CF 02  |:...............|
00000080  18 98 05 18 C2 9D 80 01 18 47 18 17 18 23 18 E8  |.........G...#..|
00000090  02 18 65 18 33 18 F5 C8 98 02 18 82 86 89 0C 18  |..e.3...........|
000000A0  B4 0C 20 CD 01 20 AA 02 20 A1 01 20 8C 01 20 01  |.. .. .. .. .. .|
000000B0  20 00 20 00 20 26 20 00 20 00 20 00 20 00 20 00  | . . & . . . . .|
000000C0  20 00 20 6B 20 03 20 00 28 5F 28 50 28 CB 02 28  | . k . .(_(P(..(|
000000D0  F2 01 28 00 28 00 28 00 28 03 28 00 28 00 28 00  |..(.(.(.(.(.(.(.|
000000E0  28 00 28 00 28 00 28 F4 01 28 A2 01 28 00 30 0B  |(.(.(.(..(..(.0.|
000000F0  30 01 30 76 30 2E 30 00 30 00 30 00 30 00 30 47  |0.0v0.0.0.0.0.0G|
00000100  30 17 30 23 30 E8 02 30 65 30 33 30 9D 01 30 F0  |0.0#0..0e030..0.|
00000110  03 30 00 12 97 01 08 01 10 01 10 02 10 03 10 04  |.0..............|
00000120  10 05 10 06 10 07 10 08 10 0A 10 0D 10 0E 10 0F  |................|
00000130  10 10 10 11 18 27 18 4D 18 A3 DF 0A 18 90 06 18  |.....'.M........|
00000140  18 18 04 18 07 18 9D FC 01 18 01 18 02 18 01 18  |................|
00000150  AE F5 01 18 E9 D5 0D 18 16 20 04 20 02 20 01 20  |......... . . . |
00000160  03 20 00 20 00 20 00 20 01 20 00 20 00 20 00 20  |. . . . . . . . |
00000170  02 20 00 20 00 28 01 28 01 28 05 28 03 28 00 28  |. . .(.(.(.(.(.(|
00000180  00 28 00 28 00 28 00 28 00 28 00 28 04 28 01 28  |.(.(.(.(.(.(.(.(|
00000190  00 30 00 30 00 30 00 30 00 30 00 30 00 30 00 30  |.0.0.0.0.0.0.0.0|
000001A0  00 30 01 30 02 30 01 30 00 30 05 30 00 12 77 08  |.0.0.0.0.0.0..w.|
000001B0  02 10 01 10 02 10 03 10 04 10 05 10 07 10 08 10  |................|
000001C0  0C 10 0F 10 10 10 11 18 07 18 0E 18 81 FA 03 18  |................|
000001D0  FB 01 18 03 18 03 18 AC 28 18 01 18 E4 57 18 DC  |........(....W..|
000001E0  8D 05 18 04 20 01 20 00 20 00 20 00 20 00 20 00  |.... . . . . . .|
000001F0  20 00 20 00 20 00 20 00 20 00 28 00 28 00 28 02  | . . . . .(.(.(.|
00000200  28 02 28 00 28 00 28 00 28 00 28 01 28 01 28 00  |(.(.(.(.(.(.(.(.|
00000210  30 00 30 00 30 00 30 00 30 00 30 00 30 00 30 01  |0.0.0.0.0.0.0.0.|
00000220  30 00 30 02 30 00 12 76 08 03 10 01 10 02 10 03  |0.0.0..v........|
00000230  10 04 10 05 10 06 10 07 10 08 10 0F 10 10 10 11  |................|
00000240  18 03 18 0D 18 95 A5 01 18 76 18 05 18 01 18 01  |.........v......|
00000250  18 F9 2B 18 EF 04 18 A1 EA 02 18 04 20 00 20 01  |..+......... . .|
00000260  20 00 20 00 20 00 20 00 20 00 20 00 20 00 20 00  | . . . . . . . .|
00000270  20 00 28 00 28 00 28 01 28 01 28 00 28 00 28 00  | .(.(.(.(.(.(.(.|
00000280  28 00 28 00 28 00 28 00 30 00 30 00 30 00 30 00  |(.(.(.(.0.0.0.0.|
00000290  30 00 30 00 30 00 30 00 30 00 30 01 30 00 12 8C  |0.0.0.0.0.0.0...|
000002A0  01 08 04 10 01 10 02 10 03 10 04 10 05 10 07 10  |................|
000002B0  08 10 0B 10 0C 10 0E 10 0F 10 10 10 11 18 02 18  |................|
000002C0  0E 18 BB D5 03 18 A9 01 18 11 18 02 18 E4 23 18  |..............#.|
000002D0  01 18 01 18 01 18 89 8A 02 18 9F A1 03 18 03 20  |............... |
000002E0  00 20 01 20 00 20 00 20 00 20 00 20 00 20 00 20  |. . . . . . . . |
000002F0  00 20 00 20 00 20 00 20 00 28 00 28 00 28 02 28  |. . . . .(.(.(.(|
00000300  01 28 00 28 00 28 00 28 00 28 00 28 00 28 00 28  |.(.(.(.(.(.(.(.(|
00000310  01 28 00 30 00 30 00 30 00 30 00 30 00 30 00 30  |.(.0.0.0.0.0.0.0|
00000320  00 30 01 30 01 30 01 30 02 30 01 30 00 12 83 01  |.0.0.0.0.0.0....|
00000330  08 07 10 01 10 02 10 03 10 04 10 05 10 06 10 07  |................|
00000340  10 08 10 0A 10 0F 10 10 10 11 18 16 18 2A 18 E5  |.............*..|
00000350  B6 05 18 8D 05 18 20 18 02 18 03 18 D1 A8 02 18  |...... .........|
00000360  01 18 DB C5 01 18 96 E7 08 18 0B 20 01 20 03 20  |........... . . |
00000370  01 20 00 20 00 20 00 20 00 20 00 20 00 20 00 20  |. . . . . . . . |
00000380  00 20 00 28 01 28 00 28 01 28 00 28 00 28 00 28  |. .(.(.(.(.(.(.(|
00000390  00 28 01 28 00 28 01 28 00 28 00 30 00 30 00 30  |.(.(.(.(.(.0.0.0|
000003A0  01 30 03 30 00 30 00 30 00 30 00 30 01 30 01 30  |.0.0.0.0.0.0.0.0|
000003B0  03 30 00 12 63 08 08 10 01 10 02 10 03 10 04 10  |.0..c...........|
000003C0  05 10 07 10 08 10 0F 10 10 18 01 18 0D 18 A7 8E  |................|
000003D0  02 18 9B 01 18 0A 18 01 18 C8 2C 18 80 2A 18 E5  |..........,..*..|
000003E0  AB 02 20 00 20 01 20 00 20 00 20 00 20 00 20 00  |.. . . . . . . .|
000003F0  20 00 20 00 28 00 28 00 28 01 28 01 28 00 28 00  | . .(.(.(.(.(.(.|
00000400  28 00 28 01 28 00 30 00 30 00 30 00 30 00 30 00  |(.(.(.0.0.0.0.0.|
00000410  30 00 30 00 30 00 30 01 12 77 08 0B 10 01 10 02  |0.0.0.0..w......|
00000420  10 03 10 04 10 06 10 07 10 08 10 0C 10 0F 10 10  |................|
00000430  10 11 18 04 18 0E 18 B9 EA 01 18 40 18 01 18 01  |...........@....|
00000440  18 BF 2B 18 01 18 C2 E2 02 18 80 F7 02 18 02 20  |..+............ |
00000450  00 20 01 20 00 20 01 20 00 20 00 20 00 20 00 20  |. . . . . . . . |
00000460  00 20 00 20 00 28 00 28 00 28 01 28 00 28 00 28  |. . .(.(.(.(.(.(|
00000470  00 28 00 28 00 28 00 28 00 28 00 30 00 30 00 30  |.(.(.(.(.(.0.0.0|
00000480  00 30 00 30 00 30 00 30 00 30 01 30 01 30 01 30  |.0.0.0.0.0.0.0.0|
00000490  00 12 B0 01 08 0E 10 01 10 02 10 03 10 04 10 05  |................|
000004A0  10 06 10 07 10 08 10 09 10 0A 10 0C 10 0D 10 0E  |................|
000004B0  10 0F 10 10 10 11 18 E8 02 18 9D 07 18 FD 8C 73  |...............s|
000004C0  18 A1 55 18 E4 03 18 20 18 46 18 85 AC 18 18 01  |..U.... .F......|
000004D0  18 04 18 02 18 07 18 01 18 AD D8 14 18 C9 AC A7  |................|
000004E0  01 18 B5 01 20 1F 20 20 20 0F 20 08 20 00 20 00  |.... .   . . . .|
000004F0  20 00 20 0D 20 00 20 00 20 00 20 00 20 00 20 0C  | . . . . . . . .|
00000500  20 00 20 00 28 07 28 0E 28 31 28 32 28 00 28 00  | . .(.(.(1(2(.(.|
00000510  28 00 28 00 28 00 28 00 28 00 28 00 28 00 28 15  |(.(.(.(.(.(.(.(.|
00000520  28 0D 28 00 30 00 30 00 30 06 30 0C 30 00 30 00  |(.(.0.0.0.0.0.0.|
00000530  30 00 30 00 30 01 30 04 30 02 30 07 30 01 30 0A  |0.0.0.0.0.0.0.0.|
00000540  30 39 30 00 12 56 08 10 10 01 10 03 10 04 10 07  |090..V..........|
00000550  10 0C 10 0F 10 10 10 11 18 01 18 ED 2D 18 04 18  |............-...|
00000560  01 18 01 18 C3 0D 18 80 AF 01 18 04 20 00 20 00  |............ . .|
00000570  20 00 20 00 20 00 20 00 20 00 20 00 28 00 28 00  | . . . . . .(.(.|
00000580  28 00 28 00 28 00 28 00 28 01 28 00 30 00 30 00  |(.(.(.(.(.(.0.0.|
00000590  30 00 30 00 30 01 30 00 30 00 30 00 12 79 08 12  |0.0.0.0.0.0..y..|
000005A0  10 01 10 02 10 03 10 04 10 05 10 06 10 07 10 08  |................|
000005B0  10 0F 10 10 10 11 18 2F 18 64 18 F2 FC 0D 18 C9  |......./.d......|
000005C0  0A 18 27 18 05 18 09 18 F6 A3 01 18 B3 E8 06 18  |..'.............|
000005D0  DA D3 15 18 1C 20 03 20 03 20 01 20 01 20 00 20  |..... . . . . . |
000005E0  00 20 00 20 00 20 00 20 00 20 00 28 01 28 01 28  |. . . . . .(.(.(|
000005F0  08 28 07 28 00 28 00 28 00 28 00 28 02 28 01 28  |.(.(.(.(.(.(.(.(|
00000600  00 30 00 30 00 30 00 30 01 30 00 30 00 30 00 30  |.0.0.0.0.0.0.0.0|
00000610  00 30 07 30 08 30 00 12 B8 01 08 13 10 01 10 02  |.0.0.0..........|
00000620  10 03 10 04 10 05 10 06 10 07 10 08 10 09 10 0A  |................|
00000630  10 0B 10 0C 10 0D 10 0E 10 0F 10 10 10 11 18 D2  |................|
00000640  01 18 D0 02 18 A1 E6 2E 18 9D 17 18 92 01 18 0D  |................|
00000650  18 19 18 DF EB 09 18 04 18 02 18 01 18 02 18 02  |................|
00000660  18 01 18 C0 9C 14 18 CD E5 37 18 42 20 08 20 0D  |.........7.B . .|
00000670  20 06 20 07 20 00 20 00 20 00 20 05 20 00 20 00  | . . . . . . . .|
00000680  20 00 20 00 20 00 20 00 20 00 20 00 20 00 28 0A  | . . . . . . .(.|
00000690  28 05 28 0E 28 0E 28 00 28 00 28 00 28 00 28 00  |(.(.(.(.(.(.(.(.|
000006A0  28 00 28 00 28 00 28 00 28 00 28 09 28 06 28 00  |(.(.(.(.(.(.(.(.|
000006B0  30 00 30 00 30 05 30 03 30 00 30 00 30 00 30 00  |0.0.0.0.0.0.0.0.|
000006C0  30 04 30 02 30 01 30 02 30 02 30 01 30 10 30 13  |0.0.0.0.0.0.0.0.|
000006D0  30 00 12 AD 01 08 19 10 01 10 02 10 03 10 04 10  |0...............|
000006E0  05 10 06 10 07 10 08 10 09 10 0A 10 0C 10 0D 10  |................|
000006F0  0E 10 0F 10 10 10 11 18 A9 01 18 EF 02 18 F4 B6  |................|
00000700  34 18 DE 1F 18 77 18 0E 18 18 18 98 9B 0E 18 03  |4....w..........|
00000710  18 03 18 03 18 02 18 02 18 8E BD 08 18 A1 F9 3D  |...............=|
00000720  18 3C 20 0A 20 0E 20 03 20 01 20 00 20 00 20 00  |.< . . . . . . .|
00000730  20 06 20 00 20 00 20 00 20 00 20 00 20 06 20 00  | . . . . . . . .|
00000740  20 00 28 05 28 06 28 0E 28 0F 28 00 28 00 28 00  | .(.(.(.(.(.(.(.|
00000750  28 02 28 00 28 00 28 00 28 00 28 00 28 0A 28 01  |(.(.(.(.(.(.(.(.|
00000760  28 00 30 01 30 00 30 07 30 08 30 00 30 00 30 00  |(.0.0.0.0.0.0.0.|
00000770  30 00 30 03 30 03 30 03 30 02 30 02 30 04 30 17  |0.0.0.0.0.0.0.0.|
00000780  30 00 12 BE 01 08 23 10 01 10 02 10 03 10 04 10  |0.....#.........|
00000790  05 10 06 10 07 10 08 10 09 10 0A 10 0B 10 0C 10  |................|
000007A0  0D 10 0E 10 0F 10 10 10 11 18 DD 05 18 FD 12 18  |................|
000007B0  EF F4 E2 02 18 A3 60 18 37 18 7F 18 85 02 18 CB  |......`.7.......|
000007C0  C3 10 18 14 18 01 18 16 18 FF 01 18 3F 18 11 18  |............?...|
000007D0  D7 C3 6A 18 D6 B6 BE 04 18 E4 03 20 34 20 6C 20  |..j........ 4 l |
000007E0  5A 20 42 20 01 20 00 20 00 20 00 20 00 20 00 20  |Z B . . . . . . |
000007F0  00 20 00 20 00 20 00 20 31 20 00 20 00 28 02 28  |. . . . 1 . .(.(|
00000800  0D 28 6E 28 18 28 00 28 00 28 00 28 00 28 00 28  |.(n(.(.(.(.(.(.(|
00000810  00 28 00 28 00 28 00 28 00 28 62 28 53 28 00 30  |.(.(.(.(.(b(S(.0|
00000820  00 30 00 30 18 30 00 30 00 30 00 30 00 30 00 30  |.0.0.0.0.0.0.0.0|
00000830  14 30 01 30 16 30 FF 01 30 3F 30 11 30 35 30 B2  |.0.0.0..0?0.050.|
00000840  01 30 00 12 AD 01 08 32 10 01 10 02 10 03 10 04  |.0.....2........|
00000850  10 05 10 06 10 07 10 08 10 09 10 0A 10 0C 10 0D  |................|
00000860  10 0E 10 0F 10 10 10 11 18 AE 01 18 E6 02 18 AB  |................|
00000870  EE 3C 18 9E 1C 18 57 18 0E 18 20 18 C2 B8 07 18  |.<....W... .....|
00000880  02 18 01 18 06 18 01 18 01 18 C5 F1 07 18 A3 B1  |................|
00000890  48 18 6D 20 0D 20 0F 20 04 20 0A 20 00 20 00 20  |H.m . . . . . . |
000008A0  00 20 01 20 00 20 00 20 00 20 00 20 00 20 09 20  |. . . . . . . . |
000008B0  00 20 00 28 05 28 03 28 12 28 0E 28 00 28 00 28  |. .(.(.(.(.(.(.(|
000008C0  00 28 00 28 00 28 00 28 00 28 00 28 00 28 12 28  |.(.(.(.(.(.(.(.(|
000008D0  0A 28 00 30 00 30 00 30 08 30 03 30 00 30 00 30  |.(.0.0.0.0.0.0.0|
000008E0  00 30 00 30 02 30 01 30 06 30 01 30 01 30 00 30  |.0.0.0.0.0.0.0.0|
000008F0  16 30 00 12 8D 01 08 3A 10 01 10 02 10 03 10 04  |.0.....:........|
00000900  10 06 10 07 10 08 10 09 10 0A 10 0C 10 0F 10 10  |................|
00000910  10 11 18 27 18 55 18 97 8D 11 18 E8 03 18 08 18  |...'.U..........|
00000920  10 18 DC FA 01 18 01 18 01 18 10 18 F9 9D 02 18  |................|
00000930  90 D5 1F 18 1B 20 03 20 02 20 09 20 01 20 00 20  |..... . . . . . |
00000940  00 20 00 20 00 20 00 20 00 20 03 20 00 20 00 28  |. . . . . . . .(|
00000950  00 28 00 28 02 28 00 28 00 28 00 28 00 28 00 28  |.(.(.(.(.(.(.(.(|
00000960  00 28 00 28 01 28 07 28 00 30 00 30 00 30 01 30  |.(.(.(.(.0.0.0.0|
00000970  00 30 00 30 00 30 00 30 01 30 01 30 10 30 01 30  |.0.0.0.0.0.0.0.0|
00000980  09 30 00 12 AE 01 08 3F 10 01 10 02 10 03 10 04  |.0.....?........|
00000990  10 05 10 06 10 07 10 08 10 09 10 0A 10 0C 10 0D  |................|
000009A0  10 0E 10 0F 10 10 10 11 18 B2 02 18 92 03 18 A1  |................|
000009B0  B2 4F 18 9E 28 18 C6 01 18 15 18 23 18 B6 CD 0B  |.O..(......#....|
000009C0  18 04 18 01 18 04 18 02 18 03 18 E9 9D 05 18 CD  |................|
000009D0  EB 5D 18 5E 20 11 20 15 20 02 20 07 20 00 20 00  |.].^ . . . . . .|
000009E0  20 00 20 05 20 00 20 00 20 00 20 00 20 00 20 0A  | . . . . . . . .|
000009F0  20 01 20 00 28 0E 28 04 28 14 28 15 28 00 28 00  | . .(.(.(.(.(.(.|
00000A00  28 00 28 00 28 00 28 00 28 00 28 00 28 00 28 06  |(.(.(.(.(.(.(.(.|
00000A10  28 03 28 00 30 01 30 00 30 0C 30 07 30 00 30 00  |(.(.0.0.0.0.0.0.|
00000A20  30 00 30 00 30 04 30 01 30 04 30 02 30 03 30 00  |0.0.0.0.0.0.0.0.|
00000A30  30 1F 30 00 12 BC 01 08 40 10 01 10 02 10 03 10  |0.0.....@.......|
00000A40  04 10 05 10 06 10 07 10 08 10 09 10 0A 10 0B 10  |................|
00000A50  0C 10 0D 10 0E 10 0F 10 10 10 11 18 8B 0A 18 A0  |................|
00000A60  0F 18 BF 8E BE 02 18 B6 7B 18 BD 04 18 51 18 8E  |........{....Q..|
00000A70  01 18 C6 A5 1E 18 22 18 07 18 07 18 36 18 11 18  |......".....6...|
00000A80  17 18 90 89 4F 18 B0 EA E4 02 18 88 03 20 34 20  |....O........ 4 |
00000A90  44 20 13 20 1D 20 00 20 00 20 00 20 07 20 00 20  |D . . . . . . . |
00000AA0  00 20 00 20 00 20 00 20 00 20 0C 20 01 20 00 28  |. . . . . . . .(|
00000AB0  2F 28 1E 28 45 28 4B 28 00 28 00 28 00 28 00 28  |/(.(E(K(.(.(.(.(|
00000AC0  00 28 00 28 00 28 00 28 00 28 00 28 38 28 19 28  |.(.(.(.(.(.(8(.(|
00000AD0  00 30 09 30 01 30 32 30 08 30 00 30 00 30 00 30  |.0.0.020.0.0.0.0|
00000AE0  00 30 22 30 07 30 07 30 36 30 11 30 17 30 37 30  |.0"0.0.060.0.070|
00000AF0  72 30 00 12 97 01 08 41 10 01 10 02 10 03 10 04  |r0.....A........|
00000B00  10 05 10 06 10 07 10 08 10 09 10 0A 10 0C 10 0F  |................|
00000B10  10 10 10 11 18 25 18 5E 18 8A 9D 11 18 E4 07 18  |.....%.^........|
00000B20  2B 18 02 18 08 18 C9 FE 01 18 01 18 01 18 02 18  |+...............|
00000B30  C4 F5 01 18 B6 D5 10 18 16 20 03 20 06 20 00 20  |......... . . . |
00000B40  01 20 00 20 00 20 00 20 00 20 00 20 00 20 00 20  |. . . . . . . . |
00000B50  02 20 00 20 00 28 00 28 00 28 04 28 05 28 00 28  |. . .(.(.(.(.(.(|
00000B60  00 28 00 28 00 28 00 28 00 28 00 28 04 28 04 28  |.(.(.(.(.(.(.(.(|
00000B70  00 30 00 30 00 30 03 30 01 30 00 30 00 30 00 30  |.0.0.0.0.0.0.0.0|
00000B80  00 30 01 30 01 30 02 30 00 30 04 30 00 12 6D 08  |.0.0.0.0.0.0..m.|
00000B90  43 10 01 10 02 10 03 10 04 10 06 10 07 10 08 10  |C...............|
00000BA0  0F 10 10 10 11 18 03 18 13 18 FB CA 01 18 BE 01  |................|
00000BB0  18 01 18 01 18 B8 2C 18 88 3D 18 BD FE 02 18 04  |......,..=......|
00000BC0  20 00 20 01 20 00 20 00 20 00 20 00 20 00 20 00  | . . . . . . . .|
00000BD0  20 00 20 00 28 00 28 00 28 01 28 01 28 00 28 00  | . .(.(.(.(.(.(.|
00000BE0  28 00 28 01 28 00 28 00 30 00 30 00 30 00 30 00  |(.(.(.(.0.0.0.0.|
00000BF0  30 00 30 00 30 00 30 00 30 01 30 00 12 81 01 08  |0.0.0.0.0.0.....|
00000C00  45 10 01 10 02 10 03 10 04 10 05 10 06 10 07 10  |E...............|
00000C10  08 10 0D 10 0F 10 10 10 11 18 05 18 1C 18 AF B5  |................|
00000C20  01 18 94 01 18 03 18 01 18 01 18 D8 0A 18 01 18  |................|
00000C30  D5 03 18 CE DD 02 18 06 20 01 20 00 20 00 20 00  |........ . . . .|
00000C40  20 00 20 00 20 00 20 00 20 00 20 00 20 00 20 00  | . . . . . . . .|
00000C50  28 00 28 01 28 01 28 01 28 00 28 00 28 00 28 00  |(.(.(.(.(.(.(.(.|
00000C60  28 00 28 00 28 00 28 00 30 00 30 00 30 00 30 00  |(.(.(.(.0.0.0.0.|
00000C70  30 00 30 00 30 00 30 00 30 01 30 00 30 01 30 00  |0.0.0.0.0.0.0.0.|
00000C80  12 83 01 08 48 10 01 10 02 10 03 10 04 10 05 10  |....H...........|
00000C90  06 10 07 10 08 10 0D 10 0F 10 10 10 11 18 2E 18  |................|
00000CA0  5B 18 C7 D9 0A 18 B9 05 18 18 18 03 18 06 18 D8  |[...............|
00000CB0  B6 01 18 01 18 90 87 04 18 E5 81 0E 18 23 20 02  |.............# .|
00000CC0  20 02 20 03 20 02 20 00 20 00 20 00 20 00 20 00  | . . . . . . . .|
00000CD0  20 00 20 01 20 00 28 02 28 02 28 02 28 04 28 00  | . . .(.(.(.(.(.|
00000CE0  28 00 28 00 28 00 28 00 28 04 28 01 28 00 30 00  |(.(.(.(.(.(.(.0.|
00000CF0  30 00 30 01 30 00 30 00 30 00 30 00 30 00 30 01  |0.0.0.0.0.0.0.0.|
00000D00  30 02 30 04 30 00 12 6C 08 4C 10 01 10 02 10 03  |0.0.0..l.L......|
00000D10  10 04 10 05 10 07 10 08 10 0F 10 10 10 11 18 06  |................|
00000D20  18 09 18 EC F2 01 18 5B 18 05 18 01 18 EF 18 18  |.......[........|
00000D30  B0 57 18 C1 D2 01 18 01 20 01 20 00 20 00 20 01  |.W...... . . . .|
00000D40  20 00 20 00 20 00 20 00 20 00 20 00 28 00 28 00  | . . . . . .(.(.|
00000D50  28 01 28 00 28 00 28 00 28 00 28 00 28 01 28 00  |(.(.(.(.(.(.(.(.|
00000D60  30 00 30 00 30 00 30 00 30 00 30 00 30 00 30 01  |0.0.0.0.0.0.0.0.|
00000D70  30 00 30 00 12 76 08 4D 10 01 10 02 10 03 10 04  |0.0..v.M........|
00000D80  10 06 10 07 10 08 10 0C 10 0F 10 10 10 11 18 04  |................|
00000D90  18 0A 18 B7 B4 01 18 22 18 01 18 01 18 B9 0D 18  |......."........|
00000DA0  01 18 A2 27 18 D0 89 02 18 01 20 00 20 01 20 00  |...'...... . . .|
00000DB0  20 00 20 00 20 00 20 00 20 00 20 00 20 00 20 00  | . . . . . . . .|
00000DC0  28 00 28 00 28 01 28 00 28 00 28 00 28 00 28 00  |(.(.(.(.(.(.(.(.|
00000DD0  28 01 28 00 28 00 30 00 30 00 30 00 30 00 30 00  |(.(.(.0.0.0.0.0.|
00000DE0  30 00 30 00 30 01 30 00 30 01 30 00 12 96 01 08  |0.0.0.0.0.0.....|
00000DF0  4F 10 01 10 02 10 03 10 04 10 05 10 06 10 07 10  |O...............|
00000E00  08 10 0B 10 0C 10 0D 10 0F 10 10 10 11 18 0A 18  |................|
00000E10  3C 18 B7 FA 06 18 EF 03 18 08 18 02 18 08 18 9D  |<...............|
00000E20  30 18 02 18 07 18 03 18 83 B9 04 18 E2 B7 12 18  |0...............|
00000E30  0F 20 00 20 01 20 04 20 02 20 00 20 00 20 00 20  |. . . . . . . . |
00000E40  00 20 00 20 00 20 00 20 01 20 00 20 00 28 00 28  |. . . . . . .(.(|
00000E50  00 28 02 28 02 28 00 28 00 28 00 28 00 28 00 28  |.(.(.(.(.(.(.(.(|
00000E60  00 28 00 28 04 28 02 28 00 30 00 30 00 30 00 30  |.(.(.(.(.0.0.0.0|
00000E70  00 30 00 30 00 30 00 30 00 30 02 30 07 30 03 30  |.0.0.0.0.0.0.0.0|
00000E80  03 30 06 30 00 12 A0 01 08 50 10 01 10 02 10 03  |.0.0.....P......|
00000E90  10 04 10 05 10 06 10 07 10 08 10 09 10 0B 10 0C  |................|
00000EA0  10 0E 10 0F 10 10 10 11 18 19 18 21 18 CD E3 06  |...........!....|
00000EB0  18 A3 02 18 06 18 02 18 05 18 F7 24 18 01 18 02  |...........$....|
00000EC0  18 04 18 01 18 C9 83 02 18 D2 A4 0A 18 0D 20 03  |.............. .|
00000ED0  20 02 20 03 20 00 20 00 20 00 20 00 20 00 20 00  | . . . . . . . .|
00000EE0  20 00 20 00 20 00 20 01 20 00 20 00 28 00 28 00  | . . . . . .(.(.|
00000EF0  28 02 28 01 28 00 28 00 28 00 28 00 28 00 28 00  |(.(.(.(.(.(.(.(.|
00000F00  28 00 28 00 28 02 28 01 28 00 30 00 30 00 30 00  |(.(.(.(.(.0.0.0.|
00000F10  30 00 30 00 30 00 30 00 30 00 30 01 30 02 30 04  |0.0.0.0.0.0.0.0.|
00000F20  30 01 30 01 30 04 30 00                          |0.0.0.0.|

================================================================================
FILE: 068_in_5429_k_EMsgClientTicketAuthComplete.txt
================================================================================
File: 068_in_5429_k_EMsgClientTicketAuthComplete.bin
Size: 64 bytes

00000000  35 15 00 80 14 00 00 00 09 D1 5D B5 07 01 00 10  |5.........].....|
00000010  01 10 A0 FB E9 93 F9 FF FF FF FF 01 09 04 FC C4  |................|
00000020  18 66 C7 40 01 11 72 B4 15 00 00 00 00 00 18 02  |.f.@..r.........|
00000030  20 00 30 D5 B6 83 58 41 D1 5D B5 07 01 00 10 01  | .0...XA.]......|

================================================================================
FILE: 069_out_5410_k_EMsgClientGamesPlayedWithDataBlob.txt
================================================================================
File: 069_out_5410_k_EMsgClientGamesPlayedWithDataBlob.bin
Size: 123 bytes

00000000  22 15 00 80 17 00 00 00 09 D1 5D B5 07 01 00 10  |".........].....|
00000010  01 10 A0 FB E9 93 F9 FF FF FF FF 01 80 02 01 0A  |................|
00000020  54 08 84 F8 93 C6 E1 EC B1 A0 01 11 72 B4 15 00  |T...........r...|
00000030  00 00 00 00 20 00 28 00 32 00 3A 00 48 E8 77 50  |.... .(.2.:.H.wP|
00000040  00 58 01 60 D1 BB D5 3D 78 01 A8 01 94 03 BA 01  |.X.`...=x.......|
00000050  00 C8 01 FF FF FF FF FF FF FF FF FF 01 D0 01 D1  |................|
00000060  8A E6 0B F2 01 00 F8 01 00 82 02 09 08 E8 77 10  |..............w.|
00000070  E0 D9 01 18 01 10 14 18 00 20 00                 |......... .|

================================================================================
FILE: 070_in_779_k_EMsgClientGameConnectTokens.txt
================================================================================
File: 070_in_779_k_EMsgClientGameConnectTokens.bin
Size: 52 bytes

00000000  0B 03 00 80 14 00 00 00 09 D1 5D B5 07 01 00 10  |..........].....|
00000010  01 10 A0 FB E9 93 F9 FF FF FF FF 01 08 0A 12 14  |................|
00000020  D5 76 15 04 13 E9 37 12 D1 5D B5 07 01 00 10 01  |.v....7..]......|
00000030  B8 C9 85 6A                                      |...j|

================================================================================
FILE: 071_in_766_k_EMsgClientPersonaState.txt
================================================================================
File: 071_in_766_k_EMsgClientPersonaState.bin
Size: 244 bytes

00000000  FE 02 00 80 14 00 00 00 09 D1 5D B5 07 01 00 10  |..........].....|
00000010  01 10 A0 FB E9 93 F9 FF FF FF FF 01 08 08 12 D3  |................|
00000020  01 09 D1 5D B5 07 01 00 10 01 10 00 18 F2 E8 56  |...]...........V|
00000030  30 01 38 01 7A 07 69 67 73 76 65 66 66 C9 01 04  |0.8.z.igsveff...|
00000040  FC C4 18 66 C7 40 01 FA 01 14 84 02 52 4F 63 40  |...f.@......ROc@|
00000050  0A 76 79 08 82 21 B6 E3 B9 9C D6 F4 37 35 E8 02  |.vy..!......75..|
00000060  8A F7 95 D4 06 F0 02 CA 92 97 D4 06 F8 02 00 BA  |................|
00000070  03 00 C1 03 72 B4 15 00 00 00 00 00 E2 03 00 BA  |....r...........|
00000080  04 2B 0A 0D 73 74 65 61 6D 5F 64 69 73 70 6C 61  |.+..steam_displa|
00000090  79 12 1A 23 53 74 65 61 6D 5F 43 69 74 61 64 65  |y..#Steam_Citade|
000000A0  6C 5F 52 50 5F 4D 61 69 6E 4D 65 6E 75 BA 04 24  |l_RP_MainMenu..$|
000000B0  0A 06 73 74 61 74 75 73 12 1A 23 53 74 65 61 6D  |..status..#Steam|
000000C0  5F 43 69 74 61 64 65 6C 5F 52 50 5F 4D 61 69 6E  |_Citadel_RP_Main|
000000D0  4D 65 6E 75 C1 04 00 00 00 00 00 00 00 00 C9 04  |Menu............|
000000E0  00 00 00 00 00 00 00 00 F8 04 00 80 05 00 88 05  |................|
000000F0  00 98 05 01                                      |....|

================================================================================
FILE: 072_in_766_k_EMsgClientPersonaState.txt
================================================================================
File: 072_in_766_k_EMsgClientPersonaState.bin
Size: 252 bytes

00000000  FE 02 00 80 14 00 00 00 09 D1 5D B5 07 01 00 10  |..........].....|
00000010  01 10 A0 FB E9 93 F9 FF FF FF FF 01 08 DF E6 01  |................|
00000020  12 D9 01 09 D1 5D B5 07 01 00 10 01 10 07 18 F2  |.....]..........|
00000030  E8 56 30 01 38 01 50 01 7A 07 69 67 73 76 65 66  |.V0.8.P.z.igsvef|
00000040  66 C9 01 00 00 00 00 00 00 00 00 FA 01 14 84 02  |f...............|
00000050  52 4F 63 40 0A 76 79 08 82 21 B6 E3 B9 9C D6 F4  |ROc@.vy..!......|
00000060  37 35 E8 02 8A F7 95 D4 06 F0 02 CA 92 97 D4 06  |75..............|
00000070  F8 02 84 A4 F8 D3 06 BA 03 00 C1 03 72 B4 15 00  |............r...|
00000080  00 00 00 00 E2 03 00 BA 04 2B 0A 0D 73 74 65 61  |.........+..stea|
00000090  6D 5F 64 69 73 70 6C 61 79 12 1A 23 53 74 65 61  |m_display..#Stea|
000000A0  6D 5F 43 69 74 61 64 65 6C 5F 52 50 5F 4D 61 69  |m_Citadel_RP_Mai|
000000B0  6E 4D 65 6E 75 BA 04 24 0A 06 73 74 61 74 75 73  |nMenu..$..status|
000000C0  12 1A 23 53 74 65 61 6D 5F 43 69 74 61 64 65 6C  |..#Steam_Citadel|
000000D0  5F 52 50 5F 4D 61 69 6E 4D 65 6E 75 C1 04 00 00  |_RP_MainMenu....|
000000E0  00 00 00 00 00 00 C9 04 00 00 00 00 00 00 00 00  |................|
000000F0  F8 04 00 80 05 00 88 05 00 98 05 01              |............|

================================================================================
FILE: 073_out_7501_k_EMsgClientRichPresenceUpload.txt
================================================================================
File: 073_out_7501_k_EMsgClientRichPresenceUpload.bin
Size: 133 bytes

00000000  4D 1D 00 80 1B 00 00 00 09 D1 5D B5 07 01 00 10  |M.........].....|
00000010  01 10 A0 FB E9 93 F9 FF FF FF FF 01 18 F2 E8 56  |...............V|
00000020  80 02 01 0A 57 00 52 50 00 01 73 74 65 61 6D 5F  |....W.RP..steam_|
00000030  64 69 73 70 6C 61 79 00 23 53 74 65 61 6D 5F 43  |display.#Steam_C|
00000040  69 74 61 64 65 6C 5F 48 69 64 65 6F 75 74 5F 50  |itadel_Hideout_P|
00000050  72 6F 77 6C 00 01 73 74 61 74 75 73 00 23 53 74  |rowl..status.#St|
00000060  65 61 6D 5F 43 69 74 61 64 65 6C 5F 48 69 64 65  |eam_Citadel_Hide|
00000070  6F 75 74 5F 50 72 6F 77 6C 00 08 08 11 BD E0 83  |out_Prowl.......|
00000080  51 01 00 10 01                                   |Q....|

================================================================================
FILE: 074_in_766_k_EMsgClientPersonaState.txt
================================================================================
File: 074_in_766_k_EMsgClientPersonaState.bin
Size: 256 bytes

00000000  FE 02 00 80 14 00 00 00 09 D1 5D B5 07 01 00 10  |..........].....|
00000010  01 10 A0 FB E9 93 F9 FF FF FF FF 01 08 DF E6 01  |................|
00000020  12 DD 01 09 D1 5D B5 07 01 00 10 01 10 07 18 F2  |.....]..........|
00000030  E8 56 30 01 38 01 50 01 7A 07 69 67 73 76 65 66  |.V0.8.P.z.igsvef|
00000040  66 C9 01 00 00 00 00 00 00 00 00 FA 01 14 84 02  |f...............|
00000050  52 4F 63 40 0A 76 79 08 82 21 B6 E3 B9 9C D6 F4  |ROc@.vy..!......|
00000060  37 35 E8 02 8A F7 95 D4 06 F0 02 CA 92 97 D4 06  |75..............|
00000070  F8 02 84 A4 F8 D3 06 BA 03 00 C1 03 72 B4 15 00  |............r...|
00000080  00 00 00 00 E2 03 00 BA 04 2D 0A 0D 73 74 65 61  |.........-..stea|
00000090  6D 5F 64 69 73 70 6C 61 79 12 1C 23 53 74 65 61  |m_display..#Stea|
000000A0  6D 5F 43 69 74 61 64 65 6C 5F 48 69 64 65 6F 75  |m_Citadel_Hideou|
000000B0  74 5F 50 72 6F 77 6C BA 04 26 0A 06 73 74 61 74  |t_Prowl..&..stat|
000000C0  75 73 12 1C 23 53 74 65 61 6D 5F 43 69 74 61 64  |us..#Steam_Citad|
000000D0  65 6C 5F 48 69 64 65 6F 75 74 5F 50 72 6F 77 6C  |el_Hideout_Prowl|
000000E0  C1 04 00 00 00 00 00 00 00 00 C9 04 00 00 00 00  |................|
000000F0  00 00 00 00 F8 04 00 80 05 00 88 05 00 98 05 01  |................|

================================================================================
FILE: 075_out_5452_k_EMsgClientToGC.txt
================================================================================
File: 075_out_5452_k_EMsgClientToGC.bin
Size: 74 bytes

00000000  4C 15 00 80 1B 00 00 00 09 D1 5D B5 07 01 00 10  |L.........].....|
00000010  01 10 A0 FB E9 93 F9 FF FF FF FF 01 18 F2 E8 56  |...............V|
00000020  80 02 01 08 F2 E8 56 10 C0 C6 80 80 08 1A 1B 40  |......V........@|
00000030  23 00 80 09 00 00 00 51 0C 00 00 00 00 00 00 00  |#......Q........|
00000040  08 BD C1 8F 8C 05 10 00 18 01                    |..........|

================================================================================
FILE: 076_out_5452_k_EMsgClientToGC.txt
================================================================================
File: 076_out_5452_k_EMsgClientToGC.bin
Size: 66 bytes

00000000  4C 15 00 80 1B 00 00 00 09 D1 5D B5 07 01 00 10  |L.........].....|
00000010  01 10 A0 FB E9 93 F9 FF FF FF FF 01 18 F2 E8 56  |...............V|
00000020  80 02 01 08 F2 E8 56 10 EF C7 80 80 08 1A 13 EF  |......V.........|
00000030  23 00 80 09 00 00 00 51 0D 00 00 00 00 00 00 00  |#......Q........|
00000040  08 00                                            |..|

================================================================================
FILE: 077_in_5453_k_EMsgClientFromGC.txt
================================================================================
File: 077_in_5453_k_EMsgClientFromGC.bin
Size: 59 bytes

00000000  4D 15 00 80 14 00 00 00 09 D1 5D B5 07 01 00 10  |M.........].....|
00000010  01 10 A0 FB E9 93 F9 FF FF FF FF 01 08 F2 E8 56  |...............V|
00000020  10 F0 C7 80 80 08 1A 13 F0 23 00 80 09 00 00 00  |.........#......|
00000030  59 0D 00 00 00 00 00 00 00 08 01                 |Y..........|

================================================================================
FILE: 078_in_5453_k_EMsgClientFromGC.txt
================================================================================
File: 078_in_5453_k_EMsgClientFromGC.bin
Size: 100 bytes

00000000  4D 15 00 80 14 00 00 00 09 D1 5D B5 07 01 00 10  |M.........].....|
00000010  01 10 A0 FB E9 93 F9 FF FF FF FF 01 08 F2 E8 56  |...............V|
00000020  10 C1 C6 80 80 08 1A 3C 41 23 00 80 09 00 00 00  |.......<A#......|
00000030  59 0C 00 00 00 00 00 00 00 08 BD C1 8F 8C 05 12  |Y...............|
00000040  09 08 00 12 05 08 03 10 8B 05 12 09 08 01 12 05  |................|
00000050  08 02 10 D2 11 12 0B 08 02 1A 07 08 51 10 4F 18  |............Q.O.|
00000060  94 05 18 15                                      |....|

================================================================================
FILE: 079_out_5452_k_EMsgClientToGC.txt
================================================================================
File: 079_out_5452_k_EMsgClientToGC.bin
Size: 74 bytes

00000000  4C 15 00 80 1B 00 00 00 09 D1 5D B5 07 01 00 10  |L.........].....|
00000010  01 10 A0 FB E9 93 F9 FF FF FF FF 01 18 F2 E8 56  |...............V|
00000020  80 02 01 08 F2 E8 56 10 CC C7 80 80 08 1A 1B CC  |......V.........|
00000030  23 00 80 09 00 00 00 51 0E 00 00 00 00 00 00 00  |#......Q........|
00000040  08 BD C1 8F 8C 05 10 00 18 01                    |..........|

================================================================================
FILE: 080_in_5453_k_EMsgClientFromGC.txt
================================================================================
File: 080_in_5453_k_EMsgClientFromGC.bin
Size: 4724 bytes

00000000  4D 15 00 80 14 00 00 00 09 D1 5D B5 07 01 00 10  |M.........].....|
00000010  01 10 A0 FB E9 93 F9 FF FF FF FF 01 08 F2 E8 56  |...............V|
00000020  10 CD C7 80 80 08 1A CB 24 CD 23 00 80 09 00 00  |........$.#.....|
00000030  00 59 0E 00 00 00 00 00 00 00 08 01 12 B5 24 08  |.Y............$.|
00000040  BD C1 8F 8C 05 12 CC 01 08 00 10 01 10 02 10 03  |................|
00000050  10 04 10 05 10 06 10 07 10 08 10 09 10 0A 10 0B  |................|
00000060  10 0C 10 0D 10 0E 10 0F 10 10 10 11 18 AB 11 18  |................|
00000070  9C 37 18 F0 D2 82 07 18 E5 FD 04 18 E1 07 18 A9  |.7..............|
00000080  02 18 8B 05 18 91 BD FE 01 18 10 18 62 18 0A 18  |............b...|
00000090  DA 01 18 4B 18 0C 18 8F FD FD 01 18 ED 9E DF 0B  |...K............|
000000A0  18 CB 0B 20 A1 01 20 A0 02 20 E2 01 20 87 01 20  |... .. .. .. .. |
000000B0  00 20 00 20 00 20 71 20 00 20 00 20 00 20 00 20  |. . . q . . . . |
000000C0  00 20 00 20 80 01 20 1A 20 00 28 1A 28 3C 28 91  |. . .. . .(.(<(.|
000000D0  02 28 83 02 28 00 28 00 28 00 28 17 28 00 28 00  |.(..(.(.(.(.(.(.|
000000E0  28 00 28 00 28 00 28 00 28 A9 02 28 9C 01 28 00  |(.(.(.(.(..(..(.|
000000F0  30 00 30 01 30 3A 30 73 30 00 30 00 30 00 30 00  |0.0.0:0s0.0.0.0.|
00000100  30 10 30 62 30 0A 30 DA 01 30 4B 30 0C 30 74 30  |0.0b0.0..0K0.0t0|
00000110  CF 03 30 00 12 8C 01 08 01 10 01 10 02 10 03 10  |..0.............|
00000120  04 10 06 10 07 10 08 10 0A 10 0C 10 0D 10 0F 10  |................|
00000130  10 10 11 18 07 18 30 18 CD F6 04 18 FD 01 18 02  |......0.........|
00000140  18 06 18 94 4E 18 01 18 06 18 02 18 CE D3 01 18  |....N...........|
00000150  A0 97 0B 18 10 20 00 20 01 20 01 20 00 20 00 20  |..... . . . . . |
00000160  00 20 00 20 00 20 00 20 00 20 02 20 00 20 00 28  |. . . . . . . .(|
00000170  00 28 01 28 02 28 01 28 00 28 00 28 00 28 00 28  |.(.(.(.(.(.(.(.(|
00000180  00 28 00 28 01 28 03 28 00 30 00 30 00 30 00 30  |.(.(.(.(.0.0.0.0|
00000190  00 30 00 30 00 30 00 30 01 30 06 30 02 30 01 30  |.0.0.0.0.0.0.0.0|
000001A0  03 30 00 12 8B 01 08 02 10 01 10 02 10 03 10 04  |.0..............|
000001B0  10 05 10 06 10 07 10 08 10 0C 10 0E 10 0F 10 10  |................|
000001C0  10 11 18 07 18 12 18 87 8B 04 18 CB 02 18 04 18  |................|
000001D0  01 18 03 18 B3 7A 18 01 18 01 18 C9 4C 18 F2 A9  |.....z......L...|
000001E0  05 18 06 20 01 20 01 20 01 20 02 20 00 20 00 20  |... . . . . . . |
000001F0  00 20 00 20 00 20 00 20 01 20 01 20 00 28 00 28  |. . . . . . .(.(|
00000200  00 28 02 28 00 28 00 28 00 28 00 28 00 28 00 28  |.(.(.(.(.(.(.(.(|
00000210  00 28 01 28 00 28 00 30 00 30 00 30 00 30 01 30  |.(.(.(.0.0.0.0.0|
00000220  00 30 00 30 00 30 00 30 01 30 01 30 00 30 02 30  |.0.0.0.0.0.0.0.0|
00000230  00 12 57 08 03 10 02 10 03 10 04 10 05 10 07 10  |..W.............|
00000240  08 10 0F 10 10 18 08 18 85 3F 18 4F 18 02 18 02  |.........?.O....|
00000250  18 A4 04 18 D8 01 18 DA B7 02 20 00 20 00 20 01  |.......... . . .|
00000260  20 00 20 00 20 00 20 00 20 01 28 00 28 00 28 00  | . . . . .(.(.(.|
00000270  28 00 28 00 28 00 28 00 28 01 30 00 30 00 30 00  |(.(.(.(.(.0.0.0.|
00000280  30 00 30 00 30 00 30 00 30 00 12 8D 01 08 04 10  |0.0.0.0.0.......|
00000290  01 10 02 10 03 10 04 10 05 10 06 10 07 10 08 10  |................|
000002A0  0A 10 0B 10 0F 10 10 10 11 18 02 18 37 18 FE EC  |............7...|
000002B0  05 18 C6 03 18 04 18 01 18 04 18 E1 89 01 18 01  |................|
000002C0  18 01 18 8C B1 05 18 BE F1 08 18 0B 20 00 20 01  |............ . .|
000002D0  20 00 20 01 20 00 20 00 20 00 20 01 20 00 20 00  | . . . . . . . .|
000002E0  20 01 20 01 20 00 28 00 28 01 28 03 28 02 28 00  | . . .(.(.(.(.(.|
000002F0  28 00 28 00 28 00 28 00 28 00 28 00 28 00 28 00  |(.(.(.(.(.(.(.(.|
00000300  30 00 30 00 30 00 30 00 30 00 30 00 30 00 30 00  |0.0.0.0.0.0.0.0.|
00000310  30 01 30 01 30 03 30 03 30 00 12 6B 08 06 10 01  |0.0.0.0.0..k....|
00000320  10 02 10 03 10 04 10 05 10 07 10 08 10 0F 10 10  |................|
00000330  10 11 18 04 18 0A 18 C5 6F 18 5B 18 02 18 01 18  |........o.[.....|
00000340  A5 0F 18 87 45 18 BE E4 01 18 01 20 00 20 01 20  |....E...... . . |
00000350  01 20 01 20 00 20 00 20 00 20 00 20 00 20 00 28  |. . . . . . . .(|
00000360  00 28 00 28 00 28 00 28 00 28 00 28 00 28 01 28  |.(.(.(.(.(.(.(.(|
00000370  01 28 00 30 00 30 00 30 00 30 00 30 00 30 00 30  |.(.0.0.0.0.0.0.0|
00000380  00 30 00 30 00 30 00 12 8D 01 08 07 10 01 10 02  |.0.0.0..........|
00000390  10 03 10 04 10 05 10 06 10 07 10 08 10 0A 10 0C  |................|
000003A0  10 0F 10 10 10 11 18 19 18 52 18 DC CE 08 18 ED  |.........R......|
000003B0  0A 18 17 18 03 18 0A 18 D5 9A 06 18 02 18 01 18  |................|
000003C0  A8 BE 02 18 AE 9D 14 18 1C 20 01 20 04 20 03 20  |......... . . . |
000003D0  01 20 00 20 00 20 00 20 03 20 00 20 00 20 02 20  |. . . . . . . . |
000003E0  01 20 00 28 01 28 00 28 01 28 04 28 00 28 00 28  |. .(.(.(.(.(.(.(|
000003F0  00 28 02 28 00 28 00 28 02 28 05 28 00 30 00 30  |.(.(.(.(.(.(.0.0|
00000400  00 30 01 30 03 30 00 30 00 30 00 30 00 30 02 30  |.0.0.0.0.0.0.0.0|
00000410  01 30 01 30 04 30 00 12 A6 01 08 08 10 01 10 02  |.0.0.0..........|
00000420  10 03 10 04 10 05 10 06 10 07 10 08 10 0A 10 0B  |................|
00000430  10 0C 10 0D 10 0F 10 10 10 11 18 EF 01 18 ED 07  |................|
00000440  18 E5 80 71 18 F6 49 18 C3 01 18 2B 18 54 18 A2  |...q..I....+.T..|
00000450  CB 14 18 06 18 01 18 13 18 0D 18 FF F5 21 18 F2  |.............!..|
00000460  F8 B1 01 18 C6 01 20 12 20 29 20 1A 20 17 20 00  |...... . ) . . .|
00000470  20 00 20 00 20 06 20 00 20 00 20 00 20 00 20 0D  | . . . . . . . .|
00000480  20 04 20 00 28 02 28 0B 28 24 28 21 28 00 28 00  | . .(.(.($(!(.(.|
00000490  28 00 28 00 28 00 28 00 28 00 28 00 28 23 28 1C  |(.(.(.(.(.(.(#(.|
000004A0  28 00 30 00 30 00 30 06 30 0A 30 00 30 00 30 00  |(.0.0.0.0.0.0.0.|
000004B0  30 00 30 06 30 01 30 13 30 0D 30 12 30 32 30 00  |0.0.0.0.0.0.020.|
000004C0  12 6C 08 0A 10 01 10 02 10 03 10 04 10 05 10 07  |.l..............|
000004D0  10 08 10 0F 10 10 10 11 18 01 18 07 18 F8 76 18  |..............v.|
000004E0  CF 01 18 04 18 01 18 EF 24 18 9B 09 18 FA B5 02  |........$.......|
000004F0  18 02 20 00 20 00 20 01 20 00 20 00 20 00 20 00  |.. . . . . . . .|
00000500  20 00 20 00 20 00 28 00 28 00 28 00 28 00 28 00  | . . .(.(.(.(.(.|
00000510  28 00 28 00 28 00 28 00 28 00 30 00 30 00 30 00  |(.(.(.(.(.0.0.0.|
00000520  30 01 30 00 30 00 30 00 30 00 30 01 30 00 12 98  |0.0.0.0.0.0.0...|
00000530  01 08 0B 10 01 10 02 10 03 10 04 10 05 10 06 10  |................|
00000540  07 10 08 10 0A 10 0C 10 0D 10 0F 10 10 10 11 18  |................|
00000550  71 18 F0 03 18 AC 9C 32 18 92 2A 18 46 18 0F 18  |q......2..*.F...|
00000560  2A 18 C6 81 0B 18 01 18 08 18 06 18 91 CC 0D 18  |*...............|
00000570  8E CD 5A 18 49 20 08 20 10 20 12 20 08 20 00 20  |..Z.I . . . . . |
00000580  00 20 00 20 03 20 00 20 00 20 00 20 0C 20 00 20  |. . . . . . . . |
00000590  00 28 00 28 07 28 12 28 17 28 00 28 00 28 00 28  |.(.(.(.(.(.(.(.(|
000005A0  00 28 00 28 00 28 00 28 10 28 0A 28 00 30 00 30  |.(.(.(.(.(.(.0.0|
000005B0  00 30 01 30 05 30 00 30 00 30 00 30 00 30 01 30  |.0.0.0.0.0.0.0.0|
000005C0  08 30 06 30 04 30 1E 30 00 12 98 01 08 0D 10 01  |.0.0.0.0........|
000005D0  10 02 10 03 10 04 10 05 10 06 10 07 10 08 10 0A  |................|
000005E0  10 0C 10 0D 10 0F 10 10 10 11 18 65 18 84 02 18  |...........e....|
000005F0  9C 97 1D 18 93 18 18 33 18 0F 18 1D 18 D4 AA 0B  |.......3........|
00000600  18 08 18 09 18 01 18 A3 E9 09 18 8E E9 41 18 33  |.............A.3|
00000610  20 08 20 0B 20 0D 20 02 20 00 20 00 20 00 20 06  | . . . . . . . .|
00000620  20 00 20 00 20 00 20 06 20 02 20 00 28 00 28 02  | . . . . . .(.(.|
00000630  28 08 28 0F 28 00 28 00 28 00 28 00 28 00 28 00  |(.(.(.(.(.(.(.(.|
00000640  28 00 28 0E 28 04 28 00 30 00 30 00 30 00 30 02  |(.(.(.(.0.0.0.0.|
00000650  30 00 30 00 30 00 30 00 30 08 30 09 30 01 30 04  |0.0.0.0.0.0.0.0.|
00000660  30 16 30 00 12 80 01 08 0E 10 01 10 02 10 03 10  |0.0.............|
00000670  04 10 06 10 07 10 08 10 0C 10 0D 10 0F 10 10 10  |................|
00000680  11 18 04 18 12 18 A1 88 01 18 16 18 01 18 01 18  |................|
00000690  CC 1A 18 01 18 01 18 C6 14 18 D0 89 02 18 03 20  |............... |
000006A0  00 20 01 20 01 20 00 20 00 20 00 20 00 20 00 20  |. . . . . . . . |
000006B0  00 20 01 20 00 20 00 28 00 28 00 28 00 28 00 28  |. . . .(.(.(.(.(|
000006C0  00 28 00 28 00 28 00 28 00 28 00 28 00 28 00 30  |.(.(.(.(.(.(.(.0|
000006D0  00 30 00 30 00 30 00 30 00 30 00 30 00 30 01 30  |.0.0.0.0.0.0.0.0|
000006E0  01 30 00 30 01 30 00 12 84 01 08 0F 10 01 10 02  |.0.0.0..........|
000006F0  10 03 10 04 10 05 10 06 10 07 10 08 10 0A 10 0F  |................|
00000700  10 10 10 11 18 43 18 E5 01 18 D8 F0 1C 18 A0 14  |.....C..........|
00000710  18 14 18 06 18 12 18 A5 CE 05 18 01 18 A8 DD 04  |................|
00000720  18 C4 91 29 18 23 20 06 20 06 20 04 20 02 20 00  |...).# . . . . .|
00000730  20 00 20 00 20 02 20 00 20 03 20 00 20 00 28 00  | . . . . . . .(.|
00000740  28 04 28 0C 28 0D 28 00 28 00 28 00 28 00 28 00  |(.(.(.(.(.(.(.(.|
00000750  28 09 28 07 28 00 30 00 30 00 30 01 30 02 30 00  |(.(.(.0.0.0.0.0.|
00000760  30 00 30 00 30 00 30 01 30 01 30 0B 30 00 12 81  |0.0.0.0.0.0.0...|
00000770  01 08 10 10 01 10 02 10 03 10 04 10 05 10 06 10  |................|
00000780  07 10 08 10 0C 10 0F 10 10 10 11 18 07 18 1E 18  |................|
00000790  CB B8 03 18 98 02 18 06 18 01 18 03 18 C3 51 18  |..............Q.|
000007A0  01 18 B9 61 18 B1 DD 06 18 03 20 01 20 02 20 02  |...a...... . . .|
000007B0  20 02 20 00 20 00 20 00 20 00 20 00 20 02 20 01  | . . . . . . . .|
000007C0  20 00 28 00 28 00 28 01 28 01 28 00 28 00 28 00  | .(.(.(.(.(.(.(.|
000007D0  28 00 28 00 28 01 28 00 28 00 30 00 30 00 30 00  |(.(.(.(.(.0.0.0.|
000007E0  30 00 30 00 30 00 30 00 30 00 30 01 30 00 30 02  |0.0.0.0.0.0.0.0.|
000007F0  30 00 12 78 08 11 10 01 10 02 10 03 10 04 10 06  |0..x............|
00000800  10 07 10 08 10 0C 10 0F 10 10 10 11 18 0A 18 27  |...............'|
00000810  18 88 C0 05 18 CC 01 18 03 18 05 18 BE 55 18 04  |.............U..|
00000820  18 D4 88 01 18 F0 C2 0A 18 10 20 01 20 01 20 02  |.......... . . .|
00000830  20 02 20 00 20 00 20 00 20 00 20 00 20 00 20 00  | . . . . . . . .|
00000840  28 00 28 00 28 02 28 00 28 00 28 00 28 00 28 00  |(.(.(.(.(.(.(.(.|
00000850  28 01 28 01 28 00 30 00 30 00 30 00 30 00 30 00  |(.(.(.0.0.0.0.0.|
00000860  30 00 30 00 30 04 30 01 30 04 30 00 12 8C 01 08  |0.0.0.0.0.0.....|
00000870  12 10 01 10 02 10 03 10 04 10 05 10 06 10 07 10  |................|
00000880  08 10 0C 10 0D 10 0F 10 10 10 11 18 09 18 19 18  |................|
00000890  AD 84 02 18 F1 01 18 02 18 01 18 02 18 90 21 18  |..............!.|
000008A0  01 18 01 18 94 80 01 18 E5 E7 03 18 02 20 01 20  |............. . |
000008B0  02 20 02 20 00 20 00 20 00 20 00 20 00 20 00 20  |. . . . . . . . |
000008C0  00 20 00 20 00 20 00 28 00 28 00 28 00 28 02 28  |. . . .(.(.(.(.(|
000008D0  00 28 00 28 00 28 00 28 00 28 00 28 02 28 01 28  |.(.(.(.(.(.(.(.(|
000008E0  00 30 00 30 00 30 00 30 00 30 00 30 00 30 00 30  |.0.0.0.0.0.0.0.0|
000008F0  00 30 01 30 01 30 00 30 01 30 00 12 75 08 13 10  |.0.0.0.0.0..u...|
00000900  02 10 03 10 04 10 06 10 07 10 08 10 0C 10 0D 10  |................|
00000910  0F 10 10 10 11 18 08 18 AE 3C 18 0B 18 01 18 01  |.........<......|
00000920  18 9C 1B 18 01 18 01 18 D9 02 18 80 AF 01 18 03  |................|
00000930  20 00 20 00 20 00 20 00 20 00 20 00 20 00 20 00  | . . . . . . . .|
00000940  20 00 20 00 20 00 28 00 28 00 28 00 28 00 28 00  | . . .(.(.(.(.(.|
00000950  28 00 28 00 28 00 28 00 28 01 28 00 30 00 30 00  |(.(.(.(.(.(.0.0.|
00000960  30 00 30 00 30 00 30 00 30 01 30 01 30 00 30 00  |0.0.0.0.0.0.0.0.|
00000970  30 00 12 61 08 14 10 02 10 03 10 04 10 07 10 08  |0..a............|
00000980  10 0C 10 0F 10 10 10 11 18 03 18 AF 4E 18 29 18  |............N.).|
00000990  01 18 A5 04 18 01 18 C8 21 18 D0 89 02 18 01 20  |........!...... |
000009A0  00 20 01 20 00 20 00 20 00 20 00 20 00 20 00 20  |. . . . . . . . |
000009B0  00 28 00 28 00 28 00 28 00 28 00 28 00 28 01 28  |.(.(.(.(.(.(.(.(|
000009C0  00 28 00 30 00 30 00 30 00 30 00 30 00 30 01 30  |.(.0.0.0.0.0.0.0|
000009D0  00 30 01 30 00 12 A2 01 08 19 10 01 10 02 10 03  |.0.0............|
000009E0  10 04 10 05 10 06 10 07 10 08 10 0A 10 0B 10 0C  |................|
000009F0  10 0D 10 0F 10 10 10 11 18 6B 18 EE 01 18 BA D4  |.........k......|
00000A00  22 18 ED 13 18 14 18 0C 18 15 18 84 A5 07 18 03  |"...............|
00000A10  18 01 18 08 18 01 18 93 B5 0D 18 8F D9 35 18 29  |.............5.)|
00000A20  20 04 20 0D 20 05 20 02 20 00 20 00 20 00 20 04  | . . . . . . . .|
00000A30  20 00 20 00 20 00 20 00 20 00 20 00 20 00 28 03  | . . . . . . .(.|
00000A40  28 00 28 0B 28 09 28 00 28 00 28 00 28 00 28 00  |(.(.(.(.(.(.(.(.|
00000A50  28 00 28 00 28 00 28 0C 28 04 28 00 30 00 30 00  |(.(.(.(.(.(.0.0.|
00000A60  30 03 30 04 30 00 30 00 30 00 30 00 30 03 30 01  |0.0.0.0.0.0.0.0.|
00000A70  30 08 30 01 30 08 30 11 30 00 12 8C 01 08 1B 10  |0.0.0.0.0.......|
00000A80  01 10 02 10 03 10 04 10 05 10 06 10 07 10 08 10  |................|
00000A90  0C 10 0D 10 0F 10 10 10 11 18 04 18 20 18 EF 80  |............ ...|
00000AA0  02 18 8D 02 18 01 18 02 18 02 18 DE 5F 18 01 18  |............_...|
00000AB0  01 18 B2 95 01 18 D5 D3 04 18 09 20 00 20 02 20  |........... . . |
00000AC0  02 20 01 20 00 20 00 20 00 20 00 20 00 20 00 20  |. . . . . . . . |
00000AD0  00 20 00 20 00 28 00 28 00 28 00 28 00 28 00 28  |. . .(.(.(.(.(.(|
00000AE0  00 28 00 28 00 28 00 28 00 28 01 28 00 28 00 30  |.(.(.(.(.(.(.(.0|
00000AF0  00 30 00 30 00 30 01 30 00 30 00 30 00 30 00 30  |.0.0.0.0.0.0.0.0|
00000B00  01 30 01 30 01 30 02 30 00 12 56 08 1F 10 02 10  |.0.0.0.0..V.....|
00000B10  03 10 04 10 07 10 0C 10 0F 10 10 10 11 18 06 18  |................|
00000B20  EE 55 18 0D 18 01 18 01 18 FB 0B 18 80 AF 01 18  |.U..............|
00000B30  01 20 00 20 01 20 00 20 00 20 00 20 00 20 00 20  |. . . . . . . . |
00000B40  00 28 00 28 00 28 00 28 00 28 00 28 00 28 01 28  |.(.(.(.(.(.(.(.(|
00000B50  00 30 00 30 00 30 00 30 00 30 01 30 00 30 00 30  |.0.0.0.0.0.0.0.0|
00000B60  00 12 7F 08 23 10 01 10 02 10 03 10 04 10 06 10  |....#...........|
00000B70  07 10 08 10 0C 10 0D 10 0F 10 10 10 11 18 04 18  |................|
00000B80  0F 18 A2 59 18 54 18 01 18 01 18 EE 10 18 01 18  |...Y.T..........|
00000B90  01 18 E9 2B 18 80 AF 01 18 02 20 00 20 01 20 01  |...+...... . . .|
00000BA0  20 01 20 00 20 00 20 00 20 00 20 00 20 00 20 00  | . . . . . . . .|
00000BB0  20 00 28 00 28 00 28 00 28 00 28 00 28 00 28 00  | .(.(.(.(.(.(.(.|
00000BC0  28 00 28 00 28 01 28 01 28 00 30 00 30 00 30 00  |(.(.(.(.(.0.0.0.|
00000BD0  30 00 30 00 30 00 30 00 30 01 30 01 30 00 30 00  |0.0.0.0.0.0.0.0.|
00000BE0  30 00 12 4B 08 34 10 02 10 03 10 04 10 05 10 07  |0..K.4..........|
00000BF0  10 0F 10 10 18 03 18 9C 26 18 26 18 02 18 01 18  |........&.&.....|
00000C00  8D 11 18 D2 6C 20 00 20 00 20 00 20 00 20 00 20  |....l . . . . . |
00000C10  01 20 01 28 00 28 00 28 00 28 00 28 00 28 00 28  |. .(.(.(.(.(.(.(|
00000C20  00 30 00 30 00 30 00 30 00 30 00 30 00 30 00 12  |.0.0.0.0.0.0.0..|
00000C30  78 08 3C 10 01 10 02 10 03 10 04 10 05 10 07 10  |x.<.............|
00000C40  08 10 0C 10 0F 10 10 10 11 18 07 18 20 18 AF CE  |............ ...|
00000C50  03 18 CD 01 18 03 18 02 18 D8 36 18 01 18 B0 97  |..........6.....|
00000C60  01 18 CA 9C 04 18 03 20 00 20 02 20 00 20 01 20  |....... . . . . |
00000C70  00 20 00 20 00 20 00 20 00 20 00 20 00 28 00 28  |. . . . . . .(.(|
00000C80  00 28 02 28 01 28 00 28 00 28 00 28 00 28 01 28  |.(.(.(.(.(.(.(.(|
00000C90  00 28 00 30 00 30 00 30 00 30 00 30 00 30 00 30  |.(.0.0.0.0.0.0.0|
00000CA0  00 30 01 30 01 30 02 30 00 12 80 01 08 3F 10 01  |.0.0.0.0.....?..|
00000CB0  10 02 10 03 10 04 10 05 10 06 10 07 10 08 10 0C  |................|
00000CC0  10 0F 10 10 10 11 18 01 18 07 18 E2 95 01 18 50  |...............P|
00000CD0  18 02 18 01 18 02 18 C1 1F 18 01 18 F5 09 18 C4  |................|
00000CE0  E5 02 18 02 20 00 20 00 20 01 20 01 20 00 20 00  |.... . . . . . .|
00000CF0  20 00 20 00 20 00 20 00 20 00 20 00 28 00 28 00  | . . . . . .(.(.|
00000D00  28 00 28 00 28 00 28 00 28 00 28 00 28 00 28 00  |(.(.(.(.(.(.(.(.|
00000D10  28 02 28 00 30 00 30 00 30 00 30 00 30 00 30 00  |(.(.0.0.0.0.0.0.|
00000D20  30 00 30 00 30 01 30 00 30 00 30 00 12 83 01 08  |0.0.0.0.0.0.....|
00000D30  40 10 01 10 02 10 03 10 04 10 05 10 06 10 07 10  |@...............|
00000D40  08 10 0A 10 0F 10 10 10 11 18 31 18 6F 18 98 86  |..........1.o...|
00000D50  0E 18 8F 0D 18 0B 18 04 18 0B 18 C1 BC 04 18 01  |................|
00000D60  18 8D E7 04 18 DE FA 19 18 1B 20 05 20 03 20 01  |.......... . . .|
00000D70  20 03 20 00 20 00 20 00 20 02 20 00 20 01 20 01  | . . . . . . . .|
00000D80  20 00 28 01 28 01 28 07 28 06 28 00 28 00 28 00  | .(.(.(.(.(.(.(.|
00000D90  28 00 28 00 28 04 28 02 28 00 30 00 30 00 30 00  |(.(.(.(.(.0.0.0.|
00000DA0  30 02 30 00 30 00 30 00 30 00 30 01 30 03 30 08  |0.0.0.0.0.0.0.0.|
00000DB0  30 00 12 A2 01 08 41 10 01 10 02 10 03 10 04 10  |0.....A.........|
00000DC0  05 10 06 10 07 10 08 10 09 10 0A 10 0C 10 0D 10  |................|
00000DD0  0F 10 10 10 11 18 4F 18 BD 01 18 9C 8B 15 18 82  |......O.........|
00000DE0  1A 18 32 18 09 18 13 18 C0 A1 0A 18 01 18 06 18  |..2.............|
00000DF0  04 18 01 18 BD E3 05 18 D6 9F 32 18 2C 20 07 20  |..........2., . |
00000E00  09 20 0A 20 01 20 00 20 00 20 00 20 06 20 00 20  |. . . . . . . . |
00000E10  00 20 00 20 00 20 04 20 00 20 00 28 01 28 01 28  |. . . . . .(.(.(|
00000E20  05 28 07 28 00 28 00 28 00 28 00 28 00 28 00 28  |.(.(.(.(.(.(.(.(|
00000E30  00 28 00 28 06 28 05 28 00 30 00 30 00 30 01 30  |.(.(.(.(.0.0.0.0|
00000E40  08 30 00 30 00 30 00 30 00 30 01 30 06 30 04 30  |.0.0.0.0.0.0.0.0|
00000E50  01 30 03 30 0E 30 00 12 B3 01 08 43 10 01 10 02  |.0.0.0.....C....|
00000E60  10 03 10 04 10 05 10 06 10 07 10 08 10 0A 10 0B  |................|
00000E70  10 0C 10 0D 10 0E 10 0F 10 10 10 11 18 D5 04 18  |................|
00000E80  8B 0D 18 EB DC E6 01 18 9A C9 01 18 FA 01 18 4C  |...............L|
00000E90  18 8F 01 18 B1 D7 6A 18 2F 18 02 18 24 18 13 18  |......j./...$...|
00000EA0  02 18 97 FB 3D 18 F5 E8 ED 02 18 8B 03 20 2A 20  |....=........ * |
00000EB0  4F 20 2F 20 12 20 00 20 00 20 00 20 3C 20 00 20  |O / . . . . < . |
00000EC0  00 20 00 20 00 20 00 20 1F 20 05 20 00 28 0B 28  |. . . . . . .(.(|
00000ED0  0D 28 42 28 3D 28 00 28 00 28 00 28 13 28 00 28  |.(B(=(.(.(.(.(.(|
00000EE0  00 28 00 28 00 28 00 28 4F 28 17 28 00 30 00 30  |.(.(.(.(O(.(.0.0|
00000EF0  00 30 15 30 38 30 00 30 00 30 00 30 00 30 2F 30  |.0.080.0.0.0.0/0|
00000F00  02 30 24 30 13 30 02 30 1B 30 73 30 00 12 0C 08  |.0$0.0.0.0s0....|
00000F10  45 10 11 18 02 20 00 28 00 30 00 12 62 08 48 10  |E.... .(.0..b.H.|
00000F20  02 10 03 10 04 10 05 10 07 10 08 10 0F 10 10 10  |................|
00000F30  11 18 06 18 8A 26 18 87 01 18 02 18 01 18 A6 33  |.....&.........3|
00000F40  18 9F 16 18 C3 99 02 18 05 20 00 20 00 20 00 20  |......... . . . |
00000F50  00 20 00 20 00 20 01 20 00 20 00 28 00 28 00 28  |. . . . . .(.(.(|
00000F60  01 28 00 28 00 28 00 28 00 28 00 28 00 30 00 30  |.(.(.(.(.(.(.0.0|
00000F70  00 30 00 30 00 30 00 30 00 30 00 30 01 30 00 12  |.0.0.0.0.0.0.0..|
00000F80  A2 01 08 4C 10 01 10 02 10 03 10 04 10 05 10 06  |...L............|
00000F90  10 07 10 08 10 0A 10 0B 10 0C 10 0D 10 0F 10 10  |................|
00000FA0  10 11 18 4E 18 F6 01 18 EA F2 20 18 DD 18 18 2C  |...N...... ....,|
00000FB0  18 0E 18 1B 18 A3 96 0C 18 03 18 01 18 0B 18 04  |................|
00000FC0  18 CD 9B 0B 18 C7 AE 3C 18 3F 20 04 20 0B 20 08  |.......<.? . . .|
00000FD0  20 08 20 00 20 00 20 00 20 04 20 00 20 00 20 00  | . . . . . . . .|
00000FE0  20 00 20 04 20 01 20 00 28 00 28 01 28 0B 28 07  | . . . .(.(.(.(.|
00000FF0  28 00 28 00 28 00 28 02 28 00 28 00 28 00 28 00  |(.(.(.(.(.(.(.(.|
00001000  28 0D 28 07 28 00 30 00 30 00 30 02 30 05 30 00  |(.(.(.0.0.0.0.0.|
00001010  30 00 30 00 30 00 30 03 30 01 30 0B 30 04 30 07  |0.0.0.0.0.0.0.0.|
00001020  30 13 30 00 12 8D 01 08 4D 10 01 10 02 10 03 10  |0.0.....M.......|
00001030  04 10 05 10 06 10 07 10 08 10 0C 10 0D 10 0F 10  |................|
00001040  10 10 11 18 23 18 72 18 80 84 0C 18 9B 09 18 03  |....#.r.........|
00001050  18 04 18 0E 18 87 97 03 18 09 18 04 18 8B 95 03  |................|
00001060  18 8C A6 1E 18 15 20 01 20 03 20 06 20 03 20 00  |...... . . . . .|
00001070  20 00 20 00 20 00 20 00 20 00 20 01 20 02 20 00  | . . . . . . . .|
00001080  28 00 28 01 28 03 28 02 28 00 28 00 28 00 28 00  |(.(.(.(.(.(.(.(.|
00001090  28 00 28 00 28 04 28 03 28 00 30 00 30 00 30 00  |(.(.(.(.(.0.0.0.|
000010A0  30 02 30 00 30 00 30 00 30 00 30 09 30 04 30 01  |0.0.0.0.0.0.0.0.|
000010B0  30 09 30 00 12 83 01 08 4F 10 01 10 02 10 03 10  |0.0.....O.......|
000010C0  04 10 05 10 06 10 07 10 08 10 0C 10 0F 10 10 10  |................|
000010D0  11 18 0F 18 45 18 DD A3 07 18 A1 09 18 0A 18 01  |....E...........|
000010E0  18 09 18 F5 A3 03 18 01 18 F3 8F 04 18 E1 E3 11  |................|
000010F0  18 13 20 01 20 04 20 03 20 01 20 00 20 00 20 00  |.. . . . . . . .|
00001100  20 01 20 00 20 01 20 00 20 00 28 00 28 00 28 02  | . . . . .(.(.(.|
00001110  28 05 28 00 28 00 28 00 28 00 28 00 28 04 28 03  |(.(.(.(.(.(.(.(.|
00001120  28 00 30 00 30 00 30 00 30 02 30 00 30 00 30 00  |(.0.0.0.0.0.0.0.|
00001130  30 00 30 01 30 03 30 06 30 00 12 77 08 50 10 01  |0.0.0.0.0..w.P..|
00001140  10 02 10 03 10 04 10 06 10 07 10 08 10 0C 10 0F  |................|
00001150  10 10 10 11 18 02 18 0C 18 FC CC 01 18 96 01 18  |................|
00001160  01 18 02 18 95 1E 18 01 18 D1 59 18 A7 8E 05 18  |..........Y.....|
00001170  04 20 00 20 00 20 02 20 00 20 00 20 00 20 00 20  |. . . . . . . . |
00001180  00 20 00 20 00 20 00 28 00 28 00 28 00 28 01 28  |. . . .(.(.(.(.(|
00001190  00 28 00 28 00 28 00 28 02 28 00 28 00 30 00 30  |.(.(.(.(.(.(.0.0|
000011A0  00 30 00 30 00 30 00 30 00 30 00 30 01 30 00 30  |.0.0.0.0.0.0.0.0|
000011B0  02 30 00 12 BE 01 08 51 10 01 10 02 10 03 10 04  |.0.....Q........|
000011C0  10 05 10 06 10 07 10 08 10 09 10 0A 10 0B 10 0C  |................|
000011D0  10 0D 10 0E 10 0F 10 10 10 11 18 85 05 18 B4 0F  |................|
000011E0  18 AB B0 93 02 18 98 8A 01 18 D4 01 18 4F 18 B6  |.............O..|
000011F0  01 18 E8 8B 2D 18 0F 18 12 18 04 18 5A 18 13 18  |....-.......Z...|
00001200  09 18 F0 C6 45 18 DA 94 A6 03 18 8C 03 20 34 20  |....E........ 4 |
00001210  49 20 3F 20 32 20 00 20 00 20 00 20 0F 20 00 20  |I ? 2 . . . . . |
00001220  00 20 00 20 00 20 00 20 00 20 29 20 05 20 00 28  |. . . . . ) . .(|
00001230  07 28 11 28 51 28 41 28 00 28 00 28 00 28 00 28  |.(.(Q(A(.(.(.(.(|
00001240  00 28 00 28 00 28 00 28 00 28 00 28 56 28 2B 28  |.(.(.(.(.(.(V(+(|
00001250  00 30 00 30 01 30 16 30 0B 30 00 30 00 30 00 30  |.0.0.0.0.0.0.0.0|
00001260  00 30 0F 30 12 30 04 30 5A 30 13 30 09 30 1D 30  |.0.0.0.0Z0.0.0.0|
00001270  85 01 30 00                                      |..0.|

================================================================================
FILE: 081_out_5452_k_EMsgClientToGC.txt
================================================================================
File: 081_out_5452_k_EMsgClientToGC.bin
Size: 80 bytes

00000000  4C 15 00 80 1B 00 00 00 09 D1 5D B5 07 01 00 10  |L.........].....|
00000010  01 10 A0 FB E9 93 F9 FF FF FF FF 01 18 F2 E8 56  |...............V|
00000020  80 02 01 08 F2 E8 56 10 98 C7 80 80 08 1A 21 98  |......V.......!.|
00000030  23 00 80 09 00 00 00 51 0F 00 00 00 00 00 00 00  |#......Q........|
00000040  08 BD C1 8F 8C 05 10 00 20 00 28 00 30 00 38 00  |........ .(.0.8.|

================================================================================
FILE: 082_in_5453_k_EMsgClientFromGC.txt
================================================================================
File: 082_in_5453_k_EMsgClientFromGC.bin
Size: 3463 bytes

00000000  4D 15 00 80 14 00 00 00 09 D1 5D B5 07 01 00 10  |M.........].....|
00000010  01 10 A0 FB E9 93 F9 FF FF FF FF 01 08 F2 E8 56  |...............V|
00000020  10 99 C7 80 80 08 1A DE 1A 99 23 00 80 09 00 00  |..........#.....|
00000030  00 59 0F 00 00 00 00 00 00 00 08 01 10 83 CC CE  |.Y..............|
00000040  2B 1A 42 08 D4 D6 D6 2F 10 0F 18 A8 0D 20 C4 B5  |+.B..../..... ..|
00000050  8B D4 06 28 00 30 01 38 03 40 0A 48 03 58 86 01  |...(.0.8.@.H.X..|
00000060  60 01 68 1D 70 8C E6 01 78 E5 45 80 01 C4 E0 02  |`.h.p...x.E.....|
00000070  98 01 01 A0 01 01 B0 01 02 B8 01 00 C0 01 00 C8  |................|
00000080  01 00 D0 01 02 1A 42 08 98 BD D6 2F 10 4C 18 D3  |......B..../.L..|
00000090  0B 20 FA A2 8B D4 06 28 01 30 01 38 02 40 03 48  |. .....(.0.8.@.H|
000000A0  06 58 84 01 60 04 68 1C 70 D1 CE 01 78 C4 40 80  |.X..`.h.p...x.@.|
000000B0  01 F5 FF 03 98 01 01 A0 01 01 B0 01 02 B8 01 00  |................|
000000C0  C0 01 00 C8 01 00 D0 01 01 1A 41 08 C4 87 C9 2F  |..........A..../|
000000D0  10 43 18 92 0D 20 EE E3 85 D4 06 28 01 30 00 38  |.C... .....(.0.8|
000000E0  01 40 0B 48 04 58 62 60 00 68 1B 70 EE B8 01 78  |.@.H.Xb`.h.p...x|
000000F0  C4 40 80 01 C5 FC 03 98 01 01 A0 01 01 B0 01 02  |.@..............|
00000100  B8 01 00 C0 01 00 C8 01 00 D0 01 02 1A 43 08 A8  |.............C..|
00000110  E2 C8 2F 10 08 18 91 08 20 89 CF 85 D4 06 28 01  |../..... .....(.|
00000120  30 00 38 01 40 03 48 06 58 43 60 00 68 1F 70 D0  |0.8.@.H.XC`.h.p.|
00000130  89 02 78 C5 FC 03 80 01 C5 FC 03 98 01 01 A0 01  |..x.............|
00000140  04 B0 01 01 B8 01 01 C0 01 03 C8 01 D0 01 D0 01  |................|
00000150  02 1A 42 08 D2 CD 9A 2F 10 43 18 FD 12 20 F1 B1  |..B..../.C... ..|
00000160  F1 D3 06 28 00 30 00 38 04 40 07 48 0F 58 D9 02  |...(.0.8.@.H.X..|
00000170  60 01 68 24 70 FB 9A 03 78 C5 FD 03 80 01 C4 40  |`.h$p...x......@|
00000180  98 01 01 A0 01 01 B0 01 02 B8 01 00 C0 01 00 C8  |................|
00000190  01 00 D0 01 01 1A 41 08 E0 DD 81 2F 10 43 18 CF  |......A..../.C..|
000001A0  17 20 9F FC E5 D3 06 28 00 30 00 38 07 40 0C 48  |. .....(.0.8.@.H|
000001B0  1C 58 B0 03 60 00 68 24 70 EF 81 05 78 C5 40 80  |.X..`.h$p...x.@.|
000001C0  01 C4 40 98 01 01 A0 01 01 B0 01 02 B8 01 00 C0  |..@.............|
000001D0  01 00 C8 01 00 D0 01 01 1A 41 08 FF CA F8 2E 10  |.........A......|
000001E0  51 18 D2 1F 20 84 D5 E2 D3 06 28 01 30 01 38 05  |Q... .....(.0.8.|
000001F0  40 08 48 19 58 BA 03 60 09 68 24 70 98 FF 05 78  |@.H.X..`.h$p...x|
00000200  C4 40 80 01 C5 54 98 01 01 A0 01 01 B0 01 02 B8  |.@...T..........|
00000210  01 00 C0 01 00 C8 01 00 D0 01 01 1A 43 08 C5 D7  |............C...|
00000220  F2 2E 10 51 18 F5 14 20 95 F5 DF D3 06 28 00 30  |...Q... .....(.0|
00000230  01 38 05 40 09 48 09 58 FC 01 60 05 68 24 70 B3  |.8.@.H.X..`.h$p.|
00000240  9C 03 78 C5 FC 01 80 01 C4 C0 02 98 01 01 A0 01  |..x.............|
00000250  01 B0 01 02 B8 01 00 C0 01 00 C8 01 00 D0 01 02  |................|
00000260  1A 42 08 DF 80 F2 2E 10 43 18 B3 10 20 97 D6 DF  |.B......C... ...|
00000270  D3 06 28 00 30 00 38 03 40 08 48 0D 58 FE 01 60  |..(.0.8.@.H.X..`|
00000280  01 68 22 70 E9 E2 02 78 C5 FC 01 80 01 C4 40 98  |.h"p...x......@.|
00000290  01 01 A0 01 01 B0 01 02 B8 01 00 C0 01 00 C8 01  |................|
000002A0  00 D0 01 01 1A 42 08 A0 B4 F1 2E 10 43 18 CA 10  |.....B......C...|
000002B0  20 F4 BA DF D3 06 28 01 30 00 38 03 40 0D 48 0A  | .....(.0.8.@.H.|
000002C0  58 B4 02 60 00 68 22 70 EF DE 02 78 C4 40 80 01  |X..`.h"p...x.@..|
000002D0  C5 FE 03 98 01 01 A0 01 01 B0 01 02 B8 01 00 C0  |................|
000002E0  01 00 C8 01 00 D0 01 02 1A 42 08 92 FA F0 2E 10  |.........B......|
000002F0  43 18 DA 10 20 E3 A4 DF D3 06 28 00 30 01 38 05  |C... .....(.0.8.|
00000300  40 0A 48 07 58 FE 01 60 01 68 22 70 BE DD 02 78  |@.H.X..`.h"p...x|
00000310  C5 FC 03 80 01 C4 40 98 01 01 A0 01 01 B0 01 02  |......@.........|
00000320  B8 01 00 C0 01 00 C8 01 00 D0 01 02 1A 42 08 C9  |.............B..|
00000330  B4 C9 2E 10 43 18 8F 15 20 97 97 CE D3 06 28 00  |....C... .....(.|
00000340  30 00 38 04 40 02 48 18 58 AB 03 60 02 68 24 70  |0.8.@.H.X..`.h$p|
00000350  EE 8D 04 78 C5 FD 03 80 01 C4 40 98 01 01 A0 01  |...x......@.....|
00000360  01 B0 01 02 B8 01 00 C0 01 00 C8 01 00 D0 01 01  |................|
00000370  1A 42 08 9F FC C8 2E 10 41 18 CE 11 20 FC 82 CE  |.B......A... ...|
00000380  D3 06 28 00 30 01 38 02 40 08 48 06 58 E7 01 60  |..(.0.8.@.H.X..`|
00000390  02 68 22 70 CC D1 02 78 C5 FD 03 80 01 C4 40 98  |.h"p...x......@.|
000003A0  01 01 A0 01 01 B0 01 02 B8 01 00 C0 01 00 C8 01  |................|
000003B0  00 D0 01 02 1A 42 08 99 AA BB 2E 10 43 18 C2 15  |.....B......C...|
000003C0  20 EF FA C7 D3 06 28 01 30 00 38 07 40 0E 48 17  | .....(.0.8.@.H.|
000003D0  58 98 02 60 04 68 24 70 B5 E4 03 78 C4 40 80 01  |X..`.h$p...x.@..|
000003E0  C5 FC 03 98 01 04 A0 01 01 B0 01 02 B8 01 00 C0  |................|
000003F0  01 00 C8 01 00 D0 01 02 1A 42 08 FE FA B6 2E 10  |.........B......|
00000400  43 18 8A 12 20 F4 BF C5 D3 06 28 01 30 01 38 03  |C... .....(.0.8.|
00000410  40 07 48 0A 58 E1 01 60 00 68 22 70 AA CC 02 78  |@.H.X..`.h"p...x|
00000420  C4 40 80 01 E5 FE 03 98 01 01 A0 01 01 B0 01 02  |.@..............|
00000430  B8 01 00 C0 01 00 C8 01 00 D0 01 01 1A 42 08 D2  |.............B..|
00000440  A7 B6 2E 10 43 18 D0 11 20 A4 A1 C5 D3 06 28 01  |....C... .....(.|
00000450  30 00 38 00 40 05 48 0C 58 E7 01 60 00 68 22 70  |0.8.@.H.X..`.h"p|
00000460  C8 CD 02 78 C4 40 80 01 C5 FC 03 98 01 01 A0 01  |...x.@..........|
00000470  01 B0 01 02 B8 01 00 C0 01 00 C8 01 00 D0 01 02  |................|
00000480  1A 41 08 95 BC B5 2E 10 41 18 8B 1E 20 B6 FB C4  |.A......A... ...|
00000490  D3 06 28 01 30 01 38 02 40 0A 48 10 58 DE 02 60  |..(.0.8.@.H.X..`|
000004A0  03 68 24 70 CA A3 05 78 C4 40 80 01 C5 44 98 01  |.h$p...x.@...D..|
000004B0  01 A0 01 01 B0 01 02 B8 01 00 C0 01 00 C8 01 00  |................|
000004C0  D0 01 01 1A 42 08 F9 FA B4 2E 10 4C 18 C9 13 20  |....B......L... |
000004D0  C0 E2 C4 D3 06 28 01 30 01 38 08 40 0B 48 12 58  |.....(.0.8.@.H.X|
000004E0  E8 01 60 02 68 24 70 E3 9C 03 78 C4 40 80 01 C5  |..`.h$p...x.@...|
000004F0  FE 03 98 01 01 A0 01 01 B0 01 02 B8 01 00 C0 01  |................|
00000500  00 C8 01 00 D0 01 01 1A 42 08 A8 BB B4 2E 10 43  |........B......C|
00000510  18 8A 12 20 B4 CB C4 D3 06 28 00 30 00 38 06 40  |... .....(.0.8.@|
00000520  06 48 11 58 AD 02 60 01 68 24 70 D7 A4 03 78 C5  |.H.X..`.h$p...x.|
00000530  FE 03 80 01 C4 40 98 01 01 A0 01 01 B0 01 02 B8  |.....@..........|
00000540  01 00 C0 01 00 C8 01 00 D0 01 01 1A 43 08 8C CE  |............C...|
00000550  A3 2E 10 51 18 CA 07 20 98 EE BD D3 06 28 01 30  |...Q... .....(.0|
00000560  00 38 02 40 03 48 05 58 7F 60 00 68 23 70 80 F7  |.8.@.H.X.`.h#p..|
00000570  02 78 C5 FC 03 80 01 C5 FC 03 98 01 01 A0 01 04  |.x..............|
00000580  B0 01 01 B8 01 02 C0 01 03 C8 01 93 01 D0 01 02  |................|
00000590  1A 42 08 A3 99 A3 2E 10 43 18 90 0F 20 FA DB BD  |.B......C... ...|
000005A0  D3 06 28 01 30 01 38 01 40 03 48 0A 58 96 02 60  |..(.0.8.@.H.X..`|
000005B0  08 68 21 70 FC C3 02 78 C4 40 80 01 C5 FF 03 98  |.h!p...x.@......|
000005C0  01 01 A0 01 01 B0 01 02 B8 01 00 C0 01 00 C8 01  |................|
000005D0  00 D0 01 01 1A 42 08 BC FF 94 2E 10 43 18 E2 19  |.....B......C...|
000005E0  20 BD 80 B8 D3 06 28 01 30 00 38 0C 40 0B 48 1C  | .....(.0.8.@.H.|
000005F0  58 CB 03 60 01 68 24 70 AC E7 05 78 C4 40 80 01  |X..`.h$p...x.@..|
00000600  C5 EC 02 98 01 01 A0 01 01 B0 01 02 B8 01 00 C0  |................|
00000610  01 00 C8 01 00 D0 01 04 1A 42 08 98 C8 94 2E 10  |.........B......|
00000620  43 18 E7 11 20 FE E7 B7 D3 06 28 00 30 00 38 05  |C... .....(.0.8.|
00000630  40 04 48 0A 58 B1 02 60 00 68 23 70 B2 FA 02 78  |@.H.X..`.h#p...x|
00000640  E5 FD 03 80 01 C4 40 98 01 01 A0 01 01 B0 01 02  |......@.........|
00000650  B8 01 00 C0 01 00 C8 01 00 D0 01 01 1A 42 08 97  |.............B..|
00000660  94 94 2E 10 43 18 8A 11 20 ED CE B7 D3 06 28 01  |....C... .....(.|
00000670  30 00 38 03 40 09 48 06 58 ED 01 60 01 68 23 70  |0.8.@.H.X..`.h#p|
00000680  AD EA 02 78 C4 40 80 01 C5 FD 03 98 01 01 A0 01  |...x.@..........|
00000690  01 B0 01 02 B8 01 00 C0 01 00 C8 01 00 D0 01 02  |................|
000006A0  1A 42 08 83 F9 93 2E 10 43 18 90 0A 20 B9 C0 B7  |.B......C... ...|
000006B0  D3 06 28 01 30 00 38 01 40 03 48 06 58 78 60 00  |..(.0.8.@.H.Xx`.|
000006C0  68 18 70 FD 95 01 78 C5 FC 03 80 01 C5 FF 03 98  |h.p...x.........|
000006D0  01 01 A0 01 01 B0 01 02 B8 01 00 C0 01 00 C8 01  |................|
000006E0  00 D0 01 05 1A 42 08 F0 CA 93 2E 10 41 18 E7 13  |.....B......A...|
000006F0  20 CA A5 B7 D3 06 28 00 30 00 38 06 40 04 48 0B  | .....(.0.8.@.H.|
00000700  58 B4 02 60 02 68 24 70 92 F8 03 78 C5 FC 03 80  |X..`.h$p...x....|
00000710  01 C4 40 98 01 01 A0 01 01 B0 01 02 B8 01 00 C0  |..@.............|
00000720  01 00 C8 01 00 D0 01 01 1A 42 08 98 DD FD 2D 10  |.........B....-.|
00000730  0F 18 8F 13 20 B5 91 AE D3 06 28 01 30 01 38 07  |.... .....(.0.8.|
00000740  40 04 48 0E 58 AD 01 60 04 68 22 70 9D CF 02 78  |@.H.X..`.h"p...x|
00000750  C4 40 80 01 C5 FF 03 98 01 01 A0 01 01 B0 01 02  |.@..............|
00000760  B8 01 00 C0 01 00 C8 01 00 D0 01 01 1A 42 08 89  |.............B..|
00000770  96 FD 2D 10 43 18 90 16 20 EF ED AD D3 06 28 01  |..-.C... .....(.|
00000780  30 00 38 01 40 05 48 0F 58 B7 02 60 01 68 24 70  |0.8.@.H.X..`.h$p|
00000790  B0 FC 03 78 C4 40 80 01 C5 DC 03 98 01 01 A0 01  |...x.@..........|
000007A0  01 B0 01 02 B8 01 00 C0 01 00 C8 01 00 D0 01 02  |................|
000007B0  1A 42 08 C9 C7 FC 2D 10 43 18 C8 12 20 C2 C3 AD  |.B....-.C... ...|
000007C0  D3 06 28 01 30 01 38 04 40 07 48 0F 58 89 02 60  |..(.0.8.@.H.X..`|
000007D0  03 68 24 70 D6 9A 03 78 C4 40 80 01 E5 FD 03 98  |.h$p...x.@......|
000007E0  01 01 A0 01 01 B0 01 02 B8 01 00 C0 01 00 C8 01  |................|
000007F0  00 D0 01 01 1A 41 08 EA F7 F3 2D 10 40 18 CC 1C  |.....A....-.@...|
00000800  20 EF F2 A8 D3 06 28 00 30 00 38 05 40 10 48 12  | .....(.0.8.@.H.|
00000810  58 F4 02 60 04 68 24 70 BC 91 05 78 C5 40 80 01  |X..`.h$p...x.@..|
00000820  C4 40 98 01 01 A0 01 01 B0 01 02 B8 01 00 C0 01  |.@..............|
00000830  00 C8 01 00 D0 01 01 1A 42 08 BD 9C F3 2D 10 43  |........B....-.C|
00000840  18 8D 16 20 BF C6 A8 D3 06 28 00 30 00 38 06 40  |... .....(.0.8.@|
00000850  0A 48 15 58 EA 01 60 00 68 24 70 DE C4 03 78 C5  |.H.X..`.h$p...x.|
00000860  FC 03 80 01 C4 40 98 01 01 A0 01 01 B0 01 02 B8  |.....@..........|
00000870  01 00 C0 01 00 C8 01 00 D0 01 01 1A 42 08 96 FB  |............B...|
00000880  DE 2D 10 43 18 CF 0F 20 C2 84 9E D3 06 28 01 30  |.-.C... .....(.0|
00000890  01 38 07 40 07 48 12 58 EC 01 60 00 68 21 70 DA  |.8.@.H.X..`.h!p.|
000008A0  BD 02 78 C4 40 80 01 E5 FF 03 98 01 01 A0 01 01  |..x.@...........|
000008B0  B0 01 02 B8 01 00 C0 01 00 C8 01 00 D0 01 01 1A  |................|
000008C0  42 08 A0 BA DE 2D 10 43 18 8A 11 20 81 E3 9D D3  |B....-.C... ....|
000008D0  06 28 00 30 00 38 0C 40 0A 48 10 58 C5 01 60 02  |.(.0.8.@.H.X..`.|
000008E0  68 24 70 EB 8D 03 78 C5 FC 03 80 01 C4 40 98 01  |h$p...x......@..|
000008F0  01 A0 01 01 B0 01 02 B8 01 00 C0 01 00 C8 01 00  |................|
00000900  D0 01 01 1A 42 08 A4 ED DD 2D 10 4C 18 E9 15 20  |....B....-.L... |
00000910  B6 B7 9D D3 06 28 00 30 00 38 01 40 0D 48 0F 58  |.....(.0.8.@.H.X|
00000920  8E 02 60 04 68 24 70 B2 BD 03 78 C5 FC 01 80 01  |..`.h$p...x.....|
00000930  C4 40 98 01 01 A0 01 01 B0 01 02 B8 01 00 C0 01  |.@..............|
00000940  00 C8 01 00 D0 01 01 1A 42 08 EB BA DD 2D 10 07  |........B....-..|
00000950  18 D4 15 20 D8 96 9D D3 06 28 01 30 00 38 0C 40  |... .....(.0.8.@|
00000960  08 48 0A 58 F6 01 60 09 68 24 70 99 A6 03 78 C4  |.H.X..`.h$p...x.|
00000970  40 80 01 C5 FC 02 98 01 01 A0 01 01 B0 01 02 B8  |@...............|
00000980  01 00 C0 01 00 C8 01 00 D0 01 02 1A 42 08 CD 97  |............B...|
00000990  DD 2D 10 02 18 A0 0E 20 93 FC 9C D3 06 28 00 30  |.-..... .....(.0|
000009A0  00 38 06 40 05 48 0B 58 D8 01 60 03 68 20 70 CF  |.8.@.H.X..`.h p.|
000009B0  97 02 78 E5 FD 03 80 01 C4 40 98 01 01 A0 01 01  |..x......@......|
000009C0  B0 01 02 B8 01 00 C0 01 00 C8 01 00 D0 01 01 1A  |................|
000009D0  42 08 8D E5 D1 2D 10 41 18 A6 12 20 9A A1 97 D3  |B....-.A... ....|
000009E0  06 28 01 30 01 38 02 40 08 48 0D 58 D3 01 60 05  |.(.0.8.@.H.X..`.|
000009F0  68 21 70 B3 C3 02 78 C4 40 80 01 C5 DC 03 98 01  |h!p...x.@.......|
00000A00  01 A0 01 01 B0 01 02 B8 01 00 C0 01 00 C8 01 00  |................|
00000A10  D0 01 01 1A 42 08 9D C4 D1 2D 10 43 18 DF 0F 20  |....B....-.C... |
00000A20  BD 8A 97 D3 06 28 01 30 00 38 05 40 06 48 0F 58  |.....(.0.8.@.H.X|
00000A30  81 02 60 02 68 21 70 94 B5 02 78 C4 40 80 01 E5  |..`.h!p...x.@...|
00000A40  FC 03 98 01 01 A0 01 01 B0 01 02 B8 01 00 C0 01  |................|
00000A50  00 C8 01 00 D0 01 02 1A 42 08 AD A4 D1 2D 10 0D  |........B....-..|
00000A60  18 E5 0F 20 97 F5 96 D3 06 28 00 30 01 38 04 40  |... .....(.0.8.@|
00000A70  08 48 05 58 AA 01 60 05 68 1F 70 C8 83 02 78 C5  |.H.X..`.h.p...x.|
00000A80  FC 03 80 01 C4 40 98 01 01 A0 01 01 B0 01 02 B8  |.....@..........|
00000A90  01 00 C0 01 00 C8 01 00 D0 01 02 1A 41 08 B9 96  |............A...|
00000AA0  BC 2D 10 41 18 AB 1F 20 89 F4 8B D3 06 28 00 30  |.-.A... .....(.0|
00000AB0  01 38 0D 40 09 48 08 58 CC 03 60 03 68 24 70 C7  |.8.@.H.X..`.h$p.|
00000AC0  D2 05 78 C5 44 80 01 C4 40 98 01 01 A0 01 01 B0  |..x.D...@.......|
00000AD0  01 02 B8 01 00 C0 01 00 C8 01 00 D0 01 02 1A 40  |...............@|
00000AE0  08 AA A0 B2 2D 10 43 18 82 08 20 96 BF 86 D3 06  |....-.C... .....|
00000AF0  28 01 30 01 38 02 40 04 48 07 58 65 60 02 68 16  |(.0.8.@.H.Xe`.h.|
00000B00  70 BF 7F 78 C4 40 80 01 EF FF 03 98 01 01 A0 01  |p..x.@..........|
00000B10  01 B0 01 02 B8 01 00 C0 01 00 C8 01 00 D0 01 01  |................|
00000B20  1A 42 08 BD 80 B2 2D 10 41 18 BF 0F 20 D9 AE 86  |.B....-.A... ...|
00000B30  D3 06 28 01 30 00 38 06 40 06 48 0B 58 F1 01 60  |..(.0.8.@.H.X..`|
00000B40  00 68 21 70 A1 C6 02 78 C4 40 80 01 C5 FD 03 98  |.h!p...x.@......|
00000B50  01 01 A0 01 01 B0 01 02 B8 01 00 C0 01 00 C8 01  |................|
00000B60  00 D0 01 02 1A 42 08 E8 A6 A1 2C 10 4C 18 8C 0F  |.....B....,.L...|
00000B70  20 DB FA B8 D2 06 28 00 30 00 38 02 40 04 48 0E  | .....(.0.8.@.H.|
00000B80  58 A3 01 60 00 68 1F 70 A4 8A 02 78 C5 FD 03 80  |X..`.h.p...x....|
00000B90  01 C4 40 98 01 01 A0 01 01 B0 01 02 B8 01 00 C0  |..@.............|
00000BA0  01 00 C8 01 00 D0 01 01 1A 42 08 C3 88 A1 2C 10  |.........B....,.|
00000BB0  0D 18 BF 0F 20 84 E3 B8 D2 06 28 00 30 01 38 01  |.... .....(.0.8.|
00000BC0  40 0B 48 02 58 82 01 60 01 68 1E 70 A0 F0 01 78  |@.H.X..`.h.p...x|
00000BD0  C5 FC 03 80 01 C4 40 98 01 01 A0 01 01 B0 01 02  |......@.........|
00000BE0  B8 01 00 C0 01 00 C8 01 00 D0 01 02 1A 43 08 ED  |.............C..|
00000BF0  8A F9 2B 10 10 18 FD 0A 20 8F C0 A4 D2 06 28 01  |..+..... .....(.|
00000C00  30 01 38 01 40 06 48 0B 58 3B 60 00 68 23 70 80  |0.8.@.H.X;`.h#p.|
00000C10  F7 02 78 C5 FC 03 80 01 C5 FC 03 98 01 01 A0 01  |..x.............|
00000C20  04 B0 01 01 B8 01 02 C0 01 03 C8 01 E3 01 D0 01  |................|
00000C30  05 1A 43 08 9F F3 F8 2B 10 0D 18 DE 09 20 BF B4  |..C....+..... ..|
00000C40  A4 D2 06 28 00 30 01 38 02 40 04 48 0E 58 30 60  |...(.0.8.@.H.X0`|
00000C50  00 68 23 70 80 F7 02 78 C5 FC 03 80 01 C5 FC 03  |.h#p...x........|
00000C60  98 01 01 A0 01 04 B0 01 01 B8 01 03 C0 01 02 C8  |................|
00000C70  01 CD 01 D0 01 05 1A 42 08 9A C0 F8 2B 10 0F 18  |.......B....+...|
00000C80  F7 0F 20 B5 9A A4 D2 06 28 01 30 00 38 03 40 0A  |.. .....(.0.8.@.|
00000C90  48 09 58 86 01 60 02 68 1E 70 F8 F2 01 78 C4 60  |H.X..`.h.p...x.`|
00000CA0  80 01 C5 FC 01 98 01 01 A0 01 01 B0 01 02 B8 01  |................|
00000CB0  00 C0 01 00 C8 01 00 D0 01 02 1A 43 08 F1 FD CE  |...........C....|
00000CC0  2B 10 43 18 9F 07 20 9A 83 8F D2 06 28 01 30 01  |+.C... .....(.0.|
00000CD0  38 01 40 02 48 07 58 3B 60 00 68 20 70 D0 89 02  |8.@.H.X;`.h p...|
00000CE0  78 C5 FC 03 80 01 C5 FC 03 98 01 01 A0 01 04 B0  |x...............|
00000CF0  01 01 B8 01 01 C0 01 03 C8 01 BB 01 D0 01 05 1A  |................|
00000D00  42 08 D6 F2 CE 2B 10 0D 18 89 06 20 D5 FB 8E D2  |B....+..... ....|
00000D10  06 28 00 30 00 38 04 40 03 48 09 58 39 60 00 68  |.(.0.8.@.H.X9`.h|
00000D20  24 70 80 F7 02 78 C5 FC 03 80 01 C5 FC 03 98 01  |$p...x..........|
00000D30  01 A0 01 04 B0 01 01 B8 01 03 C0 01 02 C8 01 68  |...............h|
00000D40  D0 01 05 1A 42 08 83 CC CE 2B 10 51 18 F2 16 20  |....B....+.Q... |
00000D50  C1 E0 8E D2 06 28 01 30 00 38 04 40 0D 48 0A 58  |.....(.0.8.@.H.X|
00000D60  B8 02 60 02 68 24 70 86 BB 03 78 C4 40 80 01 C5  |..`.h$p...x.@...|
00000D70  C4 02 98 01 01 A0 01 01 B0 01 02 B8 01 00 C0 01  |................|
00000D80  00 C8 01 00 D0 01 02                             |.......|

================================================================================
FILE: 083_out_5432_k_EMsgClientAuthList.txt
================================================================================
File: 083_out_5432_k_EMsgClientAuthList.bin
Size: 160 bytes

00000000  38 15 00 80 17 00 00 00 09 D1 5D B5 07 01 00 10  |8.........].....|
00000010  01 10 A0 FB E9 93 F9 FF FF FF FF 01 80 02 01 08  |................|
00000020  0A 10 00 18 00 22 73 08 02 10 00 19 04 FC C4 18  |....."s.........|
00000030  66 C7 40 01 21 72 B4 15 00 00 00 00 00 28 84 80  |f.@.!r.......(..|
00000040  14 30 D5 B6 83 58 3A 34 14 00 00 00 2E A2 27 38  |.0...X:4......'8|
00000050  C2 72 40 A1 D1 5D B5 07 01 00 10 01 4A C9 85 6A  |.r@..]......J..j|
00000060  18 00 00 00 01 00 00 00 02 00 00 00 F7 01 C5 75  |...............u|
00000070  91 8F D7 C7 F3 BC 01 00 01 00 00 00 42 1A 73 74  |............B.st|
00000080  65 61 6D 69 64 3A 39 30 32 39 31 32 33 33 38 36  |eamid:9029123386|
00000090  33 35 36 34 32 39 32 00 48 02 28 F2 E8 56 30 02  |3564292.H.(..V0.|

================================================================================
FILE: 084_in_5575_k_EMsgClientAuthListAck.txt
================================================================================
File: 084_in_5575_k_EMsgClientAuthListAck.bin
Size: 44 bytes

00000000  C7 15 00 80 1D 00 00 00 09 D1 5D B5 07 01 00 10  |..........].....|
00000010  01 10 A0 FB E9 93 F9 FF FF FF FF 01 59 FF FF FF  |............Y...|
00000020  FF FF FF FF FF 08 D5 B6 83 58 18 02              |.........X..|

================================================================================
FILE: 085_in_779_k_EMsgClientGameConnectTokens.txt
================================================================================
File: 085_in_779_k_EMsgClientGameConnectTokens.bin
Size: 30 bytes

00000000  0B 03 00 80 14 00 00 00 09 D1 5D B5 07 01 00 10  |..........].....|
00000010  01 10 A0 FB E9 93 F9 FF FF FF FF 01 08 0A        |..............|

================================================================================
FILE: 086_out_5452_k_EMsgClientToGC.txt
================================================================================
File: 086_out_5452_k_EMsgClientToGC.bin
Size: 294 bytes

00000000  4C 15 00 80 1B 00 00 00 09 D1 5D B5 07 01 00 10  |L.........].....|
00000010  01 10 A0 FB E9 93 F9 FF FF FF FF 01 18 F2 E8 56  |...............V|
00000020  80 02 01 08 F2 E8 56 10 A3 C7 80 80 08 1A F6 01  |......V.........|
00000030  A3 23 00 80 09 00 00 00 51 10 00 00 00 00 00 00  |.#......Q.......|
00000040  00 0A C6 01 08 01 12 BA 01 0A 80 01 73 6D 61 00  |............sma.|
00000050  6C 74 61 00 6D 6F 62 32 77 66 64 00 62 78 64 00  |lta.mob2wfd.bxd.|
00000060  74 61 65 00 65 7A 65 00 61 72 66 00 6E 73 66 00  |tae.eze.arf.nsf.|
00000070  75 72 67 00 6D 75 67 00 6C 65 68 00 67 6B 68 00  |urg.mug.leh.gkh.|
00000080  64 61 69 00 62 6E 6A 00 78 61 6C 00 72 68 6C 00  |dai.bnj.xal.rhl.|
00000090  6D 69 6C 00 61 61 6D 32 64 61 6D 00 64 72 6F 00  |mil.aam2dam.dro.|
000000A0  72 61 70 00 6C 63 73 00 61 65 73 00 6F 65 73 00  |rap.lcs.aes.oes.|
000000B0  70 67 73 00 6F 74 73 00 6F 74 73 32 64 79 73 00  |pgs.ots.ots2dys.|
000000C0  6F 79 74 00 65 69 76 00 77 61 77 00 12 35 35 87  |oyt.eiv.waw..55.|
000000D0  01 A4 02 97 01 BF 02 C4 01 F3 01 38 3D D7 01 FD  |...........8=...|
000000E0  01 2A D3 01 8C 01 D5 01 B8 01 3A E6 01 91 02 4E  |.*........:....N|
000000F0  97 01 3F 84 02 C2 01 F7 01 F3 01 23 23 BF 02 84  |..?........##...|
00000100  02 3D 32 18 97 34 20 04 28 01 18 00 28 01 30 04  |.=2..4 .(...(.0.|
00000110  40 01 4A 0A 18 01 20 00 30 00 38 01 48 01 50 03  |@.J... .0.8.H.P.|
00000120  5A 00 60 00 68 01                                |Z.`.h.|

================================================================================
FILE: 087_in_5453_k_EMsgClientFromGC.txt
================================================================================
File: 087_in_5453_k_EMsgClientFromGC.bin
Size: 82 bytes

00000000  4D 15 00 80 14 00 00 00 09 D1 5D B5 07 01 00 10  |M.........].....|
00000010  01 10 A0 FB E9 93 F9 FF FF FF FF 01 08 F2 E8 56  |...............V|
00000020  10 98 80 80 80 08 1A 2A 18 00 00 80 00 00 00 00  |.......*........|
00000030  19 6C 38 83 EC D9 84 6A 00 22 0C 08 02 10 DD CB  |.l8....j."......|
00000040  86 E0 9E 9B A1 B5 02 30 01 39 6D 38 83 EC D9 84  |.......0.9m8....|
00000050  6A 00                                            |j.|

================================================================================
FILE: 088_in_5453_k_EMsgClientFromGC.txt
================================================================================
File: 088_in_5453_k_EMsgClientFromGC.bin
Size: 68 bytes

00000000  4D 15 00 80 14 00 00 00 09 D1 5D B5 07 01 00 10  |M.........].....|
00000010  01 10 A0 FB E9 93 F9 FF FF FF FF 01 08 F2 E8 56  |...............V|
00000020  10 A4 C7 80 80 08 1A 1C A4 23 00 80 09 00 00 00  |.........#......|
00000030  59 10 00 00 00 00 00 00 00 08 01 11 DD A5 01 EC  |Y...............|
00000040  D9 84 6A 02                                      |..j.|

================================================================================
FILE: 089_in_5453_k_EMsgClientFromGC.txt
================================================================================
File: 089_in_5453_k_EMsgClientFromGC.bin
Size: 282 bytes

00000000  4D 15 00 80 14 00 00 00 09 D1 5D B5 07 01 00 10  |M.........].....|
00000010  01 10 A0 FB E9 93 F9 FF FF FF FF 01 08 F2 E8 56  |...............V|
00000020  10 98 80 80 80 08 1A F1 01 18 00 00 80 00 00 00  |................|
00000030  00 12 C2 01 08 69 12 BD 01 08 DD CB 86 E0 9E 9B  |.....i..........|
00000040  A1 B5 02 12 2B 08 D1 BB D5 3D 12 07 69 67 73 76  |....+....=..igsv|
00000050  65 66 66 18 02 28 00 30 97 34 38 01 50 02 58 1E  |eff..(.0.48.P.X.|
00000060  68 00 72 0C 08 01 10 01 28 0E 28 3F 28 40 30 01  |h.r.....(.(?(@0.|
00000070  30 F9 F8 81 06 38 03 48 02 50 01 62 00 68 00 70  |0....8.H.P.b.h.p|
00000080  02 78 04 80 01 01 8A 01 6A 18 01 20 00 30 00 38  |.x......j.. .0.8|
00000090  01 42 02 08 07 42 02 08 01 42 02 08 1B 42 02 08  |.B...B...B...B..|
000000A0  1F 42 02 08 17 42 02 08 16 42 02 08 02 42 02 08  |.B...B...B...B..|
000000B0  05 42 02 08 1C 42 02 08 13 42 02 08 08 42 02 08  |.B...B...B...B..|
000000C0  0E 42 02 08 2C 42 02 08 18 42 02 08 03 42 02 08  |.B..,B...B...B..|
000000D0  34 42 02 08 15 42 02 08 09 42 02 08 2D 42 02 08  |4B...B...B..-B..|
000000E0  0F 42 02 08 27 42 02 08 26 42 02 08 0B 42 02 08  |.B..'B..&B...B..|
000000F0  0A 48 01 98 01 01 19 9C 31 D4 ED D9 84 6A 02 22  |.H......1....j."|
00000100  0C 08 02 10 DD CB 86 E0 9E 9B A1 B5 02 28 01 30  |.............(.0|
00000110  00 39 6D 38 83 EC D9 84 6A 00                    |.9m8....j.|

================================================================================
FILE: 090_out_7501_k_EMsgClientRichPresenceUpload.txt
================================================================================
File: 090_out_7501_k_EMsgClientRichPresenceUpload.bin
Size: 172 bytes

00000000  4D 1D 00 80 1B 00 00 00 09 D1 5D B5 07 01 00 10  |M.........].....|
00000010  01 10 A0 FB E9 93 F9 FF FF FF FF 01 18 F2 E8 56  |...............V|
00000020  80 02 01 0A 7E 00 52 50 00 01 73 74 65 61 6D 5F  |....~.RP..steam_|
00000030  64 69 73 70 6C 61 79 00 23 53 74 65 61 6D 5F 43  |display.#Steam_C|
00000040  69 74 61 64 65 6C 5F 48 69 64 65 6F 75 74 5F 50  |itadel_Hideout_P|
00000050  72 6F 77 6C 00 01 73 74 61 74 75 73 00 23 53 74  |rowl..status.#St|
00000060  65 61 6D 5F 43 69 74 61 64 65 6C 5F 48 69 64 65  |eam_Citadel_Hide|
00000070  6F 75 74 5F 50 72 6F 77 6C 00 01 73 74 65 61 6D  |out_Prowl..steam|
00000080  5F 70 6C 61 79 65 72 5F 67 72 6F 75 70 00 31 37  |_player_group.17|
00000090  34 30 39 37 36 30 37 31 30 39 34 38 36 30 34 35  |4097607109486045|
000000A0  00 08 08 11 BD E0 83 51 01 00 10 01              |.......Q....|

================================================================================
FILE: 091_in_766_k_EMsgClientPersonaState.txt
================================================================================
File: 091_in_766_k_EMsgClientPersonaState.bin
Size: 299 bytes

00000000  FE 02 00 80 14 00 00 00 09 D1 5D B5 07 01 00 10  |..........].....|
00000010  01 10 A0 FB E9 93 F9 FF FF FF FF 01 08 DF E6 01  |................|
00000020  12 88 02 09 D1 5D B5 07 01 00 10 01 10 07 18 F2  |.....]..........|
00000030  E8 56 30 01 38 01 50 01 7A 07 69 67 73 76 65 66  |.V0.8.P.z.igsvef|
00000040  66 C9 01 00 00 00 00 00 00 00 00 FA 01 14 84 02  |f...............|
00000050  52 4F 63 40 0A 76 79 08 82 21 B6 E3 B9 9C D6 F4  |ROc@.vy..!......|
00000060  37 35 E8 02 8A F7 95 D4 06 F0 02 CA 92 97 D4 06  |75..............|
00000070  F8 02 84 A4 F8 D3 06 BA 03 00 C1 03 72 B4 15 00  |............r...|
00000080  00 00 00 00 E2 03 00 BA 04 2D 0A 0D 73 74 65 61  |.........-..stea|
00000090  6D 5F 64 69 73 70 6C 61 79 12 1C 23 53 74 65 61  |m_display..#Stea|
000000A0  6D 5F 43 69 74 61 64 65 6C 5F 48 69 64 65 6F 75  |m_Citadel_Hideou|
000000B0  74 5F 50 72 6F 77 6C BA 04 26 0A 06 73 74 61 74  |t_Prowl..&..stat|
000000C0  75 73 12 1C 23 53 74 65 61 6D 5F 43 69 74 61 64  |us..#Steam_Citad|
000000D0  65 6C 5F 48 69 64 65 6F 75 74 5F 50 72 6F 77 6C  |el_Hideout_Prowl|
000000E0  BA 04 28 0A 12 73 74 65 61 6D 5F 70 6C 61 79 65  |..(..steam_playe|
000000F0  72 5F 67 72 6F 75 70 12 12 31 37 34 30 39 37 36  |r_group..1740976|
00000100  30 37 31 30 39 34 38 36 30 34 35 C1 04 00 00 00  |07109486045.....|
00000110  00 00 00 00 00 C9 04 00 00 00 00 00 00 00 00 F8  |................|
00000120  04 00 80 05 00 88 05 00 98 05 01                 |...........|

================================================================================
FILE: 092_in_766_k_EMsgClientPersonaState.txt
================================================================================
File: 092_in_766_k_EMsgClientPersonaState.bin
Size: 291 bytes

00000000  FE 02 00 80 14 00 00 00 09 D1 5D B5 07 01 00 10  |..........].....|
00000010  01 10 A0 FB E9 93 F9 FF FF FF FF 01 08 08 12 82  |................|
00000020  02 09 D1 5D B5 07 01 00 10 01 10 00 18 F2 E8 56  |...]...........V|
00000030  30 01 38 01 7A 07 69 67 73 76 65 66 66 C9 01 04  |0.8.z.igsveff...|
00000040  FC C4 18 66 C7 40 01 FA 01 14 84 02 52 4F 63 40  |...f.@......ROc@|
00000050  0A 76 79 08 82 21 B6 E3 B9 9C D6 F4 37 35 E8 02  |.vy..!......75..|
00000060  8A F7 95 D4 06 F0 02 CA 92 97 D4 06 F8 02 00 BA  |................|
00000070  03 00 C1 03 72 B4 15 00 00 00 00 00 E2 03 00 BA  |....r...........|
00000080  04 2D 0A 0D 73 74 65 61 6D 5F 64 69 73 70 6C 61  |.-..steam_displa|
00000090  79 12 1C 23 53 74 65 61 6D 5F 43 69 74 61 64 65  |y..#Steam_Citade|
000000A0  6C 5F 48 69 64 65 6F 75 74 5F 50 72 6F 77 6C BA  |l_Hideout_Prowl.|
000000B0  04 26 0A 06 73 74 61 74 75 73 12 1C 23 53 74 65  |.&..status..#Ste|
000000C0  61 6D 5F 43 69 74 61 64 65 6C 5F 48 69 64 65 6F  |am_Citadel_Hideo|
000000D0  75 74 5F 50 72 6F 77 6C BA 04 28 0A 12 73 74 65  |ut_Prowl..(..ste|
000000E0  61 6D 5F 70 6C 61 79 65 72 5F 67 72 6F 75 70 12  |am_player_group.|
000000F0  12 31 37 34 30 39 37 36 30 37 31 30 39 34 38 36  |.174097607109486|
00000100  30 34 35 C1 04 00 00 00 00 00 00 00 00 C9 04 00  |045.............|
00000110  00 00 00 00 00 00 00 F8 04 00 80 05 00 88 05 00  |................|
00000120  98 05 01                                         |...|

================================================================================
FILE: 093_out_5452_k_EMsgClientToGC.txt
================================================================================
File: 093_out_5452_k_EMsgClientToGC.bin
Size: 77 bytes

00000000  4C 15 00 80 1B 00 00 00 09 D1 5D B5 07 01 00 10  |L.........].....|
00000010  01 10 A0 FB E9 93 F9 FF FF FF FF 01 18 F2 E8 56  |...............V|
00000020  80 02 01 08 F2 E8 56 10 A9 C7 80 80 08 1A 1E A9  |......V.........|
00000030  23 00 80 09 00 00 00 51 13 00 00 00 00 00 00 00  |#......Q........|
00000040  09 DD A5 01 EC D9 84 6A 02 18 0A 20 0A           |.......j... .|

================================================================================
FILE: 094_in_5453_k_EMsgClientFromGC.txt
================================================================================
File: 094_in_5453_k_EMsgClientFromGC.bin
Size: 282 bytes

00000000  4D 15 00 80 14 00 00 00 09 D1 5D B5 07 01 00 10  |M.........].....|
00000010  01 10 A0 FB E9 93 F9 FF FF FF FF 01 08 F2 E8 56  |...............V|
00000020  10 9A 80 80 80 08 1A F1 01 1A 00 00 80 00 00 00  |................|
00000030  00 12 CD 01 08 69 12 C8 01 08 DD CB 86 E0 9E 9B  |.....i..........|
00000040  A1 B5 02 12 2D 08 D1 BB D5 3D 12 07 69 67 73 76  |....-....=..igsv|
00000050  65 66 66 18 02 20 00 28 00 30 97 34 38 01 50 02  |eff.. .(.0.48.P.|
00000060  58 1E 68 00 72 0C 08 01 10 01 28 0E 28 3F 28 40  |X.h.r.....(.(?(@|
00000070  30 01 30 F9 F8 81 06 38 03 48 02 50 01 62 00 68  |0.0....8.H.P.b.h|
00000080  00 70 02 78 04 80 01 01 8A 01 73 12 07 08 0A 10  |.p.x......s.....|
00000090  D1 BB D5 3D 18 01 20 00 30 00 38 01 42 02 08 07  |...=.. .0.8.B...|
000000A0  42 02 08 01 42 02 08 1B 42 02 08 1F 42 02 08 17  |B...B...B...B...|
000000B0  42 02 08 16 42 02 08 02 42 02 08 05 42 02 08 1C  |B...B...B...B...|
000000C0  42 02 08 13 42 02 08 08 42 02 08 0E 42 02 08 2C  |B...B...B...B..,|
000000D0  42 02 08 18 42 02 08 03 42 02 08 34 42 02 08 15  |B...B...B..4B...|
000000E0  42 02 08 09 42 02 08 2D 42 02 08 0F 42 02 08 27  |B...B..-B...B..'|
000000F0  42 02 08 26 42 02 08 0B 42 02 08 0A 48 01 98 01  |B..&B...B...H...|
00000100  01 19 96 36 D4 ED D9 84 6A 02 32 0C 08 02 10 DD  |...6....j.2.....|
00000110  CB 86 E0 9E 9B A1 B5 02 38 01                    |........8.|

================================================================================
FILE: 095_in_5453_k_EMsgClientFromGC.txt
================================================================================
File: 095_in_5453_k_EMsgClientFromGC.bin
Size: 59 bytes

00000000  4D 15 00 80 14 00 00 00 09 D1 5D B5 07 01 00 10  |M.........].....|
00000010  01 10 A0 FB E9 93 F9 FF FF FF FF 01 08 F2 E8 56  |...............V|
00000020  10 AA C7 80 80 08 1A 13 AA 23 00 80 09 00 00 00  |.........#......|
00000030  59 13 00 00 00 00 00 00 00 08 01                 |Y..........|

================================================================================
FILE: 096_out_5452_k_EMsgClientToGC.txt
================================================================================
File: 096_out_5452_k_EMsgClientToGC.bin
Size: 83 bytes

00000000  4C 15 00 80 1B 00 00 00 09 D1 5D B5 07 01 00 10  |L.........].....|
00000010  01 10 A0 FB E9 93 F9 FF FF FF FF 01 18 F2 E8 56  |...............V|
00000020  80 02 01 08 F2 E8 56 10 B6 C7 80 80 08 1A 24 B6  |......V.......$.|
00000030  23 00 80 09 00 00 00 51 16 00 00 00 00 00 00 00  |#......Q........|
00000040  09 DD A5 01 EC D9 84 6A 02 10 01 1A 06 0A 04 08  |.......j........|
00000050  48 10 00                                         |H..|

================================================================================
FILE: 097_in_5453_k_EMsgClientFromGC.txt
================================================================================
File: 097_in_5453_k_EMsgClientFromGC.bin
Size: 290 bytes

00000000  4D 15 00 80 14 00 00 00 09 D1 5D B5 07 01 00 10  |M.........].....|
00000010  01 10 A0 FB E9 93 F9 FF FF FF FF 01 08 F2 E8 56  |...............V|
00000020  10 9A 80 80 80 08 1A F9 01 1A 00 00 80 00 00 00  |................|
00000030  00 12 D5 01 08 69 12 D0 01 08 DD CB 86 E0 9E 9B  |.....i..........|
00000040  A1 B5 02 12 35 08 D1 BB D5 3D 12 07 69 67 73 76  |....5....=..igsv|
00000050  65 66 66 18 02 20 01 28 00 30 97 34 38 01 4A 06  |eff.. .(.0.48.J.|
00000060  0A 04 08 48 10 00 50 02 58 1E 68 00 72 0C 08 01  |...H..P.X.h.r...|
00000070  10 01 28 0E 28 3F 28 40 30 01 30 F9 F8 81 06 38  |..(.(?(@0.0....8|
00000080  03 48 02 50 01 62 00 68 00 70 02 78 04 80 01 01  |.H.P.b.h.p.x....|
00000090  8A 01 73 12 07 08 0A 10 D1 BB D5 3D 18 01 20 00  |..s........=.. .|
000000A0  30 00 38 01 42 02 08 07 42 02 08 01 42 02 08 1B  |0.8.B...B...B...|
000000B0  42 02 08 1F 42 02 08 17 42 02 08 16 42 02 08 02  |B...B...B...B...|
000000C0  42 02 08 05 42 02 08 1C 42 02 08 13 42 02 08 08  |B...B...B...B...|
000000D0  42 02 08 0E 42 02 08 2C 42 02 08 18 42 02 08 03  |B...B..,B...B...|
000000E0  42 02 08 34 42 02 08 15 42 02 08 09 42 02 08 2D  |B..4B...B...B..-|
000000F0  42 02 08 0F 42 02 08 27 42 02 08 26 42 02 08 0B  |B...B..'B..&B...|
00000100  42 02 08 0A 48 01 98 01 01 19 AA 41 D4 ED D9 84  |B...H......A....|
00000110  6A 02 32 0C 08 02 10 DD CB 86 E0 9E 9B A1 B5 02  |j.2.............|
00000120  38 01                                            |8.|

================================================================================
FILE: 098_in_5453_k_EMsgClientFromGC.txt
================================================================================
File: 098_in_5453_k_EMsgClientFromGC.bin
Size: 59 bytes

00000000  4D 15 00 80 14 00 00 00 09 D1 5D B5 07 01 00 10  |M.........].....|
00000010  01 10 A0 FB E9 93 F9 FF FF FF FF 01 08 F2 E8 56  |...............V|
00000020  10 B7 C7 80 80 08 1A 13 B7 23 00 80 09 00 00 00  |.........#......|
00000030  59 16 00 00 00 00 00 00 00 08 01                 |Y..........|

================================================================================
FILE: 099_out_5452_k_EMsgClientToGC.txt
================================================================================
File: 099_out_5452_k_EMsgClientToGC.bin
Size: 73 bytes

00000000  4C 15 00 80 1B 00 00 00 09 D1 5D B5 07 01 00 10  |L.........].....|
00000010  01 10 A0 FB E9 93 F9 FF FF FF FF 01 18 F2 E8 56  |...............V|
00000020  80 02 01 08 F2 E8 56 10 AB C7 80 80 08 1A 1A AB  |......V.........|
00000030  23 00 80 09 00 00 00 51 19 00 00 00 00 00 00 00  |#......Q........|
00000040  09 DD A5 01 EC D9 84 6A 02                       |.......j.|

================================================================================
FILE: 100_in_5453_k_EMsgClientFromGC.txt
================================================================================
File: 100_in_5453_k_EMsgClientFromGC.bin
Size: 296 bytes

00000000  4D 15 00 80 14 00 00 00 09 D1 5D B5 07 01 00 10  |M.........].....|
00000010  01 10 A0 FB E9 93 F9 FF FF FF FF 01 08 F2 E8 56  |...............V|
00000020  10 9A 80 80 80 08 1A FF 01 1A 00 00 80 00 00 00  |................|
00000030  00 12 DB 01 08 69 12 D6 01 08 DD CB 86 E0 9E 9B  |.....i..........|
00000040  A1 B5 02 12 35 08 D1 BB D5 3D 12 07 69 67 73 76  |....5....=..igsv|
00000050  65 66 66 18 02 20 00 28 00 30 97 34 38 01 4A 06  |eff.. .(.0.48.J.|
00000060  0A 04 08 48 10 00 50 02 58 1E 68 00 72 0C 08 01  |...H..P.X.h.r...|
00000070  10 01 28 0E 28 3F 28 40 30 01 30 F9 F8 81 06 38  |..(.(?(@0.0....8|
00000080  03 48 02 50 01 58 D0 93 97 D4 06 62 00 68 00 70  |.H.P.X.....b.h.p|
00000090  02 78 04 80 01 01 8A 01 73 12 07 08 0A 10 D1 BB  |.x......s.......|
000000A0  D5 3D 18 01 20 00 30 00 38 01 42 02 08 07 42 02  |.=.. .0.8.B...B.|
000000B0  08 01 42 02 08 1B 42 02 08 1F 42 02 08 17 42 02  |..B...B...B...B.|
000000C0  08 16 42 02 08 02 42 02 08 05 42 02 08 1C 42 02  |..B...B...B...B.|
000000D0  08 13 42 02 08 08 42 02 08 0E 42 02 08 2C 42 02  |..B...B...B..,B.|
000000E0  08 18 42 02 08 03 42 02 08 34 42 02 08 15 42 02  |..B...B..4B...B.|
000000F0  08 09 42 02 08 2D 42 02 08 0F 42 02 08 27 42 02  |..B..-B...B..'B.|
00000100  08 26 42 02 08 0B 42 02 08 0A 48 01 98 01 01 19  |.&B...B...H.....|
00000110  9E 48 D4 ED D9 84 6A 02 32 0C 08 02 10 DD CB 86  |.H....j.2.......|
00000120  E0 9E 9B A1 B5 02 38 01                          |......8.|

================================================================================
FILE: 101_in_5453_k_EMsgClientFromGC.txt
================================================================================
File: 101_in_5453_k_EMsgClientFromGC.bin
Size: 61 bytes

00000000  4D 15 00 80 14 00 00 00 09 D1 5D B5 07 01 00 10  |M.........].....|
00000010  01 10 A0 FB E9 93 F9 FF FF FF FF 01 08 F2 E8 56  |...............V|
00000020  10 AC C7 80 80 08 1A 15 AC 23 00 80 09 00 00 00  |.........#......|
00000030  59 19 00 00 00 00 00 00 00 08 01 10 00           |Y............|

================================================================================
FILE: 102_out_7501_k_EMsgClientRichPresenceUpload.txt
================================================================================
File: 102_out_7501_k_EMsgClientRichPresenceUpload.bin
Size: 177 bytes

00000000  4D 1D 00 80 1B 00 00 00 09 D1 5D B5 07 01 00 10  |M.........].....|
00000010  01 10 A0 FB E9 93 F9 FF FF FF FF 01 18 F2 E8 56  |...............V|
00000020  80 02 01 0A 82 01 00 52 50 00 01 73 74 65 61 6D  |.......RP..steam|
00000030  5F 64 69 73 70 6C 61 79 00 23 53 74 65 61 6D 5F  |_display.#Steam_|
00000040  43 69 74 61 64 65 6C 5F 52 50 5F 46 69 6E 64 69  |Citadel_RP_Findi|
00000050  6E 67 4D 61 74 63 68 00 01 73 74 61 74 75 73 00  |ngMatch..status.|
00000060  23 53 74 65 61 6D 5F 43 69 74 61 64 65 6C 5F 52  |#Steam_Citadel_R|
00000070  50 5F 46 69 6E 64 69 6E 67 4D 61 74 63 68 00 01  |P_FindingMatch..|
00000080  73 74 65 61 6D 5F 70 6C 61 79 65 72 5F 67 72 6F  |steam_player_gro|
00000090  75 70 00 31 37 34 30 39 37 36 30 37 31 30 39 34  |up.1740976071094|
000000A0  38 36 30 34 35 00 08 08 11 BD E0 83 51 01 00 10  |86045.......Q...|
000000B0  01                                               |.|

================================================================================
FILE: 103_in_766_k_EMsgClientPersonaState.txt
================================================================================
File: 103_in_766_k_EMsgClientPersonaState.bin
Size: 303 bytes

00000000  FE 02 00 80 14 00 00 00 09 D1 5D B5 07 01 00 10  |..........].....|
00000010  01 10 A0 FB E9 93 F9 FF FF FF FF 01 08 DF E6 01  |................|
00000020  12 8C 02 09 D1 5D B5 07 01 00 10 01 10 07 18 F2  |.....]..........|
00000030  E8 56 30 01 38 01 50 01 7A 07 69 67 73 76 65 66  |.V0.8.P.z.igsvef|
00000040  66 C9 01 00 00 00 00 00 00 00 00 FA 01 14 84 02  |f...............|
00000050  52 4F 63 40 0A 76 79 08 82 21 B6 E3 B9 9C D6 F4  |ROc@.vy..!......|
00000060  37 35 E8 02 8A F7 95 D4 06 F0 02 CA 92 97 D4 06  |75..............|
00000070  F8 02 84 A4 F8 D3 06 BA 03 00 C1 03 72 B4 15 00  |............r...|
00000080  00 00 00 00 E2 03 00 BA 04 2F 0A 0D 73 74 65 61  |........./..stea|
00000090  6D 5F 64 69 73 70 6C 61 79 12 1E 23 53 74 65 61  |m_display..#Stea|
000000A0  6D 5F 43 69 74 61 64 65 6C 5F 52 50 5F 46 69 6E  |m_Citadel_RP_Fin|
000000B0  64 69 6E 67 4D 61 74 63 68 BA 04 28 0A 06 73 74  |dingMatch..(..st|
000000C0  61 74 75 73 12 1E 23 53 74 65 61 6D 5F 43 69 74  |atus..#Steam_Cit|
000000D0  61 64 65 6C 5F 52 50 5F 46 69 6E 64 69 6E 67 4D  |adel_RP_FindingM|
000000E0  61 74 63 68 BA 04 28 0A 12 73 74 65 61 6D 5F 70  |atch..(..steam_p|
000000F0  6C 61 79 65 72 5F 67 72 6F 75 70 12 12 31 37 34  |layer_group..174|
00000100  30 39 37 36 30 37 31 30 39 34 38 36 30 34 35 C1  |097607109486045.|
00000110  04 00 00 00 00 00 00 00 00 C9 04 00 00 00 00 00  |................|
00000120  00 00 00 F8 04 00 80 05 00 88 05 00 98 05 01     |...............|

================================================================================
FILE: 104_in_5453_k_EMsgClientFromGC.txt
================================================================================
File: 104_in_5453_k_EMsgClientFromGC.bin
Size: 295 bytes

00000000  4D 15 00 80 14 00 00 00 09 D1 5D B5 07 01 00 10  |M.........].....|
00000010  01 10 A0 FB E9 93 F9 FF FF FF FF 01 08 F2 E8 56  |...............V|
00000020  10 8C C7 80 80 08 1A FE 01 8C 23 00 80 00 00 00  |..........#.....|
00000030  00 0A F3 01 11 AD 3D A1 A2 FE C4 1F 3C 1A A5 01  |......=.....<...|
00000040  0D 33 1E 86 6A 1D 00 00 00 00 38 F2 E8 56 42 13  |.3..j.....8..VB.|
00000050  0A 08 6D 61 74 63 68 5F 69 64 29 EC 23 FC 05 00  |..match_id).#...|
00000060  00 00 00 5A 4A 73 74 6F 00 02 5A 22 B1 CA 1B 0A  |...ZJsto..Z"....|
00000070  4D 2F A0 74 CE 2A B4 FF 1A 09 DA 2D 6C 4A CA DF  |M/.t.*.....-lJ..|
00000080  78 79 60 93 CB FF 4E 3A FE 4D 4D F0 09 66 57 0D  |xy`...N:.MM..fW.|
00000090  97 4A CA 4C AF 66 9A 00 F1 62 1D 57 18 98 51 04  |.J.L.f...b.W..Q.|
000000A0  6A 8B 60 CC 2C 98 7F CF 10 32 5D 03 11 F3 CE 72  |j.`.,....2]....r|
000000B0  19 73 74 65 61 6D 69 64 3A 37 36 35 36 31 31 39  |.steamid:7656119|
000000C0  38 30 38 39 35 39 32 32 37 33 7A 19 73 74 65 61  |8089592273z.stea|
000000D0  6D 69 64 3A 39 30 32 39 31 32 33 32 34 36 31 35  |mid:902912324615|
000000E0  34 33 34 33 36 22 40 58 84 28 7D 60 78 1F 4C C4  |43436"@X.(}`x.L.|
000000F0  34 BE 76 20 F4 64 58 01 86 0F C1 6F 9E FA 06 38  |4.v .dX....o...8|
00000100  7E 01 F0 24 4D DE 51 50 DF 58 72 F6 25 21 92 E6  |~..$M.QP.Xr.%!..|
00000110  1D D6 6F 44 00 07 19 70 68 46 60 B8 2E 03 4A 15  |..oD...phF`...J.|
00000120  CF 94 F4 3C 16 E4 01                             |...<...|

================================================================================
FILE: 105_in_5453_k_EMsgClientFromGC.txt
================================================================================
File: 105_in_5453_k_EMsgClientFromGC.bin
Size: 82 bytes

00000000  4D 15 00 80 14 00 00 00 09 D1 5D B5 07 01 00 10  |M.........].....|
00000010  01 10 A0 FB E9 93 F9 FF FF FF FF 01 08 F2 E8 56  |...............V|
00000020  10 98 80 80 80 08 1A 2A 18 00 00 80 00 00 00 00  |.......*........|
00000030  19 EC 5F 83 EC D9 84 6A 00 22 0C 08 03 10 8E E6  |.._....j."......|
00000040  87 E0 9E 9B A1 B5 01 30 01 39 ED 5F 83 EC D9 84  |.......0.9._....|
00000050  6A 00                                            |j.|

================================================================================
FILE: 106_in_5453_k_EMsgClientFromGC.txt
================================================================================
File: 106_in_5453_k_EMsgClientFromGC.bin
Size: 131 bytes

00000000  4D 15 00 80 14 00 00 00 09 D1 5D B5 07 01 00 10  |M.........].....|
00000010  01 10 A0 FB E9 93 F9 FF FF FF FF 01 08 F2 E8 56  |...............V|
00000020  10 98 80 80 80 08 1A 5B 18 00 00 80 00 00 00 00  |.......[........|
00000030  12 2D 08 65 12 29 08 8E E6 87 E0 9E 9B A1 B5 01  |.-.e.)..........|
00000040  10 EC C7 F0 2F 18 02 20 01 28 97 34 39 0C D8 33  |..../.. .(.49..3|
00000050  C5 65 C7 40 01 68 97 34 70 01 78 00 80 01 02 19  |.e.@.h.4p.x.....|
00000060  14 24 DC ED D9 84 6A 01 22 0C 08 03 10 8E E6 87  |.$....j.".......|
00000070  E0 9E 9B A1 B5 01 28 01 30 00 39 ED 5F 83 EC D9  |......(.0.9._...|
00000080  84 6A 00                                         |.j.|

================================================================================
FILE: 107_in_5453_k_EMsgClientFromGC.txt
================================================================================
File: 107_in_5453_k_EMsgClientFromGC.bin
Size: 292 bytes

00000000  4D 15 00 80 14 00 00 00 09 D1 5D B5 07 01 00 10  |M.........].....|
00000010  01 10 A0 FB E9 93 F9 FF FF FF FF 01 08 F2 E8 56  |...............V|
00000020  10 9A 80 80 80 08 1A FB 01 1A 00 00 80 00 00 00  |................|
00000030  00 12 D7 01 08 69 12 D2 01 08 DD CB 86 E0 9E 9B  |.....i..........|
00000040  A1 B5 02 12 35 08 D1 BB D5 3D 12 07 69 67 73 76  |....5....=..igsv|
00000050  65 66 66 18 02 20 00 28 00 30 97 34 38 01 4A 06  |eff.. .(.0.48.J.|
00000060  0A 04 08 48 10 00 50 02 58 1E 68 00 72 0C 08 01  |...H..P.X.h.r...|
00000070  10 01 28 0E 28 3F 28 40 30 01 30 F9 F8 81 06 38  |..(.(?(@0.0....8|
00000080  03 48 02 50 01 58 00 62 00 68 00 70 02 78 04 80  |.H.P.X.b.h.p.x..|
00000090  01 01 8A 01 73 12 07 08 0A 10 D1 BB D5 3D 18 01  |....s........=..|
000000A0  20 00 30 00 38 01 42 02 08 07 42 02 08 01 42 02  | .0.8.B...B...B.|
000000B0  08 1B 42 02 08 1F 42 02 08 17 42 02 08 16 42 02  |..B...B...B...B.|
000000C0  08 02 42 02 08 05 42 02 08 1C 42 02 08 13 42 02  |..B...B...B...B.|
000000D0  08 08 42 02 08 0E 42 02 08 2C 42 02 08 18 42 02  |..B...B..,B...B.|
000000E0  08 03 42 02 08 34 42 02 08 15 42 02 08 09 42 02  |..B..4B...B...B.|
000000F0  08 2D 42 02 08 0F 42 02 08 27 42 02 08 26 42 02  |.-B...B..'B..&B.|
00000100  08 0B 42 02 08 0A 48 01 98 01 01 19 C6 4E D4 ED  |..B...H......N..|
00000110  D9 84 6A 02 32 0C 08 02 10 DD CB 86 E0 9E 9B A1  |..j.2...........|
00000120  B5 02 38 01                                      |..8.|

================================================================================
FILE: 108_in_5453_k_EMsgClientFromGC.txt
================================================================================
File: 108_in_5453_k_EMsgClientFromGC.bin
Size: 122 bytes

00000000  4D 15 00 80 14 00 00 00 09 D1 5D B5 07 01 00 10  |M.........].....|
00000010  01 10 A0 FB E9 93 F9 FF FF FF FF 01 08 F2 E8 56  |...............V|
00000020  10 9A 80 80 80 08 1A 52 1A 00 00 80 00 00 00 00  |.......R........|
00000030  12 2F 08 65 12 2B 08 8E E6 87 E0 9E 9B A1 B5 01  |./.e.+..........|
00000040  10 EC C7 F0 2F 18 02 20 01 28 97 34 39 0C D8 33  |..../.. .(.49..3|
00000050  C5 65 C7 40 01 40 01 68 97 34 70 01 78 00 80 01  |.e.@.@.h.4p.x...|
00000060  02 19 4A 25 DC ED D9 84 6A 01 32 0C 08 03 10 8E  |..J%....j.2.....|
00000070  E6 87 E0 9E 9B A1 B5 01 38 01                    |........8.|

================================================================================
FILE: 109_out_5410_k_EMsgClientGamesPlayedWithDataBlob.txt
================================================================================
File: 109_out_5410_k_EMsgClientGamesPlayedWithDataBlob.bin
Size: 115 bytes

00000000  22 15 00 80 17 00 00 00 09 D1 5D B5 07 01 00 10  |".........].....|
00000010  01 10 A0 FB E9 93 F9 FF FF FF FF 01 80 02 01 0A  |................|
00000020  4C 08 00 11 72 B4 15 00 00 00 00 00 20 00 28 00  |L...r....... .(.|
00000030  32 00 3A 00 48 E8 77 50 00 58 01 60 D1 BB D5 3D  |2.:.H.wP.X.`...=|
00000040  78 01 A8 01 94 03 BA 01 00 C8 01 FF FF FF FF FF  |x...............|
00000050  FF FF FF FF 01 D0 01 D1 8A E6 0B F2 01 00 F8 01  |................|
00000060  00 82 02 09 08 E8 77 10 E0 D9 01 18 01 10 14 18  |......w.........|
00000070  00 20 00                                         |. .|

================================================================================
FILE: 110_in_779_k_EMsgClientGameConnectTokens.txt
================================================================================
File: 110_in_779_k_EMsgClientGameConnectTokens.bin
Size: 52 bytes

00000000  0B 03 00 80 14 00 00 00 09 D1 5D B5 07 01 00 10  |..........].....|
00000010  01 10 A0 FB E9 93 F9 FF FF FF FF 01 08 0A 12 14  |................|
00000020  C4 2B 96 28 5C B3 A5 13 D1 5D B5 07 01 00 10 01  |.+.(\....]......|
00000030  D4 C9 85 6A                                      |...j|

================================================================================
FILE: 111_in_766_k_EMsgClientPersonaState.txt
================================================================================
File: 111_in_766_k_EMsgClientPersonaState.bin
Size: 303 bytes

00000000  FE 02 00 80 14 00 00 00 09 D1 5D B5 07 01 00 10  |..........].....|
00000010  01 10 A0 FB E9 93 F9 FF FF FF FF 01 08 DF E6 01  |................|
00000020  12 8C 02 09 D1 5D B5 07 01 00 10 01 10 07 18 F2  |.....]..........|
00000030  E8 56 30 01 38 01 50 01 7A 07 69 67 73 76 65 66  |.V0.8.P.z.igsvef|
00000040  66 C9 01 00 00 00 00 00 00 00 00 FA 01 14 84 02  |f...............|
00000050  52 4F 63 40 0A 76 79 08 82 21 B6 E3 B9 9C D6 F4  |ROc@.vy..!......|
00000060  37 35 E8 02 8A F7 95 D4 06 F0 02 CA 92 97 D4 06  |75..............|
00000070  F8 02 84 A4 F8 D3 06 BA 03 00 C1 03 72 B4 15 00  |............r...|
00000080  00 00 00 00 E2 03 00 BA 04 2F 0A 0D 73 74 65 61  |........./..stea|
00000090  6D 5F 64 69 73 70 6C 61 79 12 1E 23 53 74 65 61  |m_display..#Stea|
000000A0  6D 5F 43 69 74 61 64 65 6C 5F 52 50 5F 46 69 6E  |m_Citadel_RP_Fin|
000000B0  64 69 6E 67 4D 61 74 63 68 BA 04 28 0A 06 73 74  |dingMatch..(..st|
000000C0  61 74 75 73 12 1E 23 53 74 65 61 6D 5F 43 69 74  |atus..#Steam_Cit|
000000D0  61 64 65 6C 5F 52 50 5F 46 69 6E 64 69 6E 67 4D  |adel_RP_FindingM|
000000E0  61 74 63 68 BA 04 28 0A 12 73 74 65 61 6D 5F 70  |atch..(..steam_p|
000000F0  6C 61 79 65 72 5F 67 72 6F 75 70 12 12 31 37 34  |layer_group..174|
00000100  30 39 37 36 30 37 31 30 39 34 38 36 30 34 35 C1  |097607109486045.|
00000110  04 00 00 00 00 00 00 00 00 C9 04 00 00 00 00 00  |................|
00000120  00 00 00 F8 04 00 80 05 00 88 05 00 98 05 01     |...............|

================================================================================
FILE: 112_out_5432_k_EMsgClientAuthList.txt
================================================================================
File: 112_out_5432_k_EMsgClientAuthList.bin
Size: 165 bytes

00000000  38 15 00 80 17 00 00 00 09 D1 5D B5 07 01 00 10  |8.........].....|
00000010  01 10 A0 FB E9 93 F9 FF FF FF FF 01 80 02 01 08  |................|
00000020  09 10 00 18 00 22 78 08 00 10 FF FF FF FF 0F 19  |....."x.........|
00000030  00 00 00 00 00 00 00 00 21 72 B4 15 00 00 00 00  |........!r......|
00000040  00 28 84 80 14 30 93 91 8E 92 05 3A 34 14 00 00  |.(...0.....:4...|
00000050  00 07 E4 D1 68 F1 39 A1 30 D1 5D B5 07 01 00 10  |....h.9.0.].....|
00000060  01 4A C9 85 6A 18 00 00 00 01 00 00 00 02 00 00  |.J..j...........|
00000070  00 89 48 C4 24 BE 97 10 BB 6C 32 02 00 02 00 00  |..H.$....l2.....|
00000080  00 42 1A 73 74 65 61 6D 69 64 3A 39 30 32 39 31  |.B.steamid:90291|
00000090  32 33 32 34 36 31 35 34 33 34 33 36 00 48 02 28  |232461543436.H.(|
000000A0  F2 E8 56 30 03                                   |..V0.|

================================================================================
FILE: 113_in_5575_k_EMsgClientAuthListAck.txt
================================================================================
File: 113_in_5575_k_EMsgClientAuthListAck.bin
Size: 49 bytes

00000000  C7 15 00 80 1D 00 00 00 09 D1 5D B5 07 01 00 10  |..........].....|
00000010  01 10 A0 FB E9 93 F9 FF FF FF FF 01 59 FF FF FF  |............Y...|
00000020  FF FF FF FF FF 08 93 91 8E 92 05 10 F2 E8 56 18  |..............V.|
00000030  03                                               |.|

================================================================================
FILE: 114_in_779_k_EMsgClientGameConnectTokens.txt
================================================================================
File: 114_in_779_k_EMsgClientGameConnectTokens.bin
Size: 52 bytes

00000000  0B 03 00 80 14 00 00 00 09 D1 5D B5 07 01 00 10  |..........].....|
00000010  01 10 A0 FB E9 93 F9 FF FF FF FF 01 08 0A 12 14  |................|
00000020  F3 7B 49 79 65 8C 71 9C D1 5D B5 07 01 00 10 01  |.{Iye.q..]......|
00000030  D5 C9 85 6A                                      |...j|

================================================================================
FILE: 115_in_5429_k_EMsgClientTicketAuthComplete.txt
================================================================================
File: 115_in_5429_k_EMsgClientTicketAuthComplete.bin
Size: 65 bytes

00000000  35 15 00 80 14 00 00 00 09 D1 5D B5 07 01 00 10  |5.........].....|
00000010  01 10 A0 FB E9 93 F9 FF FF FF FF 01 09 0C D8 33  |...............3|
00000020  C5 65 C7 40 01 11 72 B4 15 00 00 00 00 00 18 02  |.e.@..r.........|
00000030  20 00 30 93 91 8E 92 05 41 D1 5D B5 07 01 00 10  | .0.....A.].....|
00000040  01                                               |.|

================================================================================
FILE: 116_out_5410_k_EMsgClientGamesPlayedWithDataBlob.txt
================================================================================
File: 116_out_5410_k_EMsgClientGamesPlayedWithDataBlob.bin
Size: 123 bytes

00000000  22 15 00 80 17 00 00 00 09 D1 5D B5 07 01 00 10  |".........].....|
00000010  01 10 A0 FB E9 93 F9 FF FF FF FF 01 80 02 01 0A  |................|
00000020  54 08 8C B0 CF A9 DC EC B1 A0 01 11 72 B4 15 00  |T...........r...|
00000030  00 00 00 00 20 00 28 00 32 00 3A 00 48 E8 77 50  |.... .(.2.:.H.wP|
00000040  00 58 01 60 D1 BB D5 3D 78 01 A8 01 94 03 BA 01  |.X.`...=x.......|
00000050  00 C8 01 FF FF FF FF FF FF FF FF FF 01 D0 01 D1  |................|
00000060  8A E6 0B F2 01 00 F8 01 00 82 02 09 08 E8 77 10  |..............w.|
00000070  E0 D9 01 18 01 10 14 18 00 20 00                 |......... .|

================================================================================
FILE: 117_in_779_k_EMsgClientGameConnectTokens.txt
================================================================================
File: 117_in_779_k_EMsgClientGameConnectTokens.bin
Size: 52 bytes

00000000  0B 03 00 80 14 00 00 00 09 D1 5D B5 07 01 00 10  |..........].....|
00000010  01 10 A0 FB E9 93 F9 FF FF FF FF 01 08 0A 12 14  |................|
00000020  84 C4 3C 6D 9C 10 D5 DB D1 5D B5 07 01 00 10 01  |..<m.....]......|
00000030  D6 C9 85 6A                                      |...j|

================================================================================
FILE: 118_in_766_k_EMsgClientPersonaState.txt
================================================================================
File: 118_in_766_k_EMsgClientPersonaState.bin
Size: 295 bytes

00000000  FE 02 00 80 14 00 00 00 09 D1 5D B5 07 01 00 10  |..........].....|
00000010  01 10 A0 FB E9 93 F9 FF FF FF FF 01 08 08 12 86  |................|
00000020  02 09 D1 5D B5 07 01 00 10 01 10 00 18 F2 E8 56  |...]...........V|
00000030  30 01 38 01 7A 07 69 67 73 76 65 66 66 C9 01 0C  |0.8.z.igsveff...|
00000040  D8 33 C5 65 C7 40 01 FA 01 14 84 02 52 4F 63 40  |.3.e.@......ROc@|
00000050  0A 76 79 08 82 21 B6 E3 B9 9C D6 F4 37 35 E8 02  |.vy..!......75..|
00000060  8A F7 95 D4 06 F0 02 CA 92 97 D4 06 F8 02 00 BA  |................|
00000070  03 00 C1 03 72 B4 15 00 00 00 00 00 E2 03 00 BA  |....r...........|
00000080  04 2F 0A 0D 73 74 65 61 6D 5F 64 69 73 70 6C 61  |./..steam_displa|
00000090  79 12 1E 23 53 74 65 61 6D 5F 43 69 74 61 64 65  |y..#Steam_Citade|
000000A0  6C 5F 52 50 5F 46 69 6E 64 69 6E 67 4D 61 74 63  |l_RP_FindingMatc|
000000B0  68 BA 04 28 0A 06 73 74 61 74 75 73 12 1E 23 53  |h..(..status..#S|
000000C0  74 65 61 6D 5F 43 69 74 61 64 65 6C 5F 52 50 5F  |team_Citadel_RP_|
000000D0  46 69 6E 64 69 6E 67 4D 61 74 63 68 BA 04 28 0A  |FindingMatch..(.|
000000E0  12 73 74 65 61 6D 5F 70 6C 61 79 65 72 5F 67 72  |.steam_player_gr|
000000F0  6F 75 70 12 12 31 37 34 30 39 37 36 30 37 31 30  |oup..17409760710|
00000100  39 34 38 36 30 34 35 C1 04 00 00 00 00 00 00 00  |9486045.........|
00000110  00 C9 04 00 00 00 00 00 00 00 00 F8 04 00 80 05  |................|
00000120  00 88 05 00 98 05 01                             |.......|

================================================================================
FILE: 119_in_766_k_EMsgClientPersonaState.txt
================================================================================
File: 119_in_766_k_EMsgClientPersonaState.bin
Size: 303 bytes

00000000  FE 02 00 80 14 00 00 00 09 D1 5D B5 07 01 00 10  |..........].....|
00000010  01 10 A0 FB E9 93 F9 FF FF FF FF 01 08 DF E6 01  |................|
00000020  12 8C 02 09 D1 5D B5 07 01 00 10 01 10 07 18 F2  |.....]..........|
00000030  E8 56 30 01 38 01 50 01 7A 07 69 67 73 76 65 66  |.V0.8.P.z.igsvef|
00000040  66 C9 01 00 00 00 00 00 00 00 00 FA 01 14 84 02  |f...............|
00000050  52 4F 63 40 0A 76 79 08 82 21 B6 E3 B9 9C D6 F4  |ROc@.vy..!......|
00000060  37 35 E8 02 8A F7 95 D4 06 F0 02 CA 92 97 D4 06  |75..............|
00000070  F8 02 84 A4 F8 D3 06 BA 03 00 C1 03 72 B4 15 00  |............r...|
00000080  00 00 00 00 E2 03 00 BA 04 2F 0A 0D 73 74 65 61  |........./..stea|
00000090  6D 5F 64 69 73 70 6C 61 79 12 1E 23 53 74 65 61  |m_display..#Stea|
000000A0  6D 5F 43 69 74 61 64 65 6C 5F 52 50 5F 46 69 6E  |m_Citadel_RP_Fin|
000000B0  64 69 6E 67 4D 61 74 63 68 BA 04 28 0A 06 73 74  |dingMatch..(..st|
000000C0  61 74 75 73 12 1E 23 53 74 65 61 6D 5F 43 69 74  |atus..#Steam_Cit|
000000D0  61 64 65 6C 5F 52 50 5F 46 69 6E 64 69 6E 67 4D  |adel_RP_FindingM|
000000E0  61 74 63 68 BA 04 28 0A 12 73 74 65 61 6D 5F 70  |atch..(..steam_p|
000000F0  6C 61 79 65 72 5F 67 72 6F 75 70 12 12 31 37 34  |layer_group..174|
00000100  30 39 37 36 30 37 31 30 39 34 38 36 30 34 35 C1  |097607109486045.|
00000110  04 00 00 00 00 00 00 00 00 C9 04 00 00 00 00 00  |................|
00000120  00 00 00 F8 04 00 80 05 00 88 05 00 98 05 01     |...............|

================================================================================
FILE: 120_out_7501_k_EMsgClientRichPresenceUpload.txt
================================================================================
File: 120_out_7501_k_EMsgClientRichPresenceUpload.bin
Size: 246 bytes

00000000  4D 1D 00 80 1B 00 00 00 09 D1 5D B5 07 01 00 10  |M.........].....|
00000010  01 10 A0 FB E9 93 F9 FF FF FF FF 01 18 F2 E8 56  |...............V|
00000020  80 02 01 0A C7 01 00 52 50 00 01 73 74 65 61 6D  |.......RP..steam|
00000030  5F 64 69 73 70 6C 61 79 00 23 53 74 65 61 6D 5F  |_display.#Steam_|
00000040  43 69 74 61 64 65 6C 5F 49 6E 47 61 6D 65 00 01  |Citadel_InGame..|
00000050  73 74 61 74 75 73 00 23 53 74 65 61 6D 5F 43 69  |status.#Steam_Ci|
00000060  74 61 64 65 6C 5F 49 6E 47 61 6D 65 00 01 73 74  |tadel_InGame..st|
00000070  65 61 6D 5F 70 6C 61 79 65 72 5F 67 72 6F 75 70  |eam_player_group|
00000080  00 31 37 34 30 39 37 36 30 37 31 30 39 34 38 36  |.174097607109486|
00000090  30 34 35 00 01 63 61 6E 5F 73 70 65 63 74 61 74  |045..can_spectat|
000000A0  65 00 31 00 01 70 61 72 61 6D 30 00 30 00 01 70  |e.1..param0.0..p|
000000B0  61 72 61 6D 31 00 23 53 74 65 61 6D 5F 43 69 74  |aram1.#Steam_Cit|
000000C0  61 64 65 6C 5F 52 50 5F 4D 4D 5F 50 72 69 76 61  |adel_RP_MM_Priva|
000000D0  74 65 4C 6F 62 62 79 00 01 70 61 72 61 6D 32 00  |teLobby..param2.|
000000E0  23 53 74 65 61 6D 5F 52 50 5F 00 08 08 11 BD E0  |#Steam_RP_......|
000000F0  83 51 01 00 10 01                                |.Q....|

================================================================================
FILE: 121_in_766_k_EMsgClientPersonaState.txt
================================================================================
File: 121_in_766_k_EMsgClientPersonaState.bin
Size: 388 bytes

00000000  FE 02 00 80 14 00 00 00 09 D1 5D B5 07 01 00 10  |..........].....|
00000010  01 10 A0 FB E9 93 F9 FF FF FF FF 01 08 DF E6 01  |................|
00000020  12 E1 02 09 D1 5D B5 07 01 00 10 01 10 07 18 F2  |.....]..........|
00000030  E8 56 30 01 38 01 50 01 7A 07 69 67 73 76 65 66  |.V0.8.P.z.igsvef|
00000040  66 C9 01 00 00 00 00 00 00 00 00 FA 01 14 84 02  |f...............|
00000050  52 4F 63 40 0A 76 79 08 82 21 B6 E3 B9 9C D6 F4  |ROc@.vy..!......|
00000060  37 35 E8 02 8A F7 95 D4 06 F0 02 CA 92 97 D4 06  |75..............|
00000070  F8 02 84 A4 F8 D3 06 BA 03 00 C1 03 72 B4 15 00  |............r...|
00000080  00 00 00 00 E2 03 00 BA 04 26 0A 0D 73 74 65 61  |.........&..stea|
00000090  6D 5F 64 69 73 70 6C 61 79 12 15 23 53 74 65 61  |m_display..#Stea|
000000A0  6D 5F 43 69 74 61 64 65 6C 5F 49 6E 47 61 6D 65  |m_Citadel_InGame|
000000B0  BA 04 1F 0A 06 73 74 61 74 75 73 12 15 23 53 74  |.....status..#St|
000000C0  65 61 6D 5F 43 69 74 61 64 65 6C 5F 49 6E 47 61  |eam_Citadel_InGa|
000000D0  6D 65 BA 04 28 0A 12 73 74 65 61 6D 5F 70 6C 61  |me..(..steam_pla|
000000E0  79 65 72 5F 67 72 6F 75 70 12 12 31 37 34 30 39  |yer_group..17409|
000000F0  37 36 30 37 31 30 39 34 38 36 30 34 35 BA 04 11  |7607109486045...|
00000100  0A 0C 63 61 6E 5F 73 70 65 63 74 61 74 65 12 01  |..can_spectate..|
00000110  31 BA 04 0B 0A 06 70 61 72 61 6D 30 12 01 30 BA  |1.....param0..0.|
00000120  04 2B 0A 06 70 61 72 61 6D 31 12 21 23 53 74 65  |.+..param1.!#Ste|
00000130  61 6D 5F 43 69 74 61 64 65 6C 5F 52 50 5F 4D 4D  |am_Citadel_RP_MM|
00000140  5F 50 72 69 76 61 74 65 4C 6F 62 62 79 BA 04 14  |_PrivateLobby...|
00000150  0A 06 70 61 72 61 6D 32 12 0A 23 53 74 65 61 6D  |..param2..#Steam|
00000160  5F 52 50 5F C1 04 00 00 00 00 00 00 00 00 C9 04  |_RP_............|
00000170  00 00 00 00 00 00 00 00 F8 04 00 80 05 00 88 05  |................|
00000180  00 98 05 01                                      |....|

================================================================================
FILE: 122_out_703_k_EMsgClientHeartBeat.txt
================================================================================
File: 122_out_703_k_EMsgClientHeartBeat.bin
Size: 31 bytes

00000000  BF 02 00 80 17 00 00 00 09 D1 5D B5 07 01 00 10  |..........].....|
00000010  01 10 A0 FB E9 93 F9 FF FF FF FF 01 80 02 01     |...............|

================================================================================
FILE: 123_in_822_k_EMsgClientClanState.txt
================================================================================
File: 123_in_822_k_EMsgClientClanState.bin
Size: 51 bytes

00000000  36 03 00 80 14 00 00 00 09 D1 5D B5 07 01 00 10  |6.........].....|
00000010  01 10 A0 FB E9 93 F9 FF FF FF FF 01 09 98 6B D0  |..............k.|
00000020  01 00 00 70 01 18 12 2A 0A 08 4C 10 12 18 00 20  |...p...*..L.... |
00000030  03 28 00                                         |.(.|

================================================================================
FILE: 124_out_703_k_EMsgClientHeartBeat.txt
================================================================================
File: 124_out_703_k_EMsgClientHeartBeat.bin
Size: 31 bytes

00000000  BF 02 00 80 17 00 00 00 09 D1 5D B5 07 01 00 10  |..........].....|
00000010  01 10 A0 FB E9 93 F9 FF FF FF FF 01 80 02 01     |...............|

================================================================================
FILE: 125_out_703_k_EMsgClientHeartBeat.txt
================================================================================
File: 125_out_703_k_EMsgClientHeartBeat.bin
Size: 31 bytes

00000000  BF 02 00 80 17 00 00 00 09 D1 5D B5 07 01 00 10  |..........].....|
00000010  01 10 A0 FB E9 93 F9 FF FF FF FF 01 80 02 01     |...............|

================================================================================
FILE: 126_out_703_k_EMsgClientHeartBeat.txt
================================================================================
File: 126_out_703_k_EMsgClientHeartBeat.bin
Size: 31 bytes

00000000  BF 02 00 80 17 00 00 00 09 D1 5D B5 07 01 00 10  |..........].....|
00000010  01 10 A0 FB E9 93 F9 FF FF FF FF 01 80 02 01     |...............|

================================================================================
FILE: 127_in_5453_k_EMsgClientFromGC.txt
================================================================================
File: 127_in_5453_k_EMsgClientFromGC.bin
Size: 114 bytes

00000000  4D 15 00 80 14 00 00 00 09 D1 5D B5 07 01 00 10  |M.........].....|
00000010  01 10 A0 FB E9 93 F9 FF FF FF FF 01 08 F2 E8 56  |...............V|
00000020  10 BB C6 80 80 08 1A 4A 3B 23 00 80 00 00 00 00  |.......J;#......|
00000030  18 3C 20 01 40 00 48 01 70 00 78 97 34 A8 01 B9  |.< .@.H.p.x.4...|
00000040  1C B0 01 03 B8 01 00 C2 01 28 08 01 10 01 1A 04  |.........(......|
00000050  08 6F 10 00 1A 04 08 70 10 00 1A 04 08 71 10 00  |.o.....p.....q..|
00000060  1A 04 08 72 10 00 1A 04 08 73 10 00 1A 04 08 74  |...r.....s.....t|
00000070  10 00                                            |..|

================================================================================
FILE: 128_out_703_k_EMsgClientHeartBeat.txt
================================================================================
File: 128_out_703_k_EMsgClientHeartBeat.bin
Size: 31 bytes

00000000  BF 02 00 80 17 00 00 00 09 D1 5D B5 07 01 00 10  |..........].....|
00000010  01 10 A0 FB E9 93 F9 FF FF FF FF 01 80 02 01     |...............|

================================================================================
FILE: 129_out_703_k_EMsgClientHeartBeat.txt
================================================================================
File: 129_out_703_k_EMsgClientHeartBeat.bin
Size: 31 bytes

00000000  BF 02 00 80 17 00 00 00 09 D1 5D B5 07 01 00 10  |..........].....|
00000010  01 10 A0 FB E9 93 F9 FF FF FF FF 01 80 02 01     |...............|

================================================================================
FILE: 130_out_7501_k_EMsgClientRichPresenceUpload.txt
================================================================================
File: 130_out_7501_k_EMsgClientRichPresenceUpload.bin
Size: 269 bytes

00000000  4D 1D 00 80 1B 00 00 00 09 D1 5D B5 07 01 00 10  |M.........].....|
00000010  01 10 A0 FB E9 93 F9 FF FF FF FF 01 18 F2 E8 56  |...............V|
00000020  80 02 01 0A DE 01 00 52 50 00 01 73 74 65 61 6D  |.......RP..steam|
00000030  5F 64 69 73 70 6C 61 79 00 23 53 74 65 61 6D 5F  |_display.#Steam_|
00000040  43 69 74 61 64 65 6C 5F 49 6E 47 61 6D 65 5F 48  |Citadel_InGame_H|
00000050  65 72 6F 00 01 73 74 61 74 75 73 00 23 53 74 65  |ero..status.#Ste|
00000060  61 6D 5F 43 69 74 61 64 65 6C 5F 49 6E 47 61 6D  |am_Citadel_InGam|
00000070  65 5F 48 65 72 6F 00 01 73 74 65 61 6D 5F 70 6C  |e_Hero..steam_pl|
00000080  61 79 65 72 5F 67 72 6F 75 70 00 31 37 34 30 39  |ayer_group.17409|
00000090  37 36 30 37 31 30 39 34 38 36 30 34 35 00 01 63  |7607109486045..c|
000000A0  61 6E 5F 73 70 65 63 74 61 74 65 00 31 00 01 70  |an_spectate.1..p|
000000B0  61 72 61 6D 30 00 30 00 01 70 61 72 61 6D 31 00  |aram0.0..param1.|
000000C0  23 53 74 65 61 6D 5F 43 69 74 61 64 65 6C 5F 52  |#Steam_Citadel_R|
000000D0  50 5F 4D 4D 5F 50 72 69 76 61 74 65 4C 6F 62 62  |P_MM_PrivateLobb|
000000E0  79 00 01 70 61 72 61 6D 32 00 23 53 74 65 61 6D  |y..param2.#Steam|
000000F0  5F 52 50 5F 68 65 72 6F 5F 70 75 6E 6B 67 6F 61  |_RP_hero_punkgoa|
00000100  74 00 08 08 11 BD E0 83 51 01 00 10 01           |t.......Q....|

================================================================================
FILE: 131_in_766_k_EMsgClientPersonaState.txt
================================================================================
File: 131_in_766_k_EMsgClientPersonaState.bin
Size: 411 bytes

00000000  FE 02 00 80 14 00 00 00 09 D1 5D B5 07 01 00 10  |..........].....|
00000010  01 10 A0 FB E9 93 F9 FF FF FF FF 01 08 DF E6 01  |................|
00000020  12 F8 02 09 D1 5D B5 07 01 00 10 01 10 07 18 F2  |.....]..........|
00000030  E8 56 30 01 38 01 50 01 7A 07 69 67 73 76 65 66  |.V0.8.P.z.igsvef|
00000040  66 C9 01 00 00 00 00 00 00 00 00 FA 01 14 84 02  |f...............|
00000050  52 4F 63 40 0A 76 79 08 82 21 B6 E3 B9 9C D6 F4  |ROc@.vy..!......|
00000060  37 35 E8 02 8A F7 95 D4 06 F0 02 CA 92 97 D4 06  |75..............|
00000070  F8 02 84 A4 F8 D3 06 BA 03 00 C1 03 72 B4 15 00  |............r...|
00000080  00 00 00 00 E2 03 00 BA 04 2B 0A 0D 73 74 65 61  |.........+..stea|
00000090  6D 5F 64 69 73 70 6C 61 79 12 1A 23 53 74 65 61  |m_display..#Stea|
000000A0  6D 5F 43 69 74 61 64 65 6C 5F 49 6E 47 61 6D 65  |m_Citadel_InGame|
000000B0  5F 48 65 72 6F BA 04 24 0A 06 73 74 61 74 75 73  |_Hero..$..status|
000000C0  12 1A 23 53 74 65 61 6D 5F 43 69 74 61 64 65 6C  |..#Steam_Citadel|
000000D0  5F 49 6E 47 61 6D 65 5F 48 65 72 6F BA 04 28 0A  |_InGame_Hero..(.|
000000E0  12 73 74 65 61 6D 5F 70 6C 61 79 65 72 5F 67 72  |.steam_player_gr|
000000F0  6F 75 70 12 12 31 37 34 30 39 37 36 30 37 31 30  |oup..17409760710|
00000100  39 34 38 36 30 34 35 BA 04 11 0A 0C 63 61 6E 5F  |9486045.....can_|
00000110  73 70 65 63 74 61 74 65 12 01 31 BA 04 0B 0A 06  |spectate..1.....|
00000120  70 61 72 61 6D 30 12 01 30 BA 04 2B 0A 06 70 61  |param0..0..+..pa|
00000130  72 61 6D 31 12 21 23 53 74 65 61 6D 5F 43 69 74  |ram1.!#Steam_Cit|
00000140  61 64 65 6C 5F 52 50 5F 4D 4D 5F 50 72 69 76 61  |adel_RP_MM_Priva|
00000150  74 65 4C 6F 62 62 79 BA 04 21 0A 06 70 61 72 61  |teLobby..!..para|
00000160  6D 32 12 17 23 53 74 65 61 6D 5F 52 50 5F 68 65  |m2..#Steam_RP_he|
00000170  72 6F 5F 70 75 6E 6B 67 6F 61 74 C1 04 00 00 00  |ro_punkgoat.....|
00000180  00 00 00 00 00 C9 04 00 00 00 00 00 00 00 00 F8  |................|
00000190  04 00 80 05 00 88 05 00 98 05 01                 |...........|

================================================================================
FILE: 132_in_766_k_EMsgClientPersonaState.txt
================================================================================
File: 132_in_766_k_EMsgClientPersonaState.bin
Size: 403 bytes

00000000  FE 02 00 80 14 00 00 00 09 D1 5D B5 07 01 00 10  |..........].....|
00000010  01 10 A0 FB E9 93 F9 FF FF FF FF 01 08 08 12 F2  |................|
00000020  02 09 D1 5D B5 07 01 00 10 01 10 00 18 F2 E8 56  |...]...........V|
00000030  30 01 38 01 7A 07 69 67 73 76 65 66 66 C9 01 0C  |0.8.z.igsveff...|
00000040  D8 33 C5 65 C7 40 01 FA 01 14 84 02 52 4F 63 40  |.3.e.@......ROc@|
00000050  0A 76 79 08 82 21 B6 E3 B9 9C D6 F4 37 35 E8 02  |.vy..!......75..|
00000060  8A F7 95 D4 06 F0 02 CA 92 97 D4 06 F8 02 00 BA  |................|
00000070  03 00 C1 03 72 B4 15 00 00 00 00 00 E2 03 00 BA  |....r...........|
00000080  04 2B 0A 0D 73 74 65 61 6D 5F 64 69 73 70 6C 61  |.+..steam_displa|
00000090  79 12 1A 23 53 74 65 61 6D 5F 43 69 74 61 64 65  |y..#Steam_Citade|
000000A0  6C 5F 49 6E 47 61 6D 65 5F 48 65 72 6F BA 04 24  |l_InGame_Hero..$|
000000B0  0A 06 73 74 61 74 75 73 12 1A 23 53 74 65 61 6D  |..status..#Steam|
000000C0  5F 43 69 74 61 64 65 6C 5F 49 6E 47 61 6D 65 5F  |_Citadel_InGame_|
000000D0  48 65 72 6F BA 04 28 0A 12 73 74 65 61 6D 5F 70  |Hero..(..steam_p|
000000E0  6C 61 79 65 72 5F 67 72 6F 75 70 12 12 31 37 34  |layer_group..174|
000000F0  30 39 37 36 30 37 31 30 39 34 38 36 30 34 35 BA  |097607109486045.|
00000100  04 11 0A 0C 63 61 6E 5F 73 70 65 63 74 61 74 65  |....can_spectate|
00000110  12 01 31 BA 04 0B 0A 06 70 61 72 61 6D 30 12 01  |..1.....param0..|
00000120  30 BA 04 2B 0A 06 70 61 72 61 6D 31 12 21 23 53  |0..+..param1.!#S|
00000130  74 65 61 6D 5F 43 69 74 61 64 65 6C 5F 52 50 5F  |team_Citadel_RP_|
00000140  4D 4D 5F 50 72 69 76 61 74 65 4C 6F 62 62 79 BA  |MM_PrivateLobby.|
00000150  04 21 0A 06 70 61 72 61 6D 32 12 17 23 53 74 65  |.!..param2..#Ste|
00000160  61 6D 5F 52 50 5F 68 65 72 6F 5F 70 75 6E 6B 67  |am_RP_hero_punkg|
00000170  6F 61 74 C1 04 00 00 00 00 00 00 00 00 C9 04 00  |oat.............|
00000180  00 00 00 00 00 00 00 F8 04 00 80 05 00 88 05 00  |................|
00000190  98 05 01                                         |...|

================================================================================
FILE: 133_out_703_k_EMsgClientHeartBeat.txt
================================================================================
File: 133_out_703_k_EMsgClientHeartBeat.bin
Size: 31 bytes

00000000  BF 02 00 80 17 00 00 00 09 D1 5D B5 07 01 00 10  |..........].....|
00000010  01 10 A0 FB E9 93 F9 FF FF FF FF 01 80 02 01     |...............|

================================================================================
FILE: 134_in_766_k_EMsgClientPersonaState.txt
================================================================================
File: 134_in_766_k_EMsgClientPersonaState.bin
Size: 157 bytes

00000000  FE 02 00 80 14 00 00 00 09 D1 5D B5 07 01 00 10  |..........].....|
00000010  01 10 A0 FB E9 93 F9 FF FF FF FF 01 08 DF E6 01  |................|
00000020  12 7B 09 01 7B 63 34 01 00 10 01 10 03 18 00 30  |.{..{c4........0|
00000030  00 38 01 7A 0C D0 9A D0 B0 D0 BC D0 BF D0 BE D1  |.8.z............|
00000040  82 C9 01 00 00 00 00 00 00 00 00 FA 01 14 83 7F  |................|
00000050  A8 E9 1F 38 86 36 DD E4 FD 89 58 5C 31 1A 2A 45  |...8.6....X\1.*E|
00000060  C3 CE E8 02 D8 F6 94 D4 06 F0 02 ED F6 94 D4 06  |................|
00000070  F8 02 D8 F6 94 D4 06 BA 03 00 C1 03 00 00 00 00  |................|
00000080  00 00 00 00 E2 03 00 C9 04 00 00 00 00 00 00 00  |................|
00000090  00 F8 04 00 80 05 00 88 05 00 98 05 01           |.............|

================================================================================
FILE: 135_out_703_k_EMsgClientHeartBeat.txt
================================================================================
File: 135_out_703_k_EMsgClientHeartBeat.bin
Size: 31 bytes

00000000  BF 02 00 80 17 00 00 00 09 D1 5D B5 07 01 00 10  |..........].....|
00000010  01 10 A0 FB E9 93 F9 FF FF FF FF 01 80 02 01     |...............|

================================================================================
FILE: 136_out_703_k_EMsgClientHeartBeat.txt
================================================================================
File: 136_out_703_k_EMsgClientHeartBeat.bin
Size: 31 bytes

00000000  BF 02 00 80 17 00 00 00 09 D1 5D B5 07 01 00 10  |..........].....|
00000010  01 10 A0 FB E9 93 F9 FF FF FF FF 01 80 02 01     |...............|

================================================================================
FILE: 137_out_703_k_EMsgClientHeartBeat.txt
================================================================================
File: 137_out_703_k_EMsgClientHeartBeat.bin
Size: 31 bytes

00000000  BF 02 00 80 17 00 00 00 09 D1 5D B5 07 01 00 10  |..........].....|
00000010  01 10 A0 FB E9 93 F9 FF FF FF FF 01 80 02 01     |...............|

================================================================================
FILE: 138_out_5452_k_EMsgClientToGC.txt
================================================================================
File: 138_out_5452_k_EMsgClientToGC.bin
Size: 74 bytes

00000000  4C 15 00 80 1B 00 00 00 09 D1 5D B5 07 01 00 10  |L.........].....|
00000010  01 10 A0 FB E9 93 F9 FF FF FF FF 01 18 F2 E8 56  |...............V|
00000020  80 02 01 08 F2 E8 56 10 B7 C6 80 80 08 1A 1B 37  |......V........7|
00000030  23 00 80 09 00 00 00 51 21 00 00 00 00 00 00 00  |#......Q!.......|
00000040  08 8E E6 87 E0 9E 9B A1 B5 01                    |..........|

================================================================================
FILE: 139_out_5410_k_EMsgClientGamesPlayedWithDataBlob.txt
================================================================================
File: 139_out_5410_k_EMsgClientGamesPlayedWithDataBlob.bin
Size: 115 bytes

00000000  22 15 00 80 17 00 00 00 09 D1 5D B5 07 01 00 10  |".........].....|
00000010  01 10 A0 FB E9 93 F9 FF FF FF FF 01 80 02 01 0A  |................|
00000020  4C 08 00 11 72 B4 15 00 00 00 00 00 20 00 28 00  |L...r....... .(.|
00000030  32 00 3A 00 48 E8 77 50 00 58 01 60 D1 BB D5 3D  |2.:.H.wP.X.`...=|
00000040  78 01 A8 01 94 03 BA 01 00 C8 01 FF FF FF FF FF  |x...............|
00000050  FF FF FF FF 01 D0 01 D1 8A E6 0B F2 01 00 F8 01  |................|
00000060  00 82 02 09 08 E8 77 10 E0 D9 01 18 01 10 14 18  |......w.........|
00000070  00 20 00                                         |. .|

================================================================================
FILE: 140_out_7501_k_EMsgClientRichPresenceUpload.txt
================================================================================
File: 140_out_7501_k_EMsgClientRichPresenceUpload.bin
Size: 269 bytes

00000000  4D 1D 00 80 1B 00 00 00 09 D1 5D B5 07 01 00 10  |M.........].....|
00000010  01 10 A0 FB E9 93 F9 FF FF FF FF 01 18 F2 E8 56  |...............V|
00000020  80 02 01 0A DE 01 00 52 50 00 01 73 74 65 61 6D  |.......RP..steam|
00000030  5F 64 69 73 70 6C 61 79 00 23 53 74 65 61 6D 5F  |_display.#Steam_|
00000040  43 69 74 61 64 65 6C 5F 52 50 5F 4D 61 69 6E 4D  |Citadel_RP_MainM|
00000050  65 6E 75 00 01 73 74 61 74 75 73 00 23 53 74 65  |enu..status.#Ste|
00000060  61 6D 5F 43 69 74 61 64 65 6C 5F 49 6E 47 61 6D  |am_Citadel_InGam|
00000070  65 5F 48 65 72 6F 00 01 73 74 65 61 6D 5F 70 6C  |e_Hero..steam_pl|
00000080  61 79 65 72 5F 67 72 6F 75 70 00 31 37 34 30 39  |ayer_group.17409|
00000090  37 36 30 37 31 30 39 34 38 36 30 34 35 00 01 63  |7607109486045..c|
000000A0  61 6E 5F 73 70 65 63 74 61 74 65 00 31 00 01 70  |an_spectate.1..p|
000000B0  61 72 61 6D 30 00 30 00 01 70 61 72 61 6D 31 00  |aram0.0..param1.|
000000C0  23 53 74 65 61 6D 5F 43 69 74 61 64 65 6C 5F 52  |#Steam_Citadel_R|
000000D0  50 5F 4D 4D 5F 50 72 69 76 61 74 65 4C 6F 62 62  |P_MM_PrivateLobb|
000000E0  79 00 01 70 61 72 61 6D 32 00 23 53 74 65 61 6D  |y..param2.#Steam|
000000F0  5F 52 50 5F 68 65 72 6F 5F 70 75 6E 6B 67 6F 61  |_RP_hero_punkgoa|
00000100  74 00 08 08 11 BD E0 83 51 01 00 10 01           |t.......Q....|

================================================================================
FILE: 141_in_5453_k_EMsgClientFromGC.txt
================================================================================
File: 141_in_5453_k_EMsgClientFromGC.bin
Size: 73 bytes

00000000  4D 15 00 80 14 00 00 00 09 D1 5D B5 07 01 00 10  |M.........].....|
00000010  01 10 A0 FB E9 93 F9 FF FF FF FF 01 08 F2 E8 56  |...............V|
00000020  10 9A 80 80 80 08 1A 21 1A 00 00 80 00 00 00 00  |.......!........|
00000030  19 46 F6 DC ED D9 84 6A 01 32 0C 08 03 10 8E E6  |.F.....j.2......|
00000040  87 E0 9E 9B A1 B5 01 38 01                       |.......8.|

================================================================================
FILE: 142_in_5453_k_EMsgClientFromGC.txt
================================================================================
File: 142_in_5453_k_EMsgClientFromGC.bin
Size: 57 bytes

00000000  4D 15 00 80 14 00 00 00 09 D1 5D B5 07 01 00 10  |M.........].....|
00000010  01 10 A0 FB E9 93 F9 FF FF FF FF 01 08 F2 E8 56  |...............V|
00000020  10 B8 C6 80 80 08 1A 11 38 23 00 80 09 00 00 00  |........8#......|
00000030  59 21 00 00 00 00 00 00 00                       |Y!.......|

================================================================================
FILE: 143_in_5453_k_EMsgClientFromGC.txt
================================================================================
File: 143_in_5453_k_EMsgClientFromGC.bin
Size: 62 bytes

00000000  4D 15 00 80 14 00 00 00 09 D1 5D B5 07 01 00 10  |M.........].....|
00000010  01 10 A0 FB E9 93 F9 FF FF FF FF 01 08 F2 E8 56  |...............V|
00000020  10 99 80 80 80 08 1A 16 19 00 00 80 00 00 00 00  |................|
00000030  12 0C 08 03 10 8E E6 87 E0 9E 9B A1 B5 01        |..............|

================================================================================
FILE: 144_in_779_k_EMsgClientGameConnectTokens.txt
================================================================================
File: 144_in_779_k_EMsgClientGameConnectTokens.bin
Size: 52 bytes

00000000  0B 03 00 80 14 00 00 00 09 D1 5D B5 07 01 00 10  |..........].....|
00000010  01 10 A0 FB E9 93 F9 FF FF FF FF 01 08 0A 12 14  |................|
00000020  95 32 E0 29 53 FB 58 22 D1 5D B5 07 01 00 10 01  |.2.)S.X".]......|
00000030  3B CA 85 6A                                      |;..j|

================================================================================
FILE: 145_in_766_k_EMsgClientPersonaState.txt
================================================================================
File: 145_in_766_k_EMsgClientPersonaState.bin
Size: 411 bytes

00000000  FE 02 00 80 14 00 00 00 09 D1 5D B5 07 01 00 10  |..........].....|
00000010  01 10 A0 FB E9 93 F9 FF FF FF FF 01 08 DF E6 01  |................|
00000020  12 F8 02 09 D1 5D B5 07 01 00 10 01 10 07 18 F2  |.....]..........|
00000030  E8 56 30 01 38 01 50 01 7A 07 69 67 73 76 65 66  |.V0.8.P.z.igsvef|
00000040  66 C9 01 00 00 00 00 00 00 00 00 FA 01 14 84 02  |f...............|
00000050  52 4F 63 40 0A 76 79 08 82 21 B6 E3 B9 9C D6 F4  |ROc@.vy..!......|
00000060  37 35 E8 02 8A F7 95 D4 06 F0 02 CA 92 97 D4 06  |75..............|
00000070  F8 02 84 A4 F8 D3 06 BA 03 00 C1 03 72 B4 15 00  |............r...|
00000080  00 00 00 00 E2 03 00 BA 04 2B 0A 0D 73 74 65 61  |.........+..stea|
00000090  6D 5F 64 69 73 70 6C 61 79 12 1A 23 53 74 65 61  |m_display..#Stea|
000000A0  6D 5F 43 69 74 61 64 65 6C 5F 49 6E 47 61 6D 65  |m_Citadel_InGame|
000000B0  5F 48 65 72 6F BA 04 24 0A 06 73 74 61 74 75 73  |_Hero..$..status|
000000C0  12 1A 23 53 74 65 61 6D 5F 43 69 74 61 64 65 6C  |..#Steam_Citadel|
000000D0  5F 49 6E 47 61 6D 65 5F 48 65 72 6F BA 04 28 0A  |_InGame_Hero..(.|
000000E0  12 73 74 65 61 6D 5F 70 6C 61 79 65 72 5F 67 72  |.steam_player_gr|
000000F0  6F 75 70 12 12 31 37 34 30 39 37 36 30 37 31 30  |oup..17409760710|
00000100  39 34 38 36 30 34 35 BA 04 11 0A 0C 63 61 6E 5F  |9486045.....can_|
00000110  73 70 65 63 74 61 74 65 12 01 31 BA 04 0B 0A 06  |spectate..1.....|
00000120  70 61 72 61 6D 30 12 01 30 BA 04 2B 0A 06 70 61  |param0..0..+..pa|
00000130  72 61 6D 31 12 21 23 53 74 65 61 6D 5F 43 69 74  |ram1.!#Steam_Cit|
00000140  61 64 65 6C 5F 52 50 5F 4D 4D 5F 50 72 69 76 61  |adel_RP_MM_Priva|
00000150  74 65 4C 6F 62 62 79 BA 04 21 0A 06 70 61 72 61  |teLobby..!..para|
00000160  6D 32 12 17 23 53 74 65 61 6D 5F 52 50 5F 68 65  |m2..#Steam_RP_he|
00000170  72 6F 5F 70 75 6E 6B 67 6F 61 74 C1 04 00 00 00  |ro_punkgoat.....|
00000180  00 00 00 00 00 C9 04 00 00 00 00 00 00 00 00 F8  |................|
00000190  04 00 80 05 00 88 05 00 98 05 01                 |...........|

================================================================================
FILE: 146_in_766_k_EMsgClientPersonaState.txt
================================================================================
File: 146_in_766_k_EMsgClientPersonaState.bin
Size: 403 bytes

00000000  FE 02 00 80 14 00 00 00 09 D1 5D B5 07 01 00 10  |..........].....|
00000010  01 10 A0 FB E9 93 F9 FF FF FF FF 01 08 08 12 F2  |................|
00000020  02 09 D1 5D B5 07 01 00 10 01 10 00 18 F2 E8 56  |...]...........V|
00000030  30 01 38 01 7A 07 69 67 73 76 65 66 66 C9 01 0C  |0.8.z.igsveff...|
00000040  D8 33 C5 65 C7 40 01 FA 01 14 84 02 52 4F 63 40  |.3.e.@......ROc@|
00000050  0A 76 79 08 82 21 B6 E3 B9 9C D6 F4 37 35 E8 02  |.vy..!......75..|
00000060  8A F7 95 D4 06 F0 02 CA 92 97 D4 06 F8 02 00 BA  |................|
00000070  03 00 C1 03 72 B4 15 00 00 00 00 00 E2 03 00 BA  |....r...........|
00000080  04 2B 0A 0D 73 74 65 61 6D 5F 64 69 73 70 6C 61  |.+..steam_displa|
00000090  79 12 1A 23 53 74 65 61 6D 5F 43 69 74 61 64 65  |y..#Steam_Citade|
000000A0  6C 5F 49 6E 47 61 6D 65 5F 48 65 72 6F BA 04 24  |l_InGame_Hero..$|
000000B0  0A 06 73 74 61 74 75 73 12 1A 23 53 74 65 61 6D  |..status..#Steam|
000000C0  5F 43 69 74 61 64 65 6C 5F 49 6E 47 61 6D 65 5F  |_Citadel_InGame_|
000000D0  48 65 72 6F BA 04 28 0A 12 73 74 65 61 6D 5F 70  |Hero..(..steam_p|
000000E0  6C 61 79 65 72 5F 67 72 6F 75 70 12 12 31 37 34  |layer_group..174|
000000F0  30 39 37 36 30 37 31 30 39 34 38 36 30 34 35 BA  |097607109486045.|
00000100  04 11 0A 0C 63 61 6E 5F 73 70 65 63 74 61 74 65  |....can_spectate|
00000110  12 01 31 BA 04 0B 0A 06 70 61 72 61 6D 30 12 01  |..1.....param0..|
00000120  30 BA 04 2B 0A 06 70 61 72 61 6D 31 12 21 23 53  |0..+..param1.!#S|
00000130  74 65 61 6D 5F 43 69 74 61 64 65 6C 5F 52 50 5F  |team_Citadel_RP_|
00000140  4D 4D 5F 50 72 69 76 61 74 65 4C 6F 62 62 79 BA  |MM_PrivateLobby.|
00000150  04 21 0A 06 70 61 72 61 6D 32 12 17 23 53 74 65  |.!..param2..#Ste|
00000160  61 6D 5F 52 50 5F 68 65 72 6F 5F 70 75 6E 6B 67  |am_RP_hero_punkg|
00000170  6F 61 74 C1 04 00 00 00 00 00 00 00 00 C9 04 00  |oat.............|
00000180  00 00 00 00 00 00 00 F8 04 00 80 05 00 88 05 00  |................|
00000190  98 05 01                                         |...|

================================================================================
FILE: 147_in_766_k_EMsgClientPersonaState.txt
================================================================================
File: 147_in_766_k_EMsgClientPersonaState.bin
Size: 411 bytes

00000000  FE 02 00 80 14 00 00 00 09 D1 5D B5 07 01 00 10  |..........].....|
00000010  01 10 A0 FB E9 93 F9 FF FF FF FF 01 08 DF E6 01  |................|
00000020  12 F8 02 09 D1 5D B5 07 01 00 10 01 10 07 18 F2  |.....]..........|
00000030  E8 56 30 01 38 01 50 01 7A 07 69 67 73 76 65 66  |.V0.8.P.z.igsvef|
00000040  66 C9 01 00 00 00 00 00 00 00 00 FA 01 14 84 02  |f...............|
00000050  52 4F 63 40 0A 76 79 08 82 21 B6 E3 B9 9C D6 F4  |ROc@.vy..!......|
00000060  37 35 E8 02 8A F7 95 D4 06 F0 02 CA 92 97 D4 06  |75..............|
00000070  F8 02 84 A4 F8 D3 06 BA 03 00 C1 03 72 B4 15 00  |............r...|
00000080  00 00 00 00 E2 03 00 BA 04 2B 0A 0D 73 74 65 61  |.........+..stea|
00000090  6D 5F 64 69 73 70 6C 61 79 12 1A 23 53 74 65 61  |m_display..#Stea|
000000A0  6D 5F 43 69 74 61 64 65 6C 5F 52 50 5F 4D 61 69  |m_Citadel_RP_Mai|
000000B0  6E 4D 65 6E 75 BA 04 24 0A 06 73 74 61 74 75 73  |nMenu..$..status|
000000C0  12 1A 23 53 74 65 61 6D 5F 43 69 74 61 64 65 6C  |..#Steam_Citadel|
000000D0  5F 49 6E 47 61 6D 65 5F 48 65 72 6F BA 04 28 0A  |_InGame_Hero..(.|
000000E0  12 73 74 65 61 6D 5F 70 6C 61 79 65 72 5F 67 72  |.steam_player_gr|
000000F0  6F 75 70 12 12 31 37 34 30 39 37 36 30 37 31 30  |oup..17409760710|
00000100  39 34 38 36 30 34 35 BA 04 11 0A 0C 63 61 6E 5F  |9486045.....can_|
00000110  73 70 65 63 74 61 74 65 12 01 31 BA 04 0B 0A 06  |spectate..1.....|
00000120  70 61 72 61 6D 30 12 01 30 BA 04 2B 0A 06 70 61  |param0..0..+..pa|
00000130  72 61 6D 31 12 21 23 53 74 65 61 6D 5F 43 69 74  |ram1.!#Steam_Cit|
00000140  61 64 65 6C 5F 52 50 5F 4D 4D 5F 50 72 69 76 61  |adel_RP_MM_Priva|
00000150  74 65 4C 6F 62 62 79 BA 04 21 0A 06 70 61 72 61  |teLobby..!..para|
00000160  6D 32 12 17 23 53 74 65 61 6D 5F 52 50 5F 68 65  |m2..#Steam_RP_he|
00000170  72 6F 5F 70 75 6E 6B 67 6F 61 74 C1 04 00 00 00  |ro_punkgoat.....|
00000180  00 00 00 00 00 C9 04 00 00 00 00 00 00 00 00 F8  |................|
00000190  04 00 80 05 00 88 05 00 98 05 01                 |...........|

================================================================================
FILE: 148_out_5432_k_EMsgClientAuthList.txt
================================================================================
File: 148_out_5432_k_EMsgClientAuthList.bin
Size: 43 bytes

00000000  38 15 00 80 17 00 00 00 09 D1 5D B5 07 01 00 10  |8.........].....|
00000010  01 10 A0 FB E9 93 F9 FF FF FF FF 01 80 02 01 08  |................|
00000020  0A 10 00 18 00 28 F2 E8 56 30 04                 |.....(..V0.|

================================================================================
FILE: 149_in_5453_k_EMsgClientFromGC.txt
================================================================================
File: 149_in_5453_k_EMsgClientFromGC.bin
Size: 94 bytes

00000000  4D 15 00 80 14 00 00 00 09 D1 5D B5 07 01 00 10  |M.........].....|
00000010  01 10 A0 FB E9 93 F9 FF FF FF FF 01 08 F2 E8 56  |...............V|
00000020  10 9A 80 80 80 08 1A 36 1A 00 00 80 00 00 00 00  |.......6........|
00000030  12 13 08 6B 12 0F 08 D1 BB D5 3D 10 48 18 00 20  |...k......=.H.. |
00000040  03 30 00 38 00 19 0C 1D D5 ED D9 84 6A 02 32 0C  |.0.8........j.2.|
00000050  08 01 10 D1 BB D5 BD 90 80 80 88 01 38 01        |............8.|

================================================================================
FILE: 150_in_5453_k_EMsgClientFromGC.txt
================================================================================
File: 150_in_5453_k_EMsgClientFromGC.bin
Size: 3866 bytes

00000000  4D 15 00 80 14 00 00 00 09 D1 5D B5 07 01 00 10  |M.........].....|
00000010  01 10 A0 FB E9 93 F9 FF FF FF FF 01 08 F2 E8 56  |...............V|
00000020  10 CE C7 80 80 08 1A F1 1D CE 23 00 80 00 00 00  |..........#.....|
00000030  00 08 D1 BB D5 3D 12 CC 01 08 00 10 01 10 02 10  |.....=..........|
00000040  03 10 04 10 05 10 06 10 07 10 08 10 09 10 0A 10  |................|
00000050  0B 10 0C 10 0D 10 0E 10 0F 10 10 10 11 18 D8 1B  |................|
00000060  18 BD 3A 18 DD 85 F0 08 18 F6 E2 03 18 D9 0E 18  |..:.............|
00000070  CF 02 18 98 05 18 C2 9D 80 01 18 47 18 17 18 23  |...........G...#|
00000080  18 E8 02 18 65 18 33 18 F5 C8 98 02 18 82 86 89  |....e.3.........|
00000090  0C 18 B4 0C 20 CD 01 20 AA 02 20 A1 01 20 8C 01  |.... .. .. .. ..|
000000A0  20 01 20 00 20 00 20 26 20 00 20 00 20 00 20 00  | . . . & . . . .|
000000B0  20 00 20 00 20 6B 20 03 20 00 28 5F 28 50 28 CB  | . . k . .(_(P(.|
000000C0  02 28 F2 01 28 00 28 00 28 00 28 03 28 00 28 00  |.(..(.(.(.(.(.(.|
000000D0  28 00 28 00 28 00 28 00 28 F4 01 28 A2 01 28 00  |(.(.(.(.(..(..(.|
000000E0  30 0B 30 01 30 76 30 2E 30 00 30 00 30 00 30 00  |0.0.0v0.0.0.0.0.|
000000F0  30 47 30 17 30 23 30 E8 02 30 65 30 33 30 9D 01  |0G0.0#0..0e030..|
00000100  30 F0 03 30 00 12 97 01 08 01 10 01 10 02 10 03  |0..0............|
00000110  10 04 10 05 10 06 10 07 10 08 10 0A 10 0D 10 0E  |................|
00000120  10 0F 10 10 10 11 18 27 18 4D 18 A3 DF 0A 18 90  |.......'.M......|
00000130  06 18 18 18 04 18 07 18 9D FC 01 18 01 18 02 18  |................|
00000140  01 18 AE F5 01 18 E9 D5 0D 18 16 20 04 20 02 20  |........... . . |
00000150  01 20 03 20 00 20 00 20 00 20 01 20 00 20 00 20  |. . . . . . . . |
00000160  00 20 02 20 00 20 00 28 01 28 01 28 05 28 03 28  |. . . .(.(.(.(.(|
00000170  00 28 00 28 00 28 00 28 00 28 00 28 00 28 04 28  |.(.(.(.(.(.(.(.(|
00000180  01 28 00 30 00 30 00 30 00 30 00 30 00 30 00 30  |.(.0.0.0.0.0.0.0|
00000190  00 30 00 30 01 30 02 30 01 30 00 30 05 30 00 12  |.0.0.0.0.0.0.0..|
000001A0  77 08 02 10 01 10 02 10 03 10 04 10 05 10 07 10  |w...............|
000001B0  08 10 0C 10 0F 10 10 10 11 18 07 18 0E 18 81 FA  |................|
000001C0  03 18 FB 01 18 03 18 03 18 AC 28 18 01 18 E4 57  |..........(....W|
000001D0  18 DC 8D 05 18 04 20 01 20 00 20 00 20 00 20 00  |...... . . . . .|
000001E0  20 00 20 00 20 00 20 00 20 00 20 00 28 00 28 00  | . . . . . .(.(.|
000001F0  28 02 28 02 28 00 28 00 28 00 28 00 28 01 28 01  |(.(.(.(.(.(.(.(.|
00000200  28 00 30 00 30 00 30 00 30 00 30 00 30 00 30 00  |(.0.0.0.0.0.0.0.|
00000210  30 01 30 00 30 02 30 00 12 76 08 03 10 01 10 02  |0.0.0.0..v......|
00000220  10 03 10 04 10 05 10 06 10 07 10 08 10 0F 10 10  |................|
00000230  10 11 18 03 18 0D 18 95 A5 01 18 76 18 05 18 01  |...........v....|
00000240  18 01 18 F9 2B 18 EF 04 18 A1 EA 02 18 04 20 00  |....+......... .|
00000250  20 01 20 00 20 00 20 00 20 00 20 00 20 00 20 00  | . . . . . . . .|
00000260  20 00 20 00 28 00 28 00 28 01 28 01 28 00 28 00  | . .(.(.(.(.(.(.|
00000270  28 00 28 00 28 00 28 00 28 00 30 00 30 00 30 00  |(.(.(.(.(.0.0.0.|
00000280  30 00 30 00 30 00 30 00 30 00 30 00 30 01 30 00  |0.0.0.0.0.0.0.0.|
00000290  12 8C 01 08 04 10 01 10 02 10 03 10 04 10 05 10  |................|
000002A0  07 10 08 10 0B 10 0C 10 0E 10 0F 10 10 10 11 18  |................|
000002B0  02 18 0E 18 BB D5 03 18 A9 01 18 11 18 02 18 E4  |................|
000002C0  23 18 01 18 01 18 01 18 89 8A 02 18 9F A1 03 18  |#...............|
000002D0  03 20 00 20 01 20 00 20 00 20 00 20 00 20 00 20  |. . . . . . . . |
000002E0  00 20 00 20 00 20 00 20 00 20 00 28 00 28 00 28  |. . . . . .(.(.(|
000002F0  02 28 01 28 00 28 00 28 00 28 00 28 00 28 00 28  |.(.(.(.(.(.(.(.(|
00000300  00 28 01 28 00 30 00 30 00 30 00 30 00 30 00 30  |.(.(.0.0.0.0.0.0|
00000310  00 30 00 30 01 30 01 30 01 30 02 30 01 30 00 12  |.0.0.0.0.0.0.0..|
00000320  83 01 08 07 10 01 10 02 10 03 10 04 10 05 10 06  |................|
00000330  10 07 10 08 10 0A 10 0F 10 10 10 11 18 16 18 2A  |...............*|
00000340  18 E5 B6 05 18 8D 05 18 20 18 02 18 03 18 D1 A8  |........ .......|
00000350  02 18 01 18 DB C5 01 18 96 E7 08 18 0B 20 01 20  |............. . |
00000360  03 20 01 20 00 20 00 20 00 20 00 20 00 20 00 20  |. . . . . . . . |
00000370  00 20 00 20 00 28 01 28 00 28 01 28 00 28 00 28  |. . .(.(.(.(.(.(|
00000380  00 28 00 28 01 28 00 28 01 28 00 28 00 30 00 30  |.(.(.(.(.(.(.0.0|
00000390  00 30 01 30 03 30 00 30 00 30 00 30 00 30 01 30  |.0.0.0.0.0.0.0.0|
000003A0  01 30 03 30 00 12 63 08 08 10 01 10 02 10 03 10  |.0.0..c.........|
000003B0  04 10 05 10 07 10 08 10 0F 10 10 18 01 18 0D 18  |................|
000003C0  A7 8E 02 18 9B 01 18 0A 18 01 18 C8 2C 18 80 2A  |............,..*|
000003D0  18 E5 AB 02 20 00 20 01 20 00 20 00 20 00 20 00  |.... . . . . . .|
000003E0  20 00 20 00 20 00 28 00 28 00 28 01 28 01 28 00  | . . .(.(.(.(.(.|
000003F0  28 00 28 00 28 01 28 00 30 00 30 00 30 00 30 00  |(.(.(.(.0.0.0.0.|
00000400  30 00 30 00 30 00 30 00 30 01 12 77 08 0B 10 01  |0.0.0.0.0..w....|
00000410  10 02 10 03 10 04 10 06 10 07 10 08 10 0C 10 0F  |................|
00000420  10 10 10 11 18 04 18 0E 18 B9 EA 01 18 40 18 01  |.............@..|
00000430  18 01 18 BF 2B 18 01 18 C2 E2 02 18 80 F7 02 18  |....+...........|
00000440  02 20 00 20 01 20 00 20 01 20 00 20 00 20 00 20  |. . . . . . . . |
00000450  00 20 00 20 00 20 00 28 00 28 00 28 01 28 00 28  |. . . .(.(.(.(.(|
00000460  00 28 00 28 00 28 00 28 00 28 00 28 00 30 00 30  |.(.(.(.(.(.(.0.0|
00000470  00 30 00 30 00 30 00 30 00 30 00 30 01 30 01 30  |.0.0.0.0.0.0.0.0|
00000480  01 30 00 12 B0 01 08 0E 10 01 10 02 10 03 10 04  |.0..............|
00000490  10 05 10 06 10 07 10 08 10 09 10 0A 10 0C 10 0D  |................|
000004A0  10 0E 10 0F 10 10 10 11 18 E8 02 18 9D 07 18 FD  |................|
000004B0  8C 73 18 A1 55 18 E4 03 18 20 18 46 18 85 AC 18  |.s..U.... .F....|
000004C0  18 01 18 04 18 02 18 07 18 01 18 AD D8 14 18 C9  |................|
000004D0  AC A7 01 18 B5 01 20 1F 20 20 20 0F 20 08 20 00  |...... .   . . .|
000004E0  20 00 20 00 20 0D 20 00 20 00 20 00 20 00 20 00  | . . . . . . . .|
000004F0  20 0C 20 00 20 00 28 07 28 0E 28 31 28 32 28 00  | . . .(.(.(1(2(.|
00000500  28 00 28 00 28 00 28 00 28 00 28 00 28 00 28 00  |(.(.(.(.(.(.(.(.|
00000510  28 15 28 0D 28 00 30 00 30 00 30 06 30 0C 30 00  |(.(.(.0.0.0.0.0.|
00000520  30 00 30 00 30 00 30 01 30 04 30 02 30 07 30 01  |0.0.0.0.0.0.0.0.|
00000530  30 0A 30 39 30 00 12 56 08 10 10 01 10 03 10 04  |0.090..V........|
00000540  10 07 10 0C 10 0F 10 10 10 11 18 01 18 ED 2D 18  |..............-.|
00000550  04 18 01 18 01 18 C3 0D 18 80 AF 01 18 04 20 00  |.............. .|
00000560  20 00 20 00 20 00 20 00 20 00 20 00 20 00 28 00  | . . . . . . .(.|
00000570  28 00 28 00 28 00 28 00 28 00 28 01 28 00 30 00  |(.(.(.(.(.(.(.0.|
00000580  30 00 30 00 30 00 30 01 30 00 30 00 30 00 12 79  |0.0.0.0.0.0.0..y|
00000590  08 12 10 01 10 02 10 03 10 04 10 05 10 06 10 07  |................|
000005A0  10 08 10 0F 10 10 10 11 18 2F 18 64 18 F2 FC 0D  |........./.d....|
000005B0  18 C9 0A 18 27 18 05 18 09 18 F6 A3 01 18 B3 E8  |....'...........|
000005C0  06 18 DA D3 15 18 1C 20 03 20 03 20 01 20 01 20  |....... . . . . |
000005D0  00 20 00 20 00 20 00 20 00 20 00 20 00 28 01 28  |. . . . . . .(.(|
000005E0  01 28 08 28 07 28 00 28 00 28 00 28 00 28 02 28  |.(.(.(.(.(.(.(.(|
000005F0  01 28 00 30 00 30 00 30 00 30 01 30 00 30 00 30  |.(.0.0.0.0.0.0.0|
00000600  00 30 00 30 07 30 08 30 00 12 B8 01 08 13 10 01  |.0.0.0.0........|
00000610  10 02 10 03 10 04 10 05 10 06 10 07 10 08 10 09  |................|
00000620  10 0A 10 0B 10 0C 10 0D 10 0E 10 0F 10 10 10 11  |................|
00000630  18 D2 01 18 D0 02 18 A1 E6 2E 18 9D 17 18 92 01  |................|
00000640  18 0D 18 19 18 DF EB 09 18 04 18 02 18 01 18 02  |................|
00000650  18 02 18 01 18 C0 9C 14 18 CD E5 37 18 42 20 08  |...........7.B .|
00000660  20 0D 20 06 20 07 20 00 20 00 20 00 20 05 20 00  | . . . . . . . .|
00000670  20 00 20 00 20 00 20 00 20 00 20 00 20 00 20 00  | . . . . . . . .|
00000680  28 0A 28 05 28 0E 28 0E 28 00 28 00 28 00 28 00  |(.(.(.(.(.(.(.(.|
00000690  28 00 28 00 28 00 28 00 28 00 28 00 28 09 28 06  |(.(.(.(.(.(.(.(.|
000006A0  28 00 30 00 30 00 30 05 30 03 30 00 30 00 30 00  |(.0.0.0.0.0.0.0.|
000006B0  30 00 30 04 30 02 30 01 30 02 30 02 30 01 30 10  |0.0.0.0.0.0.0.0.|
000006C0  30 13 30 00 12 AD 01 08 19 10 01 10 02 10 03 10  |0.0.............|
000006D0  04 10 05 10 06 10 07 10 08 10 09 10 0A 10 0C 10  |................|
000006E0  0D 10 0E 10 0F 10 10 10 11 18 A9 01 18 EF 02 18  |................|
000006F0  F4 B6 34 18 DE 1F 18 77 18 0E 18 18 18 98 9B 0E  |..4....w........|
00000700  18 03 18 03 18 03 18 02 18 02 18 8E BD 08 18 A1  |................|
00000710  F9 3D 18 3C 20 0A 20 0E 20 03 20 01 20 00 20 00  |.=.< . . . . . .|
00000720  20 00 20 06 20 00 20 00 20 00 20 00 20 00 20 06  | . . . . . . . .|
00000730  20 00 20 00 28 05 28 06 28 0E 28 0F 28 00 28 00  | . .(.(.(.(.(.(.|
00000740  28 00 28 02 28 00 28 00 28 00 28 00 28 00 28 0A  |(.(.(.(.(.(.(.(.|
00000750  28 01 28 00 30 01 30 00 30 07 30 08 30 00 30 00  |(.(.0.0.0.0.0.0.|
00000760  30 00 30 00 30 03 30 03 30 03 30 02 30 02 30 04  |0.0.0.0.0.0.0.0.|
00000770  30 17 30 00 12 BE 01 08 23 10 01 10 02 10 03 10  |0.0.....#.......|
00000780  04 10 05 10 06 10 07 10 08 10 09 10 0A 10 0B 10  |................|
00000790  0C 10 0D 10 0E 10 0F 10 10 10 11 18 DD 05 18 FD  |................|
000007A0  12 18 EF F4 E2 02 18 A3 60 18 37 18 7F 18 85 02  |........`.7.....|
000007B0  18 CB C3 10 18 14 18 01 18 16 18 FF 01 18 3F 18  |..............?.|
000007C0  11 18 D7 C3 6A 18 D6 B6 BE 04 18 E4 03 20 34 20  |....j........ 4 |
000007D0  6C 20 5A 20 42 20 01 20 00 20 00 20 00 20 00 20  |l Z B . . . . . |
000007E0  00 20 00 20 00 20 00 20 00 20 31 20 00 20 00 28  |. . . . . 1 . .(|
000007F0  02 28 0D 28 6E 28 18 28 00 28 00 28 00 28 00 28  |.(.(n(.(.(.(.(.(|
00000800  00 28 00 28 00 28 00 28 00 28 00 28 62 28 53 28  |.(.(.(.(.(.(b(S(|
00000810  00 30 00 30 00 30 18 30 00 30 00 30 00 30 00 30  |.0.0.0.0.0.0.0.0|
00000820  00 30 14 30 01 30 16 30 FF 01 30 3F 30 11 30 35  |.0.0.0.0..0?0.05|
00000830  30 B2 01 30 00 12 AD 01 08 32 10 01 10 02 10 03  |0..0.....2......|
00000840  10 04 10 05 10 06 10 07 10 08 10 09 10 0A 10 0C  |................|
00000850  10 0D 10 0E 10 0F 10 10 10 11 18 AE 01 18 E6 02  |................|
00000860  18 AB EE 3C 18 9E 1C 18 57 18 0E 18 20 18 C2 B8  |...<....W... ...|
00000870  07 18 02 18 01 18 06 18 01 18 01 18 C5 F1 07 18  |................|
00000880  A3 B1 48 18 6D 20 0D 20 0F 20 04 20 0A 20 00 20  |..H.m . . . . . |
00000890  00 20 00 20 01 20 00 20 00 20 00 20 00 20 00 20  |. . . . . . . . |
000008A0  09 20 00 20 00 28 05 28 03 28 12 28 0E 28 00 28  |. . .(.(.(.(.(.(|
000008B0  00 28 00 28 00 28 00 28 00 28 00 28 00 28 00 28  |.(.(.(.(.(.(.(.(|
000008C0  12 28 0A 28 00 30 00 30 00 30 08 30 03 30 00 30  |.(.(.0.0.0.0.0.0|
000008D0  00 30 00 30 00 30 02 30 01 30 06 30 01 30 01 30  |.0.0.0.0.0.0.0.0|
000008E0  00 30 16 30 00 12 8D 01 08 3A 10 01 10 02 10 03  |.0.0.....:......|
000008F0  10 04 10 06 10 07 10 08 10 09 10 0A 10 0C 10 0F  |................|
00000900  10 10 10 11 18 27 18 55 18 97 8D 11 18 E8 03 18  |.....'.U........|
00000910  08 18 10 18 DC FA 01 18 01 18 01 18 10 18 F9 9D  |................|
00000920  02 18 90 D5 1F 18 1B 20 03 20 02 20 09 20 01 20  |....... . . . . |
00000930  00 20 00 20 00 20 00 20 00 20 00 20 03 20 00 20  |. . . . . . . . |
00000940  00 28 00 28 00 28 02 28 00 28 00 28 00 28 00 28  |.(.(.(.(.(.(.(.(|
00000950  00 28 00 28 00 28 01 28 07 28 00 30 00 30 00 30  |.(.(.(.(.(.0.0.0|
00000960  01 30 00 30 00 30 00 30 00 30 01 30 01 30 10 30  |.0.0.0.0.0.0.0.0|
00000970  01 30 09 30 00 12 AE 01 08 3F 10 01 10 02 10 03  |.0.0.....?......|
00000980  10 04 10 05 10 06 10 07 10 08 10 09 10 0A 10 0C  |................|
00000990  10 0D 10 0E 10 0F 10 10 10 11 18 B2 02 18 92 03  |................|
000009A0  18 A1 B2 4F 18 9E 28 18 C6 01 18 15 18 23 18 B6  |...O..(......#..|
000009B0  CD 0B 18 04 18 01 18 04 18 02 18 03 18 E9 9D 05  |................|
000009C0  18 CD EB 5D 18 5E 20 11 20 15 20 02 20 07 20 00  |...].^ . . . . .|
000009D0  20 00 20 00 20 05 20 00 20 00 20 00 20 00 20 00  | . . . . . . . .|
000009E0  20 0A 20 01 20 00 28 0E 28 04 28 14 28 15 28 00  | . . .(.(.(.(.(.|
000009F0  28 00 28 00 28 00 28 00 28 00 28 00 28 00 28 00  |(.(.(.(.(.(.(.(.|
00000A00  28 06 28 03 28 00 30 01 30 00 30 0C 30 07 30 00  |(.(.(.0.0.0.0.0.|
00000A10  30 00 30 00 30 00 30 04 30 01 30 04 30 02 30 03  |0.0.0.0.0.0.0.0.|
00000A20  30 00 30 1F 30 00 12 BC 01 08 40 10 01 10 02 10  |0.0.0.....@.....|
00000A30  03 10 04 10 05 10 06 10 07 10 08 10 09 10 0A 10  |................|
00000A40  0B 10 0C 10 0D 10 0E 10 0F 10 10 10 11 18 8B 0A  |................|
00000A50  18 A0 0F 18 BF 8E BE 02 18 B6 7B 18 BD 04 18 51  |..........{....Q|
00000A60  18 8E 01 18 C6 A5 1E 18 22 18 07 18 07 18 36 18  |........".....6.|
00000A70  11 18 17 18 90 89 4F 18 B0 EA E4 02 18 88 03 20  |......O........ |
00000A80  34 20 44 20 13 20 1D 20 00 20 00 20 00 20 07 20  |4 D . . . . . . |
00000A90  00 20 00 20 00 20 00 20 00 20 00 20 0C 20 01 20  |. . . . . . . . |
00000AA0  00 28 2F 28 1E 28 45 28 4B 28 00 28 00 28 00 28  |.(/(.(E(K(.(.(.(|
00000AB0  00 28 00 28 00 28 00 28 00 28 00 28 00 28 38 28  |.(.(.(.(.(.(.(8(|
00000AC0  19 28 00 30 09 30 01 30 32 30 08 30 00 30 00 30  |.(.0.0.020.0.0.0|
00000AD0  00 30 00 30 22 30 07 30 07 30 36 30 11 30 17 30  |.0.0"0.0.060.0.0|
00000AE0  37 30 72 30 00 12 97 01 08 41 10 01 10 02 10 03  |70r0.....A......|
00000AF0  10 04 10 05 10 06 10 07 10 08 10 09 10 0A 10 0C  |................|
00000B00  10 0F 10 10 10 11 18 25 18 5E 18 8A 9D 11 18 E4  |.......%.^......|
00000B10  07 18 2B 18 02 18 08 18 C9 FE 01 18 01 18 01 18  |..+.............|
00000B20  02 18 C4 F5 01 18 B6 D5 10 18 16 20 03 20 06 20  |........... . . |
00000B30  00 20 01 20 00 20 00 20 00 20 00 20 00 20 00 20  |. . . . . . . . |
00000B40  00 20 02 20 00 20 00 28 00 28 00 28 04 28 05 28  |. . . .(.(.(.(.(|
00000B50  00 28 00 28 00 28 00 28 00 28 00 28 00 28 04 28  |.(.(.(.(.(.(.(.(|
00000B60  04 28 00 30 00 30 00 30 03 30 01 30 00 30 00 30  |.(.0.0.0.0.0.0.0|
00000B70  00 30 00 30 01 30 01 30 02 30 00 30 04 30 00 12  |.0.0.0.0.0.0.0..|
00000B80  6D 08 43 10 01 10 02 10 03 10 04 10 06 10 07 10  |m.C.............|
00000B90  08 10 0F 10 10 10 11 18 03 18 13 18 FB CA 01 18  |................|
00000BA0  BE 01 18 01 18 01 18 B8 2C 18 88 3D 18 BD FE 02  |........,..=....|
00000BB0  18 04 20 00 20 01 20 00 20 00 20 00 20 00 20 00  |.. . . . . . . .|
00000BC0  20 00 20 00 20 00 28 00 28 00 28 01 28 01 28 00  | . . .(.(.(.(.(.|
00000BD0  28 00 28 00 28 01 28 00 28 00 30 00 30 00 30 00  |(.(.(.(.(.0.0.0.|
00000BE0  30 00 30 00 30 00 30 00 30 00 30 01 30 00 12 81  |0.0.0.0.0.0.0...|
00000BF0  01 08 45 10 01 10 02 10 03 10 04 10 05 10 06 10  |..E.............|
00000C00  07 10 08 10 0D 10 0F 10 10 10 11 18 05 18 1C 18  |................|
00000C10  AF B5 01 18 94 01 18 03 18 01 18 01 18 D8 0A 18  |................|
00000C20  01 18 D5 03 18 CE DD 02 18 06 20 01 20 00 20 00  |.......... . . .|
00000C30  20 00 20 00 20 00 20 00 20 00 20 00 20 00 20 00  | . . . . . . . .|
00000C40  20 00 28 00 28 01 28 01 28 01 28 00 28 00 28 00  | .(.(.(.(.(.(.(.|
00000C50  28 00 28 00 28 00 28 00 28 00 30 00 30 00 30 00  |(.(.(.(.(.0.0.0.|
00000C60  30 00 30 00 30 00 30 00 30 00 30 01 30 00 30 01  |0.0.0.0.0.0.0.0.|
00000C70  30 00 12 83 01 08 48 10 01 10 02 10 03 10 04 10  |0.....H.........|
00000C80  05 10 06 10 07 10 08 10 0D 10 0F 10 10 10 11 18  |................|
00000C90  2E 18 5B 18 C7 D9 0A 18 B9 05 18 18 18 03 18 06  |..[.............|
00000CA0  18 D8 B6 01 18 01 18 90 87 04 18 E5 81 0E 18 23  |...............#|
00000CB0  20 02 20 02 20 03 20 02 20 00 20 00 20 00 20 00  | . . . . . . . .|
00000CC0  20 00 20 00 20 01 20 00 28 02 28 02 28 02 28 04  | . . . .(.(.(.(.|
00000CD0  28 00 28 00 28 00 28 00 28 00 28 04 28 01 28 00  |(.(.(.(.(.(.(.(.|
00000CE0  30 00 30 00 30 01 30 00 30 00 30 00 30 00 30 00  |0.0.0.0.0.0.0.0.|
00000CF0  30 01 30 02 30 04 30 00 12 6C 08 4C 10 01 10 02  |0.0.0.0..l.L....|
00000D00  10 03 10 04 10 05 10 07 10 08 10 0F 10 10 10 11  |................|
00000D10  18 06 18 09 18 EC F2 01 18 5B 18 05 18 01 18 EF  |.........[......|
00000D20  18 18 B0 57 18 C1 D2 01 18 01 20 01 20 00 20 00  |...W...... . . .|
00000D30  20 01 20 00 20 00 20 00 20 00 20 00 20 00 28 00  | . . . . . . .(.|
00000D40  28 00 28 01 28 00 28 00 28 00 28 00 28 00 28 01  |(.(.(.(.(.(.(.(.|
00000D50  28 00 30 00 30 00 30 00 30 00 30 00 30 00 30 00  |(.0.0.0.0.0.0.0.|
00000D60  30 01 30 00 30 00 12 76 08 4D 10 01 10 02 10 03  |0.0.0..v.M......|
00000D70  10 04 10 06 10 07 10 08 10 0C 10 0F 10 10 10 11  |................|
00000D80  18 04 18 0A 18 B7 B4 01 18 22 18 01 18 01 18 B9  |........."......|
00000D90  0D 18 01 18 A2 27 18 D0 89 02 18 01 20 00 20 01  |.....'...... . .|
00000DA0  20 00 20 00 20 00 20 00 20 00 20 00 20 00 20 00  | . . . . . . . .|
00000DB0  20 00 28 00 28 00 28 01 28 00 28 00 28 00 28 00  | .(.(.(.(.(.(.(.|
00000DC0  28 00 28 01 28 00 28 00 30 00 30 00 30 00 30 00  |(.(.(.(.0.0.0.0.|
00000DD0  30 00 30 00 30 00 30 01 30 00 30 01 30 00 12 96  |0.0.0.0.0.0.0...|
00000DE0  01 08 4F 10 01 10 02 10 03 10 04 10 05 10 06 10  |..O.............|
00000DF0  07 10 08 10 0B 10 0C 10 0D 10 0F 10 10 10 11 18  |................|
00000E00  0A 18 3C 18 B7 FA 06 18 EF 03 18 08 18 02 18 08  |..<.............|
00000E10  18 9D 30 18 02 18 07 18 03 18 83 B9 04 18 E2 B7  |..0.............|
00000E20  12 18 0F 20 00 20 01 20 04 20 02 20 00 20 00 20  |... . . . . . . |
00000E30  00 20 00 20 00 20 00 20 00 20 01 20 00 20 00 28  |. . . . . . . .(|
00000E40  00 28 00 28 02 28 02 28 00 28 00 28 00 28 00 28  |.(.(.(.(.(.(.(.(|
00000E50  00 28 00 28 00 28 04 28 02 28 00 30 00 30 00 30  |.(.(.(.(.(.0.0.0|
00000E60  00 30 00 30 00 30 00 30 00 30 00 30 02 30 07 30  |.0.0.0.0.0.0.0.0|
00000E70  03 30 03 30 06 30 00 12 A0 01 08 50 10 01 10 02  |.0.0.0.....P....|
00000E80  10 03 10 04 10 05 10 06 10 07 10 08 10 09 10 0B  |................|
00000E90  10 0C 10 0E 10 0F 10 10 10 11 18 19 18 21 18 CD  |.............!..|
00000EA0  E3 06 18 A3 02 18 06 18 02 18 05 18 F7 24 18 01  |.............$..|
00000EB0  18 02 18 04 18 01 18 C9 83 02 18 D2 A4 0A 18 0D  |................|
00000EC0  20 03 20 02 20 03 20 00 20 00 20 00 20 00 20 00  | . . . . . . . .|
00000ED0  20 00 20 00 20 00 20 00 20 01 20 00 20 00 28 00  | . . . . . . .(.|
00000EE0  28 00 28 02 28 01 28 00 28 00 28 00 28 00 28 00  |(.(.(.(.(.(.(.(.|
00000EF0  28 00 28 00 28 00 28 02 28 01 28 00 30 00 30 00  |(.(.(.(.(.(.0.0.|
00000F00  30 00 30 00 30 00 30 00 30 00 30 00 30 01 30 02  |0.0.0.0.0.0.0.0.|
00000F10  30 04 30 01 30 01 30 04 30 00                    |0.0.0.0.0.|

================================================================================
FILE: 151_in_5575_k_EMsgClientAuthListAck.txt
================================================================================
File: 151_in_5575_k_EMsgClientAuthListAck.bin
Size: 47 bytes

00000000  C7 15 00 80 1D 00 00 00 09 D1 5D B5 07 01 00 10  |..........].....|
00000010  01 10 A0 FB E9 93 F9 FF FF FF FF 01 59 FF FF FF  |............Y...|
00000020  FF FF FF FF FF 10 F2 E8 56 10 F2 E8 56 18 04     |........V...V..|

================================================================================
FILE: 152_out_5432_k_EMsgClientAuthList.txt
================================================================================
File: 152_out_5432_k_EMsgClientAuthList.bin
Size: 148 bytes

00000000  38 15 00 80 17 00 00 00 09 D1 5D B5 07 01 00 10  |8.........].....|
00000010  01 10 A0 FB E9 93 F9 FF FF FF FF 01 80 02 01 08  |................|
00000020  09 10 00 18 00 22 67 08 00 10 FF FF FF FF 0F 19  |....."g.........|
00000030  00 00 00 00 00 00 00 00 21 72 B4 15 00 00 00 00  |........!r......|
00000040  00 28 84 80 14 30 DF DE 91 4C 3A 34 14 00 00 00  |.(...0...L:4....|
00000050  F6 70 C1 4F 3A EC 2C 45 D1 5D B5 07 01 00 10 01  |.p.O:.,E.]......|
00000060  4A C9 85 6A 18 00 00 00 01 00 00 00 02 00 00 00  |J..j............|
00000070  57 82 42 F1 2E 13 95 79 AD C8 03 00 03 00 00 00  |W.B....y........|
00000080  42 0A 73 74 65 61 6D 69 64 3A 31 00 48 02 28 F2  |B.steamid:1.H.(.|
00000090  E8 56 30 05                                      |.V0.|

================================================================================
FILE: 153_in_5575_k_EMsgClientAuthListAck.txt
================================================================================
File: 153_in_5575_k_EMsgClientAuthListAck.bin
Size: 52 bytes

00000000  C7 15 00 80 1D 00 00 00 09 D1 5D B5 07 01 00 10  |..........].....|
00000010  01 10 A0 FB E9 93 F9 FF FF FF FF 01 59 FF FF FF  |............Y...|
00000020  FF FF FF FF FF 08 DF DE 91 4C 10 F2 E8 56 10 F2  |.........L...V..|
00000030  E8 56 18 05                                      |.V..|

================================================================================
FILE: 154_in_779_k_EMsgClientGameConnectTokens.txt
================================================================================
File: 154_in_779_k_EMsgClientGameConnectTokens.bin
Size: 52 bytes

00000000  0B 03 00 80 14 00 00 00 09 D1 5D B5 07 01 00 10  |..........].....|
00000010  01 10 A0 FB E9 93 F9 FF FF FF FF 01 08 0A 12 14  |................|
00000020  ED 17 90 3D BB F6 F1 5F D1 5D B5 07 01 00 10 01  |...=..._.]......|
00000030  3D CA 85 6A                                      |=..j|

================================================================================
FILE: 155_in_5429_k_EMsgClientTicketAuthComplete.txt
================================================================================
File: 155_in_5429_k_EMsgClientTicketAuthComplete.bin
Size: 64 bytes

00000000  35 15 00 80 14 00 00 00 09 D1 5D B5 07 01 00 10  |5.........].....|
00000010  01 10 A0 FB E9 93 F9 FF FF FF FF 01 09 04 14 43  |...............C|
00000020  23 66 C7 40 01 11 72 B4 15 00 00 00 00 00 18 02  |#f.@..r.........|
00000030  20 00 30 DF DE 91 4C 41 D1 5D B5 07 01 00 10 01  | .0...LA.]......|

================================================================================
FILE: 156_out_5410_k_EMsgClientGamesPlayedWithDataBlob.txt
================================================================================
File: 156_out_5410_k_EMsgClientGamesPlayedWithDataBlob.bin
Size: 123 bytes

00000000  22 15 00 80 17 00 00 00 09 D1 5D B5 07 01 00 10  |".........].....|
00000010  01 10 A0 FB E9 93 F9 FF FF FF FF 01 80 02 01 0A  |................|
00000020  54 08 84 A8 8C 9A E2 EC B1 A0 01 11 72 B4 15 00  |T...........r...|
00000030  00 00 00 00 20 00 28 00 32 00 3A 00 48 E8 77 50  |.... .(.2.:.H.wP|
00000040  00 58 01 60 D1 BB D5 3D 78 01 A8 01 94 03 BA 01  |.X.`...=x.......|
00000050  00 C8 01 FF FF FF FF FF FF FF FF FF 01 D0 01 D1  |................|
00000060  8A E6 0B F2 01 00 F8 01 00 82 02 09 08 E8 77 10  |..............w.|
00000070  E0 D9 01 18 01 10 14 18 00 20 00                 |......... .|

================================================================================
FILE: 157_in_779_k_EMsgClientGameConnectTokens.txt
================================================================================
File: 157_in_779_k_EMsgClientGameConnectTokens.bin
Size: 52 bytes

00000000  0B 03 00 80 14 00 00 00 09 D1 5D B5 07 01 00 10  |..........].....|
00000010  01 10 A0 FB E9 93 F9 FF FF FF FF 01 08 0A 12 14  |................|
00000020  8A CA C1 61 46 94 96 67 D1 5D B5 07 01 00 10 01  |...aF..g.]......|
00000030  3E CA 85 6A                                      |>..j|

================================================================================
FILE: 158_in_766_k_EMsgClientPersonaState.txt
================================================================================
File: 158_in_766_k_EMsgClientPersonaState.bin
Size: 403 bytes

00000000  FE 02 00 80 14 00 00 00 09 D1 5D B5 07 01 00 10  |..........].....|
00000010  01 10 A0 FB E9 93 F9 FF FF FF FF 01 08 08 12 F2  |................|
00000020  02 09 D1 5D B5 07 01 00 10 01 10 00 18 F2 E8 56  |...]...........V|
00000030  30 01 38 01 7A 07 69 67 73 76 65 66 66 C9 01 04  |0.8.z.igsveff...|
00000040  14 43 23 66 C7 40 01 FA 01 14 84 02 52 4F 63 40  |.C#f.@......ROc@|
00000050  0A 76 79 08 82 21 B6 E3 B9 9C D6 F4 37 35 E8 02  |.vy..!......75..|
00000060  8A F7 95 D4 06 F0 02 CA 92 97 D4 06 F8 02 00 BA  |................|
00000070  03 00 C1 03 72 B4 15 00 00 00 00 00 E2 03 00 BA  |....r...........|
00000080  04 2B 0A 0D 73 74 65 61 6D 5F 64 69 73 70 6C 61  |.+..steam_displa|
00000090  79 12 1A 23 53 74 65 61 6D 5F 43 69 74 61 64 65  |y..#Steam_Citade|
000000A0  6C 5F 52 50 5F 4D 61 69 6E 4D 65 6E 75 BA 04 24  |l_RP_MainMenu..$|
000000B0  0A 06 73 74 61 74 75 73 12 1A 23 53 74 65 61 6D  |..status..#Steam|
000000C0  5F 43 69 74 61 64 65 6C 5F 49 6E 47 61 6D 65 5F  |_Citadel_InGame_|
000000D0  48 65 72 6F BA 04 28 0A 12 73 74 65 61 6D 5F 70  |Hero..(..steam_p|
000000E0  6C 61 79 65 72 5F 67 72 6F 75 70 12 12 31 37 34  |layer_group..174|
000000F0  30 39 37 36 30 37 31 30 39 34 38 36 30 34 35 BA  |097607109486045.|
00000100  04 11 0A 0C 63 61 6E 5F 73 70 65 63 74 61 74 65  |....can_spectate|
00000110  12 01 31 BA 04 0B 0A 06 70 61 72 61 6D 30 12 01  |..1.....param0..|
00000120  30 BA 04 2B 0A 06 70 61 72 61 6D 31 12 21 23 53  |0..+..param1.!#S|
00000130  74 65 61 6D 5F 43 69 74 61 64 65 6C 5F 52 50 5F  |team_Citadel_RP_|
00000140  4D 4D 5F 50 72 69 76 61 74 65 4C 6F 62 62 79 BA  |MM_PrivateLobby.|
00000150  04 21 0A 06 70 61 72 61 6D 32 12 17 23 53 74 65  |.!..param2..#Ste|
00000160  61 6D 5F 52 50 5F 68 65 72 6F 5F 70 75 6E 6B 67  |am_RP_hero_punkg|
00000170  6F 61 74 C1 04 00 00 00 00 00 00 00 00 C9 04 00  |oat.............|
00000180  00 00 00 00 00 00 00 F8 04 00 80 05 00 88 05 00  |................|
00000190  98 05 01                                         |...|

================================================================================
FILE: 159_in_766_k_EMsgClientPersonaState.txt
================================================================================
File: 159_in_766_k_EMsgClientPersonaState.bin
Size: 411 bytes

00000000  FE 02 00 80 14 00 00 00 09 D1 5D B5 07 01 00 10  |..........].....|
00000010  01 10 A0 FB E9 93 F9 FF FF FF FF 01 08 DF E6 01  |................|
00000020  12 F8 02 09 D1 5D B5 07 01 00 10 01 10 07 18 F2  |.....]..........|
00000030  E8 56 30 01 38 01 50 01 7A 07 69 67 73 76 65 66  |.V0.8.P.z.igsvef|
00000040  66 C9 01 00 00 00 00 00 00 00 00 FA 01 14 84 02  |f...............|
00000050  52 4F 63 40 0A 76 79 08 82 21 B6 E3 B9 9C D6 F4  |ROc@.vy..!......|
00000060  37 35 E8 02 8A F7 95 D4 06 F0 02 CA 92 97 D4 06  |75..............|
00000070  F8 02 84 A4 F8 D3 06 BA 03 00 C1 03 72 B4 15 00  |............r...|
00000080  00 00 00 00 E2 03 00 BA 04 2B 0A 0D 73 74 65 61  |.........+..stea|
00000090  6D 5F 64 69 73 70 6C 61 79 12 1A 23 53 74 65 61  |m_display..#Stea|
000000A0  6D 5F 43 69 74 61 64 65 6C 5F 52 50 5F 4D 61 69  |m_Citadel_RP_Mai|
000000B0  6E 4D 65 6E 75 BA 04 24 0A 06 73 74 61 74 75 73  |nMenu..$..status|
000000C0  12 1A 23 53 74 65 61 6D 5F 43 69 74 61 64 65 6C  |..#Steam_Citadel|
000000D0  5F 49 6E 47 61 6D 65 5F 48 65 72 6F BA 04 28 0A  |_InGame_Hero..(.|
000000E0  12 73 74 65 61 6D 5F 70 6C 61 79 65 72 5F 67 72  |.steam_player_gr|
000000F0  6F 75 70 12 12 31 37 34 30 39 37 36 30 37 31 30  |oup..17409760710|
00000100  39 34 38 36 30 34 35 BA 04 11 0A 0C 63 61 6E 5F  |9486045.....can_|
00000110  73 70 65 63 74 61 74 65 12 01 31 BA 04 0B 0A 06  |spectate..1.....|
00000120  70 61 72 61 6D 30 12 01 30 BA 04 2B 0A 06 70 61  |param0..0..+..pa|
00000130  72 61 6D 31 12 21 23 53 74 65 61 6D 5F 43 69 74  |ram1.!#Steam_Cit|
00000140  61 64 65 6C 5F 52 50 5F 4D 4D 5F 50 72 69 76 61  |adel_RP_MM_Priva|
00000150  74 65 4C 6F 62 62 79 BA 04 21 0A 06 70 61 72 61  |teLobby..!..para|
00000160  6D 32 12 17 23 53 74 65 61 6D 5F 52 50 5F 68 65  |m2..#Steam_RP_he|
00000170  72 6F 5F 70 75 6E 6B 67 6F 61 74 C1 04 00 00 00  |ro_punkgoat.....|
00000180  00 00 00 00 00 C9 04 00 00 00 00 00 00 00 00 F8  |................|
00000190  04 00 80 05 00 88 05 00 98 05 01                 |...........|

================================================================================
FILE: 160_in_766_k_EMsgClientPersonaState.txt
================================================================================
File: 160_in_766_k_EMsgClientPersonaState.bin
Size: 403 bytes

00000000  FE 02 00 80 14 00 00 00 09 D1 5D B5 07 01 00 10  |..........].....|
00000010  01 10 A0 FB E9 93 F9 FF FF FF FF 01 08 08 12 F2  |................|
00000020  02 09 D1 5D B5 07 01 00 10 01 10 00 18 F2 E8 56  |...]...........V|
00000030  30 01 38 01 7A 07 69 67 73 76 65 66 66 C9 01 0C  |0.8.z.igsveff...|
00000040  D8 33 C5 65 C7 40 01 FA 01 14 84 02 52 4F 63 40  |.3.e.@......ROc@|
00000050  0A 76 79 08 82 21 B6 E3 B9 9C D6 F4 37 35 E8 02  |.vy..!......75..|
00000060  8A F7 95 D4 06 F0 02 CA 92 97 D4 06 F8 02 00 BA  |................|
00000070  03 00 C1 03 72 B4 15 00 00 00 00 00 E2 03 00 BA  |....r...........|
00000080  04 2B 0A 0D 73 74 65 61 6D 5F 64 69 73 70 6C 61  |.+..steam_displa|
00000090  79 12 1A 23 53 74 65 61 6D 5F 43 69 74 61 64 65  |y..#Steam_Citade|
000000A0  6C 5F 52 50 5F 4D 61 69 6E 4D 65 6E 75 BA 04 24  |l_RP_MainMenu..$|
000000B0  0A 06 73 74 61 74 75 73 12 1A 23 53 74 65 61 6D  |..status..#Steam|
000000C0  5F 43 69 74 61 64 65 6C 5F 49 6E 47 61 6D 65 5F  |_Citadel_InGame_|
000000D0  48 65 72 6F BA 04 28 0A 12 73 74 65 61 6D 5F 70  |Hero..(..steam_p|
000000E0  6C 61 79 65 72 5F 67 72 6F 75 70 12 12 31 37 34  |layer_group..174|
000000F0  30 39 37 36 30 37 31 30 39 34 38 36 30 34 35 BA  |097607109486045.|
00000100  04 11 0A 0C 63 61 6E 5F 73 70 65 63 74 61 74 65  |....can_spectate|
00000110  12 01 31 BA 04 0B 0A 06 70 61 72 61 6D 30 12 01  |..1.....param0..|
00000120  30 BA 04 2B 0A 06 70 61 72 61 6D 31 12 21 23 53  |0..+..param1.!#S|
00000130  74 65 61 6D 5F 43 69 74 61 64 65 6C 5F 52 50 5F  |team_Citadel_RP_|
00000140  4D 4D 5F 50 72 69 76 61 74 65 4C 6F 62 62 79 BA  |MM_PrivateLobby.|
00000150  04 21 0A 06 70 61 72 61 6D 32 12 17 23 53 74 65  |.!..param2..#Ste|
00000160  61 6D 5F 52 50 5F 68 65 72 6F 5F 70 75 6E 6B 67  |am_RP_hero_punkg|
00000170  6F 61 74 C1 04 00 00 00 00 00 00 00 00 C9 04 00  |oat.............|
00000180  00 00 00 00 00 00 00 F8 04 00 80 05 00 88 05 00  |................|
00000190  98 05 01                                         |...|

================================================================================
FILE: 161_out_7501_k_EMsgClientRichPresenceUpload.txt
================================================================================
File: 161_out_7501_k_EMsgClientRichPresenceUpload.bin
Size: 177 bytes

00000000  4D 1D 00 80 1B 00 00 00 09 D1 5D B5 07 01 00 10  |M.........].....|
00000010  01 10 A0 FB E9 93 F9 FF FF FF FF 01 18 F2 E8 56  |...............V|
00000020  80 02 01 0A 82 01 00 52 50 00 01 73 74 65 61 6D  |.......RP..steam|
00000030  5F 64 69 73 70 6C 61 79 00 23 53 74 65 61 6D 5F  |_display.#Steam_|
00000040  43 69 74 61 64 65 6C 5F 48 69 64 65 6F 75 74 5F  |Citadel_Hideout_|
00000050  52 61 6E 74 69 6E 67 00 01 73 74 61 74 75 73 00  |Ranting..status.|
00000060  23 53 74 65 61 6D 5F 43 69 74 61 64 65 6C 5F 48  |#Steam_Citadel_H|
00000070  69 64 65 6F 75 74 5F 52 61 6E 74 69 6E 67 00 01  |ideout_Ranting..|
00000080  73 74 65 61 6D 5F 70 6C 61 79 65 72 5F 67 72 6F  |steam_player_gro|
00000090  75 70 00 31 37 34 30 39 37 36 30 37 31 30 39 34  |up.1740976071094|
000000A0  38 36 30 34 35 00 08 08 11 BD E0 83 51 01 00 10  |86045.......Q...|
000000B0  01                                               |.|

================================================================================
FILE: 162_in_766_k_EMsgClientPersonaState.txt
================================================================================
File: 162_in_766_k_EMsgClientPersonaState.bin
Size: 303 bytes

00000000  FE 02 00 80 14 00 00 00 09 D1 5D B5 07 01 00 10  |..........].....|
00000010  01 10 A0 FB E9 93 F9 FF FF FF FF 01 08 DF E6 01  |................|
00000020  12 8C 02 09 D1 5D B5 07 01 00 10 01 10 07 18 F2  |.....]..........|
00000030  E8 56 30 01 38 01 50 01 7A 07 69 67 73 76 65 66  |.V0.8.P.z.igsvef|
00000040  66 C9 01 00 00 00 00 00 00 00 00 FA 01 14 84 02  |f...............|
00000050  52 4F 63 40 0A 76 79 08 82 21 B6 E3 B9 9C D6 F4  |ROc@.vy..!......|
00000060  37 35 E8 02 8A F7 95 D4 06 F0 02 CA 92 97 D4 06  |75..............|
00000070  F8 02 84 A4 F8 D3 06 BA 03 00 C1 03 72 B4 15 00  |............r...|
00000080  00 00 00 00 E2 03 00 BA 04 2F 0A 0D 73 74 65 61  |........./..stea|
00000090  6D 5F 64 69 73 70 6C 61 79 12 1E 23 53 74 65 61  |m_display..#Stea|
000000A0  6D 5F 43 69 74 61 64 65 6C 5F 48 69 64 65 6F 75  |m_Citadel_Hideou|
000000B0  74 5F 52 61 6E 74 69 6E 67 BA 04 28 0A 06 73 74  |t_Ranting..(..st|
000000C0  61 74 75 73 12 1E 23 53 74 65 61 6D 5F 43 69 74  |atus..#Steam_Cit|
000000D0  61 64 65 6C 5F 48 69 64 65 6F 75 74 5F 52 61 6E  |adel_Hideout_Ran|
000000E0  74 69 6E 67 BA 04 28 0A 12 73 74 65 61 6D 5F 70  |ting..(..steam_p|
000000F0  6C 61 79 65 72 5F 67 72 6F 75 70 12 12 31 37 34  |layer_group..174|
00000100  30 39 37 36 30 37 31 30 39 34 38 36 30 34 35 C1  |097607109486045.|
00000110  04 00 00 00 00 00 00 00 00 C9 04 00 00 00 00 00  |................|
00000120  00 00 00 F8 04 00 80 05 00 88 05 00 98 05 01     |...............|

================================================================================
FILE: 163_out_5452_k_EMsgClientToGC.txt
================================================================================
File: 163_out_5452_k_EMsgClientToGC.bin
Size: 73 bytes

00000000  4C 15 00 80 1B 00 00 00 09 D1 5D B5 07 01 00 10  |L.........].....|
00000010  01 10 A0 FB E9 93 F9 FF FF FF FF 01 18 F2 E8 56  |...............V|
00000020  80 02 01 08 F2 E8 56 10 A5 C7 80 80 08 1A 1A A5  |......V.........|
00000030  23 00 80 09 00 00 00 51 26 00 00 00 00 00 00 00  |#......Q&.......|
00000040  09 DD A5 01 EC D9 84 6A 02                       |.......j.|

================================================================================
FILE: 164_in_766_k_EMsgClientPersonaState.txt
================================================================================
File: 164_in_766_k_EMsgClientPersonaState.bin
Size: 303 bytes

00000000  FE 02 00 80 14 00 00 00 09 D1 5D B5 07 01 00 10  |..........].....|
00000010  01 10 A0 FB E9 93 F9 FF FF FF FF 01 08 DF E6 01  |................|
00000020  12 8C 02 09 D1 5D B5 07 01 00 10 01 10 07 18 F2  |.....]..........|
00000030  E8 56 30 01 38 01 50 01 7A 07 69 67 73 76 65 66  |.V0.8.P.z.igsvef|
00000040  66 C9 01 00 00 00 00 00 00 00 00 FA 01 14 84 02  |f...............|
00000050  52 4F 63 40 0A 76 79 08 82 21 B6 E3 B9 9C D6 F4  |ROc@.vy..!......|
00000060  37 35 E8 02 8A F7 95 D4 06 F0 02 CA 92 97 D4 06  |75..............|
00000070  F8 02 84 A4 F8 D3 06 BA 03 00 C1 03 72 B4 15 00  |............r...|
00000080  00 00 00 00 E2 03 00 BA 04 2F 0A 0D 73 74 65 61  |........./..stea|
00000090  6D 5F 64 69 73 70 6C 61 79 12 1E 23 53 74 65 61  |m_display..#Stea|
000000A0  6D 5F 43 69 74 61 64 65 6C 5F 48 69 64 65 6F 75  |m_Citadel_Hideou|
000000B0  74 5F 52 61 6E 74 69 6E 67 BA 04 28 0A 06 73 74  |t_Ranting..(..st|
000000C0  61 74 75 73 12 1E 23 53 74 65 61 6D 5F 43 69 74  |atus..#Steam_Cit|
000000D0  61 64 65 6C 5F 48 69 64 65 6F 75 74 5F 52 61 6E  |adel_Hideout_Ran|
000000E0  74 69 6E 67 BA 04 28 0A 12 73 74 65 61 6D 5F 70  |ting..(..steam_p|
000000F0  6C 61 79 65 72 5F 67 72 6F 75 70 12 12 31 37 34  |layer_group..174|
00000100  30 39 37 36 30 37 31 30 39 34 38 36 30 34 35 C1  |097607109486045.|
00000110  04 00 00 00 00 00 00 00 00 C9 04 00 00 00 00 00  |................|
00000120  00 00 00 F8 04 00 80 05 00 88 05 00 98 05 01     |...............|

================================================================================
FILE: 165_in_5453_k_EMsgClientFromGC.txt
================================================================================
File: 165_in_5453_k_EMsgClientFromGC.bin
Size: 234 bytes

00000000  4D 15 00 80 14 00 00 00 09 D1 5D B5 07 01 00 10  |M.........].....|
00000010  01 10 A0 FB E9 93 F9 FF FF FF FF 01 08 F2 E8 56  |...............V|
00000020  10 9A 80 80 80 08 1A C1 01 1A 00 00 80 00 00 00  |................|
00000030  00 12 9D 01 08 69 12 98 01 08 DD CB 86 E0 9E 9B  |.....i..........|
00000040  A1 B5 02 30 F9 F8 81 06 38 03 48 02 50 01 58 00  |...0....8.H.P.X.|
00000050  62 00 68 00 70 02 78 04 80 01 01 8A 01 70 12 04  |b.h.p.x......p..|
00000060  08 0A 10 00 18 01 20 00 30 00 38 01 42 02 08 07  |...... .0.8.B...|
00000070  42 02 08 01 42 02 08 1B 42 02 08 1F 42 02 08 17  |B...B...B...B...|
00000080  42 02 08 16 42 02 08 02 42 02 08 05 42 02 08 1C  |B...B...B...B...|
00000090  42 02 08 13 42 02 08 08 42 02 08 0E 42 02 08 2C  |B...B...B...B..,|
000000A0  42 02 08 18 42 02 08 03 42 02 08 34 42 02 08 15  |B...B...B..4B...|
000000B0  42 02 08 09 42 02 08 2D 42 02 08 0F 42 02 08 27  |B...B..-B...B..'|
000000C0  42 02 08 26 42 02 08 0B 42 02 08 0A 48 01 98 01  |B..&B...B...H...|
000000D0  01 19 F2 26 D5 ED D9 84 6A 02 32 0C 08 02 10 DD  |...&....j.2.....|
000000E0  CB 86 E0 9E 9B A1 B5 02 38 01                    |........8.|

================================================================================
FILE: 166_in_5453_k_EMsgClientFromGC.txt
================================================================================
File: 166_in_5453_k_EMsgClientFromGC.bin
Size: 59 bytes

00000000  4D 15 00 80 14 00 00 00 09 D1 5D B5 07 01 00 10  |M.........].....|
00000010  01 10 A0 FB E9 93 F9 FF FF FF FF 01 08 F2 E8 56  |...............V|
00000020  10 A6 C7 80 80 08 1A 13 A6 23 00 80 09 00 00 00  |.........#......|
00000030  59 26 00 00 00 00 00 00 00 08 01                 |Y&.........|

================================================================================
FILE: 167_in_5453_k_EMsgClientFromGC.txt
================================================================================
File: 167_in_5453_k_EMsgClientFromGC.bin
Size: 62 bytes

00000000  4D 15 00 80 14 00 00 00 09 D1 5D B5 07 01 00 10  |M.........].....|
00000010  01 10 A0 FB E9 93 F9 FF FF FF FF 01 08 F2 E8 56  |...............V|
00000020  10 99 80 80 80 08 1A 16 19 00 00 80 00 00 00 00  |................|
00000030  12 0C 08 02 10 DD CB 86 E0 9E 9B A1 B5 02        |..............|

================================================================================
FILE: 168_in_766_k_EMsgClientPersonaState.txt
================================================================================
File: 168_in_766_k_EMsgClientPersonaState.bin
Size: 303 bytes

00000000  FE 02 00 80 14 00 00 00 09 D1 5D B5 07 01 00 10  |..........].....|
00000010  01 10 A0 FB E9 93 F9 FF FF FF FF 01 08 DF E6 01  |................|
00000020  12 8C 02 09 D1 5D B5 07 01 00 10 01 10 07 18 F2  |.....]..........|
00000030  E8 56 30 01 38 01 50 01 7A 07 69 67 73 76 65 66  |.V0.8.P.z.igsvef|
00000040  66 C9 01 00 00 00 00 00 00 00 00 FA 01 14 84 02  |f...............|
00000050  52 4F 63 40 0A 76 79 08 82 21 B6 E3 B9 9C D6 F4  |ROc@.vy..!......|
00000060  37 35 E8 02 8A F7 95 D4 06 F0 02 CA 92 97 D4 06  |75..............|
00000070  F8 02 84 A4 F8 D3 06 BA 03 00 C1 03 72 B4 15 00  |............r...|
00000080  00 00 00 00 E2 03 00 BA 04 2F 0A 0D 73 74 65 61  |........./..stea|
00000090  6D 5F 64 69 73 70 6C 61 79 12 1E 23 53 74 65 61  |m_display..#Stea|
000000A0  6D 5F 43 69 74 61 64 65 6C 5F 48 69 64 65 6F 75  |m_Citadel_Hideou|
000000B0  74 5F 52 61 6E 74 69 6E 67 BA 04 28 0A 06 73 74  |t_Ranting..(..st|
000000C0  61 74 75 73 12 1E 23 53 74 65 61 6D 5F 43 69 74  |atus..#Steam_Cit|
000000D0  61 64 65 6C 5F 48 69 64 65 6F 75 74 5F 52 61 6E  |adel_Hideout_Ran|
000000E0  74 69 6E 67 BA 04 28 0A 12 73 74 65 61 6D 5F 70  |ting..(..steam_p|
000000F0  6C 61 79 65 72 5F 67 72 6F 75 70 12 12 31 37 34  |layer_group..174|
00000100  30 39 37 36 30 37 31 30 39 34 38 36 30 34 35 C1  |097607109486045.|
00000110  04 00 00 00 00 00 00 00 00 C9 04 00 00 00 00 00  |................|
00000120  00 00 00 F8 04 00 80 05 00 88 05 00 98 05 01     |...............|

================================================================================
FILE: 169_in_766_k_EMsgClientPersonaState.txt
================================================================================
File: 169_in_766_k_EMsgClientPersonaState.bin
Size: 295 bytes

00000000  FE 02 00 80 14 00 00 00 09 D1 5D B5 07 01 00 10  |..........].....|
00000010  01 10 A0 FB E9 93 F9 FF FF FF FF 01 08 08 12 86  |................|
00000020  02 09 D1 5D B5 07 01 00 10 01 10 00 18 F2 E8 56  |...]...........V|
00000030  30 01 38 01 7A 07 69 67 73 76 65 66 66 C9 01 04  |0.8.z.igsveff...|
00000040  14 43 23 66 C7 40 01 FA 01 14 84 02 52 4F 63 40  |.C#f.@......ROc@|
00000050  0A 76 79 08 82 21 B6 E3 B9 9C D6 F4 37 35 E8 02  |.vy..!......75..|
00000060  8A F7 95 D4 06 F0 02 CA 92 97 D4 06 F8 02 00 BA  |................|
00000070  03 00 C1 03 72 B4 15 00 00 00 00 00 E2 03 00 BA  |....r...........|
00000080  04 2F 0A 0D 73 74 65 61 6D 5F 64 69 73 70 6C 61  |./..steam_displa|
00000090  79 12 1E 23 53 74 65 61 6D 5F 43 69 74 61 64 65  |y..#Steam_Citade|
000000A0  6C 5F 48 69 64 65 6F 75 74 5F 52 61 6E 74 69 6E  |l_Hideout_Rantin|
000000B0  67 BA 04 28 0A 06 73 74 61 74 75 73 12 1E 23 53  |g..(..status..#S|
000000C0  74 65 61 6D 5F 43 69 74 61 64 65 6C 5F 48 69 64  |team_Citadel_Hid|
000000D0  65 6F 75 74 5F 52 61 6E 74 69 6E 67 BA 04 28 0A  |eout_Ranting..(.|
000000E0  12 73 74 65 61 6D 5F 70 6C 61 79 65 72 5F 67 72  |.steam_player_gr|
000000F0  6F 75 70 12 12 31 37 34 30 39 37 36 30 37 31 30  |oup..17409760710|
00000100  39 34 38 36 30 34 35 C1 04 00 00 00 00 00 00 00  |9486045.........|
00000110  00 C9 04 00 00 00 00 00 00 00 00 F8 04 00 80 05  |................|
00000120  00 88 05 00 98 05 01                             |.......|

================================================================================
FILE: 170_out_5410_k_EMsgClientGamesPlayedWithDataBlob.txt
================================================================================
File: 170_out_5410_k_EMsgClientGamesPlayedWithDataBlob.bin
Size: 115 bytes

00000000  22 15 00 80 17 00 00 00 09 D1 5D B5 07 01 00 10  |".........].....|
00000010  01 10 A0 FB E9 93 F9 FF FF FF FF 01 80 02 01 0A  |................|
00000020  4C 08 00 11 72 B4 15 00 00 00 00 00 20 00 28 00  |L...r....... .(.|
00000030  32 00 3A 00 48 E8 77 50 00 58 01 60 D1 BB D5 3D  |2.:.H.wP.X.`...=|
00000040  78 01 A8 01 94 03 BA 01 00 C8 01 FF FF FF FF FF  |x...............|
00000050  FF FF FF FF 01 D0 01 D1 8A E6 0B F2 01 00 F8 01  |................|
00000060  00 82 02 09 08 E8 77 10 E0 D9 01 18 01 10 14 18  |......w.........|
00000070  00 20 00                                         |. .|

================================================================================
FILE: 171_in_779_k_EMsgClientGameConnectTokens.txt
================================================================================
File: 171_in_779_k_EMsgClientGameConnectTokens.bin
Size: 52 bytes

00000000  0B 03 00 80 14 00 00 00 09 D1 5D B5 07 01 00 10  |..........].....|
00000010  01 10 A0 FB E9 93 F9 FF FF FF FF 01 08 0A 12 14  |................|
00000020  B0 9F 60 40 D0 09 61 16 D1 5D B5 07 01 00 10 01  |..`@..a..]......|
00000030  44 CA 85 6A                                      |D..j|

================================================================================
FILE: 172_in_766_k_EMsgClientPersonaState.txt
================================================================================
File: 172_in_766_k_EMsgClientPersonaState.bin
Size: 303 bytes

00000000  FE 02 00 80 14 00 00 00 09 D1 5D B5 07 01 00 10  |..........].....|
00000010  01 10 A0 FB E9 93 F9 FF FF FF FF 01 08 DF E6 01  |................|
00000020  12 8C 02 09 D1 5D B5 07 01 00 10 01 10 07 18 F2  |.....]..........|
00000030  E8 56 30 01 38 01 50 01 7A 07 69 67 73 76 65 66  |.V0.8.P.z.igsvef|
00000040  66 C9 01 00 00 00 00 00 00 00 00 FA 01 14 84 02  |f...............|
00000050  52 4F 63 40 0A 76 79 08 82 21 B6 E3 B9 9C D6 F4  |ROc@.vy..!......|
00000060  37 35 E8 02 8A F7 95 D4 06 F0 02 CA 92 97 D4 06  |75..............|
00000070  F8 02 84 A4 F8 D3 06 BA 03 00 C1 03 72 B4 15 00  |............r...|
00000080  00 00 00 00 E2 03 00 BA 04 2F 0A 0D 73 74 65 61  |........./..stea|
00000090  6D 5F 64 69 73 70 6C 61 79 12 1E 23 53 74 65 61  |m_display..#Stea|
000000A0  6D 5F 43 69 74 61 64 65 6C 5F 48 69 64 65 6F 75  |m_Citadel_Hideou|
000000B0  74 5F 52 61 6E 74 69 6E 67 BA 04 28 0A 06 73 74  |t_Ranting..(..st|
000000C0  61 74 75 73 12 1E 23 53 74 65 61 6D 5F 43 69 74  |atus..#Steam_Cit|
000000D0  61 64 65 6C 5F 48 69 64 65 6F 75 74 5F 52 61 6E  |adel_Hideout_Ran|
000000E0  74 69 6E 67 BA 04 28 0A 12 73 74 65 61 6D 5F 70  |ting..(..steam_p|
000000F0  6C 61 79 65 72 5F 67 72 6F 75 70 12 12 31 37 34  |layer_group..174|
00000100  30 39 37 36 30 37 31 30 39 34 38 36 30 34 35 C1  |097607109486045.|
00000110  04 00 00 00 00 00 00 00 00 C9 04 00 00 00 00 00  |................|
00000120  00 00 00 F8 04 00 80 05 00 88 05 00 98 05 01     |...............|

================================================================================
FILE: 173_out_7501_k_EMsgClientRichPresenceUpload.txt
================================================================================
File: 173_out_7501_k_EMsgClientRichPresenceUpload.bin
Size: 137 bytes

00000000  4D 1D 00 80 1B 00 00 00 09 D1 5D B5 07 01 00 10  |M.........].....|
00000010  01 10 A0 FB E9 93 F9 FF FF FF FF 01 18 F2 E8 56  |...............V|
00000020  80 02 01 0A 5B 00 52 50 00 01 73 74 65 61 6D 5F  |....[.RP..steam_|
00000030  64 69 73 70 6C 61 79 00 23 53 74 65 61 6D 5F 43  |display.#Steam_C|
00000040  69 74 61 64 65 6C 5F 48 69 64 65 6F 75 74 5F 52  |itadel_Hideout_R|
00000050  61 6E 74 69 6E 67 00 01 73 74 61 74 75 73 00 23  |anting..status.#|
00000060  53 74 65 61 6D 5F 43 69 74 61 64 65 6C 5F 48 69  |Steam_Citadel_Hi|
00000070  64 65 6F 75 74 5F 52 61 6E 74 69 6E 67 00 08 08  |deout_Ranting...|
00000080  11 BD E0 83 51 01 00 10 01                       |....Q....|

================================================================================
FILE: 174_in_766_k_EMsgClientPersonaState.txt
================================================================================
File: 174_in_766_k_EMsgClientPersonaState.bin
Size: 260 bytes

00000000  FE 02 00 80 14 00 00 00 09 D1 5D B5 07 01 00 10  |..........].....|
00000010  01 10 A0 FB E9 93 F9 FF FF FF FF 01 08 DF E6 01  |................|
00000020  12 E1 01 09 D1 5D B5 07 01 00 10 01 10 07 18 F2  |.....]..........|
00000030  E8 56 30 01 38 01 50 01 7A 07 69 67 73 76 65 66  |.V0.8.P.z.igsvef|
00000040  66 C9 01 00 00 00 00 00 00 00 00 FA 01 14 84 02  |f...............|
00000050  52 4F 63 40 0A 76 79 08 82 21 B6 E3 B9 9C D6 F4  |ROc@.vy..!......|
00000060  37 35 E8 02 8A F7 95 D4 06 F0 02 CA 92 97 D4 06  |75..............|
00000070  F8 02 84 A4 F8 D3 06 BA 03 00 C1 03 72 B4 15 00  |............r...|
00000080  00 00 00 00 E2 03 00 BA 04 2F 0A 0D 73 74 65 61  |........./..stea|
00000090  6D 5F 64 69 73 70 6C 61 79 12 1E 23 53 74 65 61  |m_display..#Stea|
000000A0  6D 5F 43 69 74 61 64 65 6C 5F 48 69 64 65 6F 75  |m_Citadel_Hideou|
000000B0  74 5F 52 61 6E 74 69 6E 67 BA 04 28 0A 06 73 74  |t_Ranting..(..st|
000000C0  61 74 75 73 12 1E 23 53 74 65 61 6D 5F 43 69 74  |atus..#Steam_Cit|
000000D0  61 64 65 6C 5F 48 69 64 65 6F 75 74 5F 52 61 6E  |adel_Hideout_Ran|
000000E0  74 69 6E 67 C1 04 00 00 00 00 00 00 00 00 C9 04  |ting............|
000000F0  00 00 00 00 00 00 00 00 F8 04 00 80 05 00 88 05  |................|
00000100  00 98 05 01                                      |....|

================================================================================
FILE: 175_out_5432_k_EMsgClientAuthList.txt
================================================================================
File: 175_out_5432_k_EMsgClientAuthList.bin
Size: 43 bytes

00000000  38 15 00 80 17 00 00 00 09 D1 5D B5 07 01 00 10  |8.........].....|
00000010  01 10 A0 FB E9 93 F9 FF FF FF FF 01 80 02 01 08  |................|
00000020  0A 10 00 18 00 28 F2 E8 56 30 06                 |.....(..V0.|

================================================================================
FILE: 176_out_5511_k_EMsgClientDeregisterWithServer.txt
================================================================================
File: 176_out_5511_k_EMsgClientDeregisterWithServer.bin
Size: 39 bytes

00000000  87 15 00 80 1B 00 00 00 09 D1 5D B5 07 01 00 10  |..........].....|
00000010  01 10 A0 FB E9 93 F9 FF FF FF FF 01 18 F2 E8 56  |...............V|
00000020  80 02 01 08 2A 10 00                             |....*..|

================================================================================
FILE: 177_out_7501_k_EMsgClientRichPresenceUpload.txt
================================================================================
File: 177_out_7501_k_EMsgClientRichPresenceUpload.bin
Size: 52 bytes

00000000  4D 1D 00 80 1B 00 00 00 09 D1 5D B5 07 01 00 10  |M.........].....|
00000010  01 10 A0 FB E9 93 F9 FF FF FF FF 01 18 F2 E8 56  |...............V|
00000020  80 02 01 0A 06 00 52 50 00 08 08 11 BD E0 83 51  |......RP.......Q|
00000030  01 00 10 01                                      |....|

================================================================================
FILE: 178_in_5575_k_EMsgClientAuthListAck.txt
================================================================================
File: 178_in_5575_k_EMsgClientAuthListAck.bin
Size: 51 bytes

00000000  C7 15 00 80 1D 00 00 00 09 D1 5D B5 07 01 00 10  |..........].....|
00000010  01 10 A0 FB E9 93 F9 FF FF FF FF 01 59 FF FF FF  |............Y...|
00000020  FF FF FF FF FF 10 F2 E8 56 10 F2 E8 56 10 F2 E8  |........V...V...|
00000030  56 18 06                                         |V..|

================================================================================
FILE: 179_in_766_k_EMsgClientPersonaState.txt
================================================================================
File: 179_in_766_k_EMsgClientPersonaState.bin
Size: 167 bytes

00000000  FE 02 00 80 14 00 00 00 09 D1 5D B5 07 01 00 10  |..........].....|
00000010  01 10 A0 FB E9 93 F9 FF FF FF FF 01 08 DF E6 01  |................|
00000020  12 84 01 09 D1 5D B5 07 01 00 10 01 10 07 18 F2  |.....]..........|
00000030  E8 56 30 01 38 01 50 01 7A 07 69 67 73 76 65 66  |.V0.8.P.z.igsvef|
00000040  66 C9 01 00 00 00 00 00 00 00 00 FA 01 14 84 02  |f...............|
00000050  52 4F 63 40 0A 76 79 08 82 21 B6 E3 B9 9C D6 F4  |ROc@.vy..!......|
00000060  37 35 E8 02 8A F7 95 D4 06 F0 02 CA 92 97 D4 06  |75..............|
00000070  F8 02 84 A4 F8 D3 06 BA 03 00 C1 03 72 B4 15 00  |............r...|
00000080  00 00 00 00 E2 03 00 C1 04 00 00 00 00 00 00 00  |................|
00000090  00 C9 04 00 00 00 00 00 00 00 00 F8 04 00 80 05  |................|
000000A0  00 88 05 00 98 05 01                             |.......|

================================================================================
FILE: 180_out_151_k_EMsgServiceMethodCallFromClient.txt
================================================================================
File: 180_out_151_k_EMsgServiceMethodCallFromClient.bin
Size: 3283 bytes

00000000  97 00 00 80 46 00 00 00 09 D1 5D B5 07 01 00 10  |....F.....].....|
00000010  01 10 A0 FB E9 93 F9 FF FF FF FF 01 62 2D 43 6C  |............b-Cl|
00000020  69 65 6E 74 4D 65 74 72 69 63 73 2E 43 6C 69 65  |ientMetrics.Clie|
00000030  6E 74 41 70 70 49 6E 74 65 72 66 61 63 65 53 74  |ntAppInterfaceSt|
00000040  61 74 73 52 65 70 6F 72 74 23 31 80 02 01 08 F2  |atsReport#1.....|
00000050  E8 56 12 22 0A 1E 53 54 45 41 4D 41 50 50 53 5F  |.V."..STEAMAPPS_|
00000060  49 4E 54 45 52 46 41 43 45 5F 56 45 52 53 49 4F  |INTERFACE_VERSIO|
00000070  4E 30 30 38 12 00 12 2A 0A 26 53 54 45 41 4D 48  |N008...*.&STEAMH|
00000080  54 4D 4C 53 55 52 46 41 43 45 5F 49 4E 54 45 52  |TMLSURFACE_INTER|
00000090  46 41 43 45 5F 56 45 52 53 49 4F 4E 5F 30 30 35  |FACE_VERSION_005|
000000A0  12 00 12 22 0A 1E 53 54 45 41 4D 48 54 54 50 5F  |..."..STEAMHTTP_|
000000B0  49 4E 54 45 52 46 41 43 45 5F 56 45 52 53 49 4F  |INTERFACE_VERSIO|
000000C0  4E 30 30 33 12 00 12 26 0A 1E 53 54 45 41 4D 48  |N003...&..STEAMH|
000000D0  54 54 50 5F 49 4E 54 45 52 46 41 43 45 5F 56 45  |TTP_INTERFACE_VE|
000000E0  52 53 49 4F 4E 30 30 33 12 04 48 54 54 50 12 2B  |RSION003..HTTP.+|
000000F0  0A 27 53 54 45 41 4D 52 45 4D 4F 54 45 53 54 4F  |.'STEAMREMOTESTO|
00000100  52 41 47 45 5F 49 4E 54 45 52 46 41 43 45 5F 56  |RAGE_INTERFACE_V|
00000110  45 52 53 49 4F 4E 30 31 36 12 00 12 20 0A 1C 53  |ERSION016... ..S|
00000120  54 45 41 4D 54 49 4D 45 4C 49 4E 45 5F 49 4E 54  |TEAMTIMELINE_INT|
00000130  45 52 46 41 43 45 5F 56 30 30 34 12 00 12 1C 0A  |ERFACE_V004.....|
00000140  18 53 74 65 61 6D 41 70 70 44 69 73 61 62 6C 65  |.SteamAppDisable|
00000150  55 70 64 61 74 65 30 30 31 12 00 12 16 0A 12 53  |Update001......S|
00000160  74 65 61 6D 43 6F 6E 74 72 6F 6C 6C 65 72 30 30  |teamController00|
00000170  38 12 00 12 13 0A 0F 53 74 65 61 6D 46 72 69 65  |8......SteamFrie|
00000180  6E 64 73 30 31 37 12 00 12 1B 0A 17 53 74 65 61  |nds017......Stea|
00000190  6D 47 61 6D 65 43 6F 6F 72 64 69 6E 61 74 6F 72  |mGameCoordinator|
000001A0  30 30 31 12 00 12 11 0A 0D 53 74 65 61 6D 49 6E  |001......SteamIn|
000001B0  70 75 74 30 30 36 12 00 12 16 0A 12 53 74 65 61  |put006......Stea|
000001C0  6D 4E 65 74 77 6F 72 6B 69 6E 67 30 30 36 12 00  |mNetworking006..|
000001D0  12 27 0A 23 53 74 65 61 6D 4E 65 74 77 6F 72 6B  |.'.#SteamNetwork|
000001E0  69 6E 67 53 6F 63 6B 65 74 73 53 65 72 69 61 6C  |ingSocketsSerial|
000001F0  69 7A 65 64 30 30 35 12 00 12 10 0A 0C 53 74 65  |ized005......Ste|
00000200  61 6D 55 73 65 72 30 32 33 12 00 12 14 0A 0C 53  |amUser023......S|
00000210  74 65 61 6D 55 73 65 72 30 32 33 12 04 55 73 65  |teamUser023..Use|
00000220  72 12 11 0A 0D 53 74 65 61 6D 55 74 69 6C 73 30  |r....SteamUtils0|
00000230  31 30 12 00 12 16 0A 0D 53 74 65 61 6D 55 74 69  |10......SteamUti|
00000240  6C 73 30 31 30 12 05 55 74 69 6C 73 1A 1A 0A 0B  |ls010..Utils....|
00000250  49 43 6C 69 65 6E 74 55 73 65 72 12 09 42 4C 6F  |IClientUser..BLo|
00000260  67 67 65 64 4F 6E 18 04 1A 1B 0A 0B 49 43 6C 69  |ggedOn......ICli|
00000270  65 6E 74 55 73 65 72 12 0A 47 65 74 53 74 65 61  |entUser..GetStea|
00000280  6D 49 44 18 29 1A 22 0A 0B 49 43 6C 69 65 6E 74  |mID.)."..IClient|
00000290  55 73 65 72 12 11 47 65 74 55 73 65 72 44 61 74  |User..GetUserDat|
000002A0  61 46 6F 6C 64 65 72 18 01 1A 27 0A 0B 49 43 6C  |aFolder...'..ICl|
000002B0  69 65 6E 74 55 73 65 72 12 16 47 65 74 41 75 74  |ientUser..GetAut|
000002C0  68 53 65 73 73 69 6F 6E 54 69 63 6B 65 74 56 32  |hSessionTicketV2|
000002D0  18 03 1A 21 0A 0B 49 43 6C 69 65 6E 74 55 73 65  |...!..IClientUse|
000002E0  72 12 10 43 61 6E 63 65 6C 41 75 74 68 54 69 63  |r..CancelAuthTic|
000002F0  6B 65 74 18 03 1A 21 0A 0B 49 43 6C 69 65 6E 74  |ket...!..IClient|
00000300  55 73 65 72 12 10 42 49 73 53 75 62 73 63 72 69  |User..BIsSubscri|
00000310  62 65 64 41 70 70 18 05 1A 22 0A 0E 49 43 6C 69  |bedApp..."..ICli|
00000320  65 6E 74 46 72 69 65 6E 64 73 12 0E 47 65 74 50  |entFriends..GetP|
00000330  65 72 73 6F 6E 61 4E 61 6D 65 18 01 1A 23 0A 0E  |ersonaName...#..|
00000340  49 43 6C 69 65 6E 74 46 72 69 65 6E 64 73 12 0F  |IClientFriends..|
00000350  47 65 74 50 65 72 73 6F 6E 61 53 74 61 74 65 18  |GetPersonaState.|
00000360  29 1A 2A 0A 0E 49 43 6C 69 65 6E 74 46 72 69 65  |).*..IClientFrie|
00000370  6E 64 73 12 15 47 65 74 46 72 69 65 6E 64 52 65  |nds..GetFriendRe|
00000380  6C 61 74 69 6F 6E 73 68 69 70 18 A4 01 1A 29 0A  |lationship....).|
00000390  0E 49 43 6C 69 65 6E 74 46 72 69 65 6E 64 73 12  |.IClientFriends.|
000003A0  15 47 65 74 46 72 69 65 6E 64 50 65 72 73 6F 6E  |.GetFriendPerson|
000003B0  61 53 74 61 74 65 18 3A 1A 29 0A 0E 49 43 6C 69  |aState.:.)..ICli|
000003C0  65 6E 74 46 72 69 65 6E 64 73 12 14 47 65 74 53  |entFriends..GetS|
000003D0  6D 61 6C 6C 46 72 69 65 6E 64 41 76 61 74 61 72  |mallFriendAvatar|
000003E0  18 E6 03 1A 2A 0A 0E 49 43 6C 69 65 6E 74 46 72  |....*..IClientFr|
000003F0  69 65 6E 64 73 12 15 47 65 74 4D 65 64 69 75 6D  |iends..GetMedium|
00000400  46 72 69 65 6E 64 41 76 61 74 61 72 18 B5 02 1A  |FriendAvatar....|
00000410  22 0A 0E 49 43 6C 69 65 6E 74 46 72 69 65 6E 64  |"..IClientFriend|
00000420  73 12 0E 47 65 74 46 72 69 65 6E 64 43 6F 75 6E  |s..GetFriendCoun|
00000430  74 18 0B 1A 25 0A 0E 49 43 6C 69 65 6E 74 46 72  |t...%..IClientFr|
00000440  69 65 6E 64 73 12 10 47 65 74 46 72 69 65 6E 64  |iends..GetFriend|
00000450  42 79 49 6E 64 65 78 18 90 04 1A 27 0A 0E 49 43  |ByIndex....'..IC|
00000460  6C 69 65 6E 74 46 72 69 65 6E 64 73 12 13 47 65  |lientFriends..Ge|
00000470  74 46 72 69 65 6E 64 47 61 6D 65 50 6C 61 79 65  |tFriendGamePlaye|
00000480  64 18 3A 1A 23 0A 0E 49 43 6C 69 65 6E 74 46 72  |d.:.#..IClientFr|
00000490  69 65 6E 64 73 12 0F 53 65 74 52 69 63 68 50 72  |iends..SetRichPr|
000004A0  65 73 65 6E 63 65 18 5F 1A 29 0A 0E 49 43 6C 69  |esence._.)..ICli|
000004B0  65 6E 74 46 72 69 65 6E 64 73 12 15 47 65 74 46  |entFriends..GetF|
000004C0  72 69 65 6E 64 52 69 63 68 50 72 65 73 65 6E 63  |riendRichPresenc|
000004D0  65 18 4C 1A 30 0A 0E 49 43 6C 69 65 6E 74 46 72  |e.L.0..IClientFr|
000004E0  69 65 6E 64 73 12 1B 47 65 74 46 72 69 65 6E 64  |iends..GetFriend|
000004F0  50 65 72 73 6F 6E 61 4E 61 6D 65 5F 50 75 62 6C  |PersonaName_Publ|
00000500  69 63 18 AC 01 1A 2C 0A 0E 49 43 6C 69 65 6E 74  |ic....,..IClient|
00000510  46 72 69 65 6E 64 73 12 18 47 65 74 50 6C 61 79  |Friends..GetPlay|
00000520  65 72 4E 69 63 6B 6E 61 6D 65 5F 50 75 62 6C 69  |erNickname_Publi|
00000530  63 18 37 1A 23 0A 0C 49 43 6C 69 65 6E 74 55 74  |c.7.#..IClientUt|
00000540  69 6C 73 12 11 47 65 74 53 65 72 76 65 72 52 65  |ils..GetServerRe|
00000550  61 6C 54 69 6D 65 18 05 1A 1E 0A 0C 49 43 6C 69  |alTime......ICli|
00000560  65 6E 74 55 74 69 6C 73 12 0C 47 65 74 49 50 43  |entUtils..GetIPC|
00000570  6F 75 6E 74 72 79 18 06 1A 1F 0A 0C 49 43 6C 69  |ountry......ICli|
00000580  65 6E 74 55 74 69 6C 73 12 0C 47 65 74 49 6D 61  |entUtils..GetIma|
00000590  67 65 53 69 7A 65 18 F0 03 1A 1F 0A 0C 49 43 6C  |geSize.......ICl|
000005A0  69 65 6E 74 55 74 69 6C 73 12 0C 47 65 74 49 6D  |ientUtils..GetIm|
000005B0  61 67 65 52 47 42 41 18 F0 03 1A 1A 0A 0C 49 43  |ageRGBA.......IC|
000005C0  6C 69 65 6E 74 55 74 69 6C 73 12 08 47 65 74 41  |lientUtils..GetA|
000005D0  70 70 49 44 18 5B 1A 22 0A 0C 49 43 6C 69 65 6E  |ppID.[."..IClien|
000005E0  74 55 74 69 6C 73 12 10 47 65 74 41 50 49 43 61  |tUtils..GetAPICa|
000005F0  6C 6C 52 65 73 75 6C 74 18 16 1A 24 0A 0C 49 43  |llResult...$..IC|
00000600  6C 69 65 6E 74 55 74 69 6C 73 12 12 47 65 74 53  |lientUtils..GetS|
00000610  74 65 61 6D 55 49 4C 61 6E 67 75 61 67 65 18 01  |teamUILanguage..|
00000620  1A 21 0A 0C 49 43 6C 69 65 6E 74 55 74 69 6C 73  |.!..IClientUtils|
00000630  12 0F 47 65 74 4C 61 75 6E 63 68 65 72 54 79 70  |..GetLauncherTyp|
00000640  65 18 01 1A 30 0A 0C 49 43 6C 69 65 6E 74 55 74  |e...0..IClientUt|
00000650  69 6C 73 12 1E 53 65 74 4F 76 65 72 6C 61 79 4E  |ils..SetOverlayN|
00000660  6F 74 69 66 69 63 61 74 69 6F 6E 50 6F 73 69 74  |otificationPosit|
00000670  69 6F 6E 18 01 1A 1E 0A 0C 49 43 6C 69 65 6E 74  |ion......IClient|
00000680  55 74 69 6C 73 12 0C 49 73 53 74 65 61 6D 43 68  |Utils..IsSteamCh|
00000690  69 6E 61 18 01 1A 20 0A 0C 49 43 6C 69 65 6E 74  |ina... ..IClient|
000006A0  55 74 69 6C 73 12 0E 49 6E 69 74 46 69 6C 74 65  |Utils..InitFilte|
000006B0  72 54 65 78 74 18 01 1A 2E 0A 0C 49 43 6C 69 65  |rText......IClie|
000006C0  6E 74 55 74 69 6C 73 12 1C 52 65 63 6F 72 64 53  |ntUtils..RecordS|
000006D0  74 65 61 6D 49 6E 74 65 72 66 61 63 65 43 72 65  |teamInterfaceCre|
000006E0  61 74 69 6F 6E 18 4C 1A 27 0A 11 49 43 6C 69 65  |ation.L.'..IClie|
000006F0  6E 74 41 70 70 4D 61 6E 61 67 65 72 12 10 47 65  |ntAppManager..Ge|
00000700  74 41 70 70 49 6E 73 74 61 6C 6C 44 69 72 18 01  |tAppInstallDir..|
00000710  1A 24 0A 11 49 43 6C 69 65 6E 74 41 70 70 4D 61  |.$..IClientAppMa|
00000720  6E 61 67 65 72 12 0D 42 49 73 44 6C 63 45 6E 61  |nager..BIsDlcEna|
00000730  62 6C 65 64 18 05 1A 26 0A 11 49 43 6C 69 65 6E  |bled...&..IClien|
00000740  74 41 70 70 4D 61 6E 61 67 65 72 12 0F 47 65 74  |tAppManager..Get|
00000750  41 70 70 53 74 61 74 65 49 6E 66 6F 18 01 1A 29  |AppStateInfo...)|
00000760  0A 11 49 43 6C 69 65 6E 74 41 70 70 4D 61 6E 61  |..IClientAppMana|
00000770  67 65 72 12 12 47 65 74 43 75 72 72 65 6E 74 4C  |ger..GetCurrentL|
00000780  61 6E 67 75 61 67 65 18 01 1A 27 0A 11 49 43 6C  |anguage...'..ICl|
00000790  69 65 6E 74 4E 65 74 77 6F 72 6B 69 6E 67 12 10  |ientNetworking..|
000007A0  47 65 74 4D 61 78 50 61 63 6B 65 74 53 69 7A 65  |GetMaxPacketSize|
000007B0  18 01 1A 23 0A 14 49 43 6C 69 65 6E 74 52 65 6D  |...#..IClientRem|
000007C0  6F 74 65 53 74 6F 72 61 67 65 12 09 46 69 6C 65  |oteStorage..File|
000007D0  57 72 69 74 65 18 05 1A 22 0A 14 49 43 6C 69 65  |Write..."..IClie|
000007E0  6E 74 52 65 6D 6F 74 65 53 74 6F 72 61 67 65 12  |ntRemoteStorage.|
000007F0  08 46 69 6C 65 52 65 61 64 18 08 1A 28 0A 14 49  |.FileRead...(..I|
00000800  43 6C 69 65 6E 74 52 65 6D 6F 74 65 53 74 6F 72  |ClientRemoteStor|
00000810  61 67 65 12 0E 46 69 6C 65 57 72 69 74 65 41 73  |age..FileWriteAs|
00000820  79 6E 63 18 0D 1A 25 0A 14 49 43 6C 69 65 6E 74  |ync...%..IClient|
00000830  52 65 6D 6F 74 65 53 74 6F 72 61 67 65 12 0B 47  |RemoteStorage..G|
00000840  65 74 46 69 6C 65 53 69 7A 65 18 08 1A 2A 0A 14  |etFileSize...*..|
00000850  49 43 6C 69 65 6E 74 52 65 6D 6F 74 65 53 74 6F  |IClientRemoteSto|
00000860  72 61 67 65 12 10 47 65 74 46 69 6C 65 54 69 6D  |rage..GetFileTim|
00000870  65 73 74 61 6D 70 18 0C 1A 24 0A 14 49 43 6C 69  |estamp...$..ICli|
00000880  65 6E 74 52 65 6D 6F 74 65 53 74 6F 72 61 67 65  |entRemoteStorage|
00000890  12 0A 46 69 6C 65 45 78 69 73 74 73 18 08 1A 27  |..FileExists...'|
000008A0  0A 16 49 43 6C 69 65 6E 74 47 61 6D 65 43 6F 6F  |..IClientGameCoo|
000008B0  72 64 69 6E 61 74 6F 72 12 0B 53 65 6E 64 4D 65  |rdinator..SendMe|
000008C0  73 73 61 67 65 18 0E 1A 2E 0A 16 49 43 6C 69 65  |ssage......IClie|
000008D0  6E 74 47 61 6D 65 43 6F 6F 72 64 69 6E 61 74 6F  |ntGameCoordinato|
000008E0  72 12 12 49 73 4D 65 73 73 61 67 65 41 76 61 69  |r..IsMessageAvai|
000008F0  6C 61 62 6C 65 18 43 1A 2B 0A 16 49 43 6C 69 65  |lable.C.+..IClie|
00000900  6E 74 47 61 6D 65 43 6F 6F 72 64 69 6E 61 74 6F  |ntGameCoordinato|
00000910  72 12 0F 52 65 74 72 69 65 76 65 4D 65 73 73 61  |r..RetrieveMessa|
00000920  67 65 18 21 1A 22 0A 0B 49 43 6C 69 65 6E 74 48  |ge.!."..IClientH|
00000930  54 54 50 12 11 43 72 65 61 74 65 48 54 54 50 52  |TTP..CreateHTTPR|
00000940  65 71 75 65 73 74 18 0B 1A 2B 0A 0B 49 43 6C 69  |equest...+..ICli|
00000950  65 6E 74 48 54 54 50 12 1A 53 65 74 48 54 54 50  |entHTTP..SetHTTP|
00000960  52 65 71 75 65 73 74 43 6F 6E 74 65 78 74 56 61  |RequestContextVa|
00000970  6C 75 65 18 01 1A 2A 0A 0B 49 43 6C 69 65 6E 74  |lue...*..IClient|
00000980  48 54 54 50 12 19 53 65 74 48 54 54 50 52 65 71  |HTTP..SetHTTPReq|
00000990  75 65 73 74 48 65 61 64 65 72 56 61 6C 75 65 18  |uestHeaderValue.|
000009A0  02 1A 20 0A 0B 49 43 6C 69 65 6E 74 48 54 54 50  |.. ..IClientHTTP|
000009B0  12 0F 53 65 6E 64 48 54 54 50 52 65 71 75 65 73  |..SendHTTPReques|
000009C0  74 18 0B 1A 2A 0A 0B 49 43 6C 69 65 6E 74 48 54  |t...*..IClientHT|
000009D0  54 50 12 19 47 65 74 48 54 54 50 52 65 73 70 6F  |TP..GetHTTPRespo|
000009E0  6E 73 65 48 65 61 64 65 72 53 69 7A 65 18 01 1A  |nseHeaderSize...|
000009F0  2B 0A 0B 49 43 6C 69 65 6E 74 48 54 54 50 12 1A  |+..IClientHTTP..|
00000A00  47 65 74 48 54 54 50 52 65 73 70 6F 6E 73 65 48  |GetHTTPResponseH|
00000A10  65 61 64 65 72 56 61 6C 75 65 18 01 1A 28 0A 0B  |eaderValue...(..|
00000A20  49 43 6C 69 65 6E 74 48 54 54 50 12 17 47 65 74  |IClientHTTP..Get|
00000A30  48 54 54 50 52 65 73 70 6F 6E 73 65 42 6F 64 79  |HTTPResponseBody|
00000A40  53 69 7A 65 18 07 1A 28 0A 0B 49 43 6C 69 65 6E  |Size...(..IClien|
00000A50  74 48 54 54 50 12 17 47 65 74 48 54 54 50 52 65  |tHTTP..GetHTTPRe|
00000A60  73 70 6F 6E 73 65 42 6F 64 79 44 61 74 61 18 0B  |sponseBodyData..|
00000A70  1A 23 0A 0B 49 43 6C 69 65 6E 74 48 54 54 50 12  |.#..IClientHTTP.|
00000A80  12 52 65 6C 65 61 73 65 48 54 54 50 52 65 71 75  |.ReleaseHTTPRequ|
00000A90  65 73 74 18 0B 1A 28 0A 0F 49 43 6C 69 65 6E 74  |est...(..IClient|
00000AA0  54 69 6D 65 6C 69 6E 65 12 13 53 65 74 54 69 6D  |Timeline..SetTim|
00000AB0  65 6C 69 6E 65 47 61 6D 65 4D 6F 64 65 18 14 1A  |elineGameMode...|
00000AC0  32 0A 0F 49 43 6C 69 65 6E 74 54 69 6D 65 6C 69  |2..IClientTimeli|
00000AD0  6E 65 12 1D 41 64 64 49 6E 73 74 61 6E 74 61 6E  |ne..AddInstantan|
00000AE0  65 6F 75 73 54 69 6D 65 6C 69 6E 65 45 76 65 6E  |eousTimelineEven|
00000AF0  74 18 01 1A 36 0A 1B 49 43 6C 69 65 6E 74 43 6F  |t...6..IClientCo|
00000B00  6E 74 72 6F 6C 6C 65 72 53 65 72 69 61 6C 69 7A  |ntrollerSerializ|
00000B10  65 64 12 15 45 6E 61 62 6C 65 44 65 76 69 63 65  |ed..EnableDevice|
00000B20  43 61 6C 6C 62 61 63 6B 73 18 01 1A 41 0A 17 49  |Callbacks...A..I|
00000B30  43 6C 69 65 6E 74 41 70 70 44 69 73 61 62 6C 65  |ClientAppDisable|
00000B40  55 70 64 61 74 65 12 24 53 65 74 41 70 70 55 70  |Update.$SetAppUp|
00000B50  64 61 74 65 44 69 73 61 62 6C 65 64 53 65 63 6F  |dateDisabledSeco|
00000B60  6E 64 73 52 65 6D 61 69 6E 69 6E 67 18 04 1A 34  |ndsRemaining...4|
00000B70  0A 22 49 43 6C 69 65 6E 74 4E 65 74 77 6F 72 6B  |."IClientNetwork|
00000B80  69 6E 67 53 6F 63 6B 65 74 73 53 65 72 69 61 6C  |ingSocketsSerial|
00000B90  69 7A 65 64 12 0C 47 65 74 43 65 72 74 41 73 79  |ized..GetCertAsy|
00000BA0  6E 63 18 01 1A 38 0A 22 49 43 6C 69 65 6E 74 4E  |nc...8."IClientN|
00000BB0  65 74 77 6F 72 6B 69 6E 67 53 6F 63 6B 65 74 73  |etworkingSockets|
00000BC0  53 65 72 69 61 6C 69 7A 65 64 12 10 43 61 63 68  |Serialized..Cach|
00000BD0  65 52 65 6C 61 79 54 69 63 6B 65 74 18 01 1A 41  |eRelayTicket...A|
00000BE0  0A 22 49 43 6C 69 65 6E 74 4E 65 74 77 6F 72 6B  |."IClientNetwork|
00000BF0  69 6E 67 53 6F 63 6B 65 74 73 53 65 72 69 61 6C  |ingSocketsSerial|
00000C00  69 7A 65 64 12 19 47 65 74 43 61 63 68 65 64 52  |ized..GetCachedR|
00000C10  65 6C 61 79 54 69 63 6B 65 74 43 6F 75 6E 74 18  |elayTicketCount.|
00000C20  01 1A 35 0A 22 49 43 6C 69 65 6E 74 4E 65 74 77  |..5."IClientNetw|
00000C30  6F 72 6B 69 6E 67 53 6F 63 6B 65 74 73 53 65 72  |orkingSocketsSer|
00000C40  69 61 6C 69 7A 65 64 12 0D 47 65 74 53 54 55 4E  |ialized..GetSTUN|
00000C50  53 65 72 76 65 72 18 02 1A 3D 0A 20 49 43 6C 69  |Server...=. ICli|
00000C60  65 6E 74 4E 65 74 77 6F 72 6B 69 6E 67 55 74 69  |entNetworkingUti|
00000C70  6C 73 53 65 72 69 61 6C 69 7A 65 64 12 16 50 6F  |lsSerialized..Po|
00000C80  73 74 43 6F 6E 6E 65 63 74 69 6F 6E 53 74 61 74  |stConnectionStat|
00000C90  65 4D 73 67 18 FA 06 1A 37 0A 20 49 43 6C 69 65  |eMsg....7. IClie|
00000CA0  6E 74 4E 65 74 77 6F 72 6B 69 6E 67 55 74 69 6C  |ntNetworkingUtil|
00000CB0  73 53 65 72 69 61 6C 69 7A 65 64 12 11 47 6F 74  |sSerialized..Got|
00000CC0  4C 6F 63 61 74 69 6F 6E 53 74 72 69 6E 67 18 03  |LocationString..|
00000CD0  20 A7 01                                         | ..|

================================================================================
FILE: 181_out_151_k_EMsgServiceMethodCallFromClient.txt
================================================================================
File: 181_out_151_k_EMsgServiceMethodCallFromClient.bin
Size: 348 bytes

00000000  97 00 00 80 42 00 00 00 09 D1 5D B5 07 01 00 10  |....B.....].....|
00000010  01 10 A0 FB E9 93 F9 FF FF FF FF 01 62 25 43 6C  |............b%Cl|
00000020  69 65 6E 74 4D 65 74 72 69 63 73 2E 52 65 70 6F  |ientMetrics.Repo|
00000030  72 74 47 61 6D 65 50 65 72 66 6F 72 6D 61 6E 63  |rtGamePerformanc|
00000040  65 23 31 80 02 01 98 02 B5 02 12 0E 09 72 B4 15  |e#1..........r..|
00000050  00 00 00 00 00 10 E4 01 18 4C 12 0F 09 72 B4 15  |.........L...r..|
00000060  00 00 00 00 00 10 CA 01 18 89 01 1A EE 01 0A 22  |..............."|
00000070  4D 69 63 72 6F 2D 53 74 61 72 20 49 6E 74 65 72  |Micro-Star Inter|
00000080  6E 61 74 69 6F 6E 61 6C 20 43 6F 2E 2C 20 4C 74  |national Co., Lt|
00000090  64 2E 12 07 4D 53 2D 37 45 34 37 1A 17 4E 56 49  |d...MS-7E47..NVI|
000000A0  44 49 41 20 47 65 46 6F 72 63 65 20 52 54 58 20  |DIA GeForce RTX |
000000B0  35 30 38 30 20 DE 21 28 82 58 30 01 38 85 FB 01  |5080 .!(.X0.8...|
000000C0  42 0A 57 69 6E 64 6F 77 73 20 31 31 4A 0C 41 75  |B.Windows 11J.Au|
000000D0  74 68 65 6E 74 69 63 41 4D 44 52 2F 41 4D 44 20  |thenticAMDR/AMD |
000000E0  52 79 7A 65 6E 20 37 20 37 38 30 30 58 33 44 20  |Ryzen 7 7800X3D |
000000F0  38 2D 43 6F 72 65 20 50 72 6F 63 65 73 73 6F 72  |8-Core Processor|
00000100  20 20 20 20 20 20 20 20 20 20 20 58 01 62 0C 33  |           X.b.3|
00000110  32 2E 30 2E 31 36 2E 31 30 37 34 72 17 4E 56 49  |2.0.16.1074r.NVI|
00000120  44 49 41 20 47 65 46 6F 72 63 65 20 52 54 58 20  |DIA GeForce RTX |
00000130  35 30 38 30 7A 0C 33 32 2E 30 2E 31 36 2E 31 30  |5080z.32.0.16.10|
00000140  37 34 82 01 08 32 30 32 36 2D 37 2D 32 88 01 E9  |74...2026-7-2...|
00000150  7C 90 01 80 0F 98 01 B8 08 A0 01 01              ||...........|

================================================================================
FILE: 182_out_151_k_EMsgServiceMethodCallFromClient.txt
================================================================================
File: 182_out_151_k_EMsgServiceMethodCallFromClient.bin
Size: 81 bytes

00000000  97 00 00 80 42 00 00 00 09 D1 5D B5 07 01 00 10  |....B.....].....|
00000010  01 10 A0 FB E9 93 F9 FF FF FF FF 01 51 46 85 33  |............QF.3|
00000020  E5 C6 7B 02 C5 62 1C 43 6C 6F 75 64 2E 47 65 74  |..{..b.Cloud.Get|
00000030  41 70 70 46 69 6C 65 43 68 61 6E 67 65 6C 69 73  |AppFileChangelis|
00000040  74 23 31 80 02 01 98 02 D5 01 08 F2 E8 56 10 A9  |t#1..........V..|
00000050  02                                               |.|

================================================================================
FILE: 183_out_151_k_EMsgServiceMethodCallFromClient.txt
================================================================================
File: 183_out_151_k_EMsgServiceMethodCallFromClient.bin
Size: 87 bytes

00000000  97 00 00 80 38 00 00 00 09 D1 5D B5 07 01 00 10  |....8.....].....|
00000010  01 10 A0 FB E9 93 F9 FF FF FF FF 01 51 93 7B 49  |............Q.{I|
00000020  EA 20 05 D4 D8 62 16 55 73 65 72 4E 65 77 73 2E  |. ...b.UserNews.|
00000030  47 65 74 55 73 65 72 4E 65 77 73 23 31 80 02 01  |GetUserNews#1...|
00000040  08 64 10 01 18 00 22 07 72 75 73 73 69 61 6E 28  |.d....".russian(|
00000050  86 AF 08 30 F2 E8 56                             |...0..V|

================================================================================
FILE: 184_out_151_k_EMsgServiceMethodCallFromClient.txt
================================================================================
File: 184_out_151_k_EMsgServiceMethodCallFromClient.bin
Size: 91 bytes

00000000  97 00 00 80 40 00 00 00 09 D1 5D B5 07 01 00 10  |....@.....].....|
00000010  01 10 A0 FB E9 93 F9 FF FF FF FF 01 51 3D 55 63  |............Q=Uc|
00000020  B1 25 50 4E FF 62 1E 55 73 65 72 47 61 6D 65 41  |.%PN.b.UserGameA|
00000030  63 74 69 76 69 74 79 2E 47 65 74 41 63 74 69 76  |ctivity.GetActiv|
00000040  69 74 79 23 31 80 02 01 09 D1 5D B5 07 01 00 10  |ity#1.....].....|
00000050  01 10 F2 E8 56 18 64 20 01 28 00                 |....V.d .(.|

================================================================================
FILE: 185_out_5410_k_EMsgClientGamesPlayedWithDataBlob.txt
================================================================================
File: 185_out_5410_k_EMsgClientGamesPlayedWithDataBlob.bin
Size: 37 bytes

00000000  22 15 00 80 17 00 00 00 09 D1 5D B5 07 01 00 10  |".........].....|
00000010  01 10 A0 FB E9 93 F9 FF FF FF FF 01 80 02 01 10  |................|
00000020  14 18 00 20 00                                   |... .|

================================================================================
FILE: 186_in_147_k_EMsgServiceMethodResponse.txt
================================================================================
File: 186_in_147_k_EMsgServiceMethodResponse.bin
Size: 87 bytes

00000000  93 00 00 80 42 00 00 00 09 D1 5D B5 07 01 00 10  |....B.....].....|
00000010  01 10 A0 FB E9 93 F9 FF FF FF FF 01 59 3D 55 63  |............Y=Uc|
00000020  B1 25 50 4E FF 62 1E 55 73 65 72 47 61 6D 65 41  |.%PN.b.UserGameA|
00000030  63 74 69 76 69 74 79 2E 47 65 74 41 63 74 69 76  |ctivity.GetActiv|
00000040  69 74 79 23 31 68 01 C0 01 01 09 D1 5D B5 07 01  |ity#1h......]...|
00000050  00 10 01 10 F2 E8 56                             |......V|

================================================================================
FILE: 187_in_147_k_EMsgServiceMethodResponse.txt
================================================================================
File: 187_in_147_k_EMsgServiceMethodResponse.bin
Size: 502 bytes

00000000  93 00 00 80 40 00 00 00 09 D1 5D B5 07 01 00 10  |....@.....].....|
00000010  01 10 A0 FB E9 93 F9 FF FF FF FF 01 59 46 85 33  |............YF.3|
00000020  E5 C6 7B 02 C5 62 1C 43 6C 6F 75 64 2E 47 65 74  |..{..b.Cloud.Get|
00000030  41 70 70 46 69 6C 65 43 68 61 6E 67 65 6C 69 73  |AppFileChangelis|
00000040  74 23 31 68 01 C0 01 01 08 A9 02 12 46 0A 16 63  |t#1h........F..c|
00000050  61 63 68 65 64 5F 68 65 72 6F 5F 62 75 69 6C 64  |ached_hero_build|
00000060  73 2E 6B 76 33 12 14 71 9D 32 94 34 48 25 16 D0  |s.kv3..q.2.4H%..|
00000070  DA AF 09 9C 80 FA 60 09 79 91 7C 18 BC FF 8F D4  |......`.y.|.....|
00000080  06 20 EB 82 03 28 00 30 FF FF FF FF 0F 38 00 40  |. ...(.0.....8.@|
00000090  00 48 00 12 47 0A 18 63 69 74 61 64 65 6C 6B 65  |.H..G..citadelke|
000000A0  79 73 5F 70 65 72 73 6F 6E 61 6C 2E 6C 73 74 12  |ys_personal.lst.|
000000B0  14 BC 60 24 8D A0 5F E4 0E 8C FB F4 38 F9 0D 5D  |..`$.._.....8..]|
000000C0  D5 24 AE 52 BF 18 87 EA 81 D4 06 20 D6 2F 28 00  |.$.R....... ./(.|
000000D0  30 FF FF FF FF 0F 38 00 40 00 48 00 12 49 0A 1B  |0.....8.@.H..I..|
000000E0  70 65 6E 64 69 6E 67 5F 72 65 70 6C 61 79 5F 72  |pending_replay_r|
000000F0  65 71 75 65 73 74 73 2E 6C 73 74 12 14 F3 72 9C  |equests.lst...r.|
00000100  42 D2 E8 B8 16 10 24 AC 4E 30 27 6A 23 62 FF 65  |B.....$.N0'j#b.e|
00000110  85 18 86 97 A7 B6 06 20 1C 28 00 30 FF FF FF FF  |....... .(.0....|
00000120  0F 38 00 40 00 48 00 12 3E 0A 11 75 73 65 72 5F  |.8.@.H..>..user_|
00000130  63 6F 6E 76 61 72 73 2E 76 63 66 67 12 14 83 58  |convars.vcfg...X|
00000140  09 91 A7 FD 95 9C 27 10 7D 7C B9 EE D6 B6 C8 D5  |......'.}|......|
00000150  B0 DB 18 89 F8 C6 D1 06 20 CF 0A 28 00 30 FF FF  |........ ..(.0..|
00000160  FF FF 0F 40 00 48 00 12 3A 0A 0E 75 73 65 72 5F  |...@.H..:..user_|
00000170  6B 65 79 73 2E 76 63 66 67 12 14 FD A6 13 AB E8  |keys.vcfg.......|
00000180  05 1B 2E 6D 8C 82 81 16 DE 7F 61 35 7E 40 9F 18  |...m......a5~@..|
00000190  91 FD D2 D1 06 20 45 28 00 30 FF FF FF FF 0F 40  |..... E(.0.....@|
000001A0  00 48 00 12 39 0A 0C 76 6F 69 63 65 5F 62 61 6E  |.H..9..voice_ban|
000001B0  2E 64 74 12 14 5D 06 CA E7 0D 94 0E EB 9E 67 D6  |.dt..]........g.|
000001C0  F9 B9 63 DB B8 AE 91 82 E5 18 91 F2 C7 D1 06 20  |..c............ |
000001D0  AF 0B 28 00 30 FF FF FF FF 0F 40 00 48 00 18 00  |..(.0.....@.H...|
000001E0  22 04 63 66 67 2F 2A 09 3C 75 6E 6B 6E 6F 77 6E  |".cfg/*.<unknown|
000001F0  3E 30 D1 8A E6 0B                                |>0....|

================================================================================
FILE: 188_out_151_k_EMsgServiceMethodCallFromClient.txt
================================================================================
File: 188_out_151_k_EMsgServiceMethodCallFromClient.bin
Size: 122 bytes

00000000  97 00 00 80 41 00 00 00 09 D1 5D B5 07 01 00 10  |....A.....].....|
00000010  01 10 A0 FB E9 93 F9 FF FF FF FF 01 51 46 85 33  |............QF.3|
00000020  E5 C6 7B 02 C5 62 1B 43 6C 6F 75 64 2E 42 65 67  |..{..b.Cloud.Beg|
00000030  69 6E 41 70 70 55 70 6C 6F 61 64 42 61 74 63 68  |inAppUploadBatch|
00000040  23 31 80 02 01 98 02 D5 01 08 F2 E8 56 12 00 1A  |#1..........V...|
00000050  1A 63 66 67 2F 63 61 63 68 65 64 5F 68 65 72 6F  |.cfg/cached_hero|
00000060  5F 62 75 69 6C 64 73 2E 6B 76 33 28 CF B1 B4 B9  |_builds.kv3(....|
00000070  87 A7 D4 D0 7F 30 D1 8A E6 0B                    |.....0....|

================================================================================
FILE: 189_in_147_k_EMsgServiceMethodResponse.txt
================================================================================
File: 189_in_147_k_EMsgServiceMethodResponse.bin
Size: 2131 bytes

00000000  93 00 00 80 3A 00 00 00 09 D1 5D B5 07 01 00 10  |....:.....].....|
00000010  01 10 A0 FB E9 93 F9 FF FF FF FF 01 59 93 7B 49  |............Y.{I|
00000020  EA 20 05 D4 D8 62 16 55 73 65 72 4E 65 77 73 2E  |. ...b.UserNews.|
00000030  47 65 74 55 73 65 72 4E 65 77 73 23 31 68 01 C0  |GetUserNews#1h..|
00000040  01 01 0A 39 08 EA 07 10 9D 86 F4 D3 06 19 DF 28  |...9...........(|
00000050  B1 02 00 00 70 01 21 23 CC 37 03 01 00 10 01 29  |....p.!#.7.....)|
00000060  72 B4 15 00 00 00 00 00 51 2D 02 70 37 54 8A D6  |r.......Q-.p7T..|
00000070  09 60 E8 F4 F3 D3 06 70 E8 F4 F3 D3 06 0A 39 08  |.`.....p......9.|
00000080  EA 07 10 C4 D8 AE D3 06 19 DF 28 B1 02 00 00 70  |..........(....p|
00000090  01 21 C7 A9 83 0A 01 00 10 01 29 72 B4 15 00 00  |.!........)r....|
000000A0  00 00 00 51 FF 0A C0 2F 99 88 72 09 60 9D C5 AE  |...Q.../..r.`...|
000000B0  D3 06 70 9D C5 AE D3 06 0A 39 08 EA 07 10 F1 AA  |..p......9......|
000000C0  A4 D3 06 19 DF 28 B1 02 00 00 70 01 21 23 CC 37  |.....(....p.!#.7|
000000D0  03 01 00 10 01 29 72 B4 15 00 00 00 00 00 51 55  |.....)r.......QU|
000000E0  0D C0 2F 99 88 72 09 60 B3 A2 A4 D3 06 70 83 A0  |../..r.`.....p..|
000000F0  A4 D3 06 0A 39 08 EA 07 10 8A D5 C4 D2 06 19 DF  |....9...........|
00000100  28 B1 02 00 00 70 01 21 23 CC 37 03 01 00 10 01  |(....p.!#.7.....|
00000110  29 72 B4 15 00 00 00 00 00 51 8F 1C D0 E9 4A 86  |)r.......Q....J.|
00000120  8E 09 60 CB CD C4 D2 06 70 FF EB BF D2 06 0A 39  |..`.....p......9|
00000130  08 EA 07 10 D3 E7 96 D2 06 19 DF 28 B1 02 00 00  |...........(....|
00000140  70 01 21 23 CC 37 03 01 00 10 01 29 72 B4 15 00  |p.!#.7.....)r...|
00000150  00 00 00 00 51 E8 0E D0 E9 4A 86 8E 09 60 C3 B5  |....Q....J...`..|
00000160  96 D2 06 70 C3 B5 96 D2 06 0A 39 08 EA 07 10 BB  |...p......9.....|
00000170  82 90 D2 06 19 DF 28 B1 02 00 00 70 01 21 23 CC  |......(....p.!#.|
00000180  37 03 01 00 10 01 29 72 B4 15 00 00 00 00 00 51  |7.....)r.......Q|
00000190  A4 0A D0 E9 4A 86 8E 09 60 C6 F6 8F D2 06 70 C6  |....J...`.....p.|
000001A0  F6 8F D2 06 0A 39 08 EA 07 10 EC B3 B2 D1 06 19  |.....9..........|
000001B0  DF 28 B1 02 00 00 70 01 21 23 CC 37 03 01 00 10  |.(....p.!#.7....|
000001C0  01 29 72 B4 15 00 00 00 00 00 51 4F 05 F0 5C 23  |.)r.......QO..\#|
000001D0  85 42 09 60 BA A0 B2 D1 06 70 E6 B3 AD D1 06 0A  |.B.`.....p......|
000001E0  39 08 EA 07 10 A7 F6 86 D1 06 19 DF 28 B1 02 00  |9...........(...|
000001F0  00 70 01 21 23 CC 37 03 01 00 10 01 29 72 B4 15  |.p.!#.7.....)r..|
00000200  00 00 00 00 00 51 0D 02 50 BA 8F 84 EA 09 60 E1  |.....Q..P.....`.|
00000210  EC 86 D1 06 70 A3 EC 86 D1 06 0A 39 08 EA 07 10  |....p......9....|
00000220  E9 A7 F2 D0 06 19 DF 28 B1 02 00 00 70 01 21 23  |.......(....p.!#|
00000230  CC 37 03 01 00 10 01 29 72 B4 15 00 00 00 00 00  |.7.....)r.......|
00000240  51 57 08 E0 12 FC 83 46 09 60 F2 9F F2 D0 06 70  |QW.....F.`.....p|
00000250  F2 9F F2 D0 06 0A 39 08 EA 07 10 F8 AE E2 D0 06  |......9.........|
00000260  19 DF 28 B1 02 00 00 70 01 21 23 CC 37 03 01 00  |..(....p.!#.7...|
00000270  10 01 29 72 B4 15 00 00 00 00 00 51 FF 02 E0 12  |..)r.......Q....|
00000280  FC 83 46 09 60 AE 9C E2 D0 06 70 93 F0 E1 D0 06  |..F.`.....p.....|
00000290  0A 39 08 EA 07 10 F1 AE E2 D0 06 19 DF 28 B1 02  |.9...........(..|
000002A0  00 00 70 01 21 23 CC 37 03 01 00 10 01 29 72 B4  |..p.!#.7.....)r.|
000002B0  15 00 00 00 00 00 51 FD 02 E0 12 FC 83 46 09 60  |......Q......F.`|
000002C0  9D 9C E2 D0 06 70 BC DA E1 D0 06 0A 39 08 EA 07  |.....p......9...|
000002D0  10 C2 AE E2 D0 06 19 DF 28 B1 02 00 00 70 01 21  |........(....p.!|
000002E0  C7 A9 83 0A 01 00 10 01 29 72 B4 15 00 00 00 00  |........)r......|
000002F0  00 51 85 02 C0 68 68 83 4E 09 60 FD 9B E2 D0 06  |.Q...hh.N.`.....|
00000300  70 C6 9F C3 D0 06 0A 39 08 EA 07 10 A3 AE E2 D0  |p......9........|
00000310  06 19 DF 28 B1 02 00 00 70 01 21 C7 A9 83 0A 01  |...(....p.!.....|
00000320  00 10 01 29 72 B4 15 00 00 00 00 00 51 9F 02 20  |...)r.......Q.. |
00000330  87 AD 81 3A 09 60 D8 9B E2 D0 06 70 A7 D3 CF CF  |...:.`.....p....|
00000340  06 0A 39 08 EA 07 10 EE F2 FB CD 06 19 DF 28 B1  |..9...........(.|
00000350  02 00 00 70 01 21 C7 A9 83 0A 01 00 10 01 29 72  |...p.!........)r|
00000360  B4 15 00 00 00 00 00 51 EC 01 D0 0D 11 7D 36 07  |.......Q.....}6.|
00000370  60 87 EA FB CD 06 70 FC 91 AD CD 06 0A 39 08 EA  |`.....p......9..|
00000380  07 10 9D F2 B9 CC 06 19 DF 28 B1 02 00 00 70 01  |.........(....p.|
00000390  21 C7 A9 83 0A 01 00 10 01 29 72 B4 15 00 00 00  |!........)r.....|
000003A0  00 00 51 94 00 30 63 6D 7B 4E 0A 60 CD E5 B9 CC  |..Q..0cm{N.`....|
000003B0  06 70 EB 9A B9 CC 06 0A 39 08 EA 07 10 DA BB A9  |.p......9.......|
000003C0  CC 06 19 DF 28 B1 02 00 00 70 01 21 C7 A9 83 0A  |....(....p.!....|
000003D0  01 00 10 01 29 72 B4 15 00 00 00 00 00 51 2A 05  |....)r.......Q*.|
000003E0  E0 75 C2 7A 5E 07 60 E7 B1 A9 CC 06 70 E7 B1 A9  |.u.z^.`.....p...|
000003F0  CC 06 0A 39 08 EA 07 10 C4 AF 94 CC 06 19 DF 28  |...9...........(|
00000400  B1 02 00 00 70 01 21 C7 A9 83 0A 01 00 10 01 29  |....p.!........)|
00000410  72 B4 15 00 00 00 00 00 51 1F 02 E0 75 C2 7A 5E  |r.......Q...u.z^|
00000420  07 60 E6 A5 94 CC 06 70 E6 A5 94 CC 06 0A 39 08  |.`.....p......9.|
00000430  EA 07 10 E5 C4 84 CC 06 19 DF 28 B1 02 00 00 70  |..........(....p|
00000440  01 21 C7 A9 83 0A 01 00 10 01 29 72 B4 15 00 00  |.!........)r....|
00000450  00 00 00 51 93 06 C0 C7 2E 7A 26 07 60 DB BC 84  |...Q.....z&.`...|
00000460  CC 06 70 DB BC 84 CC 06 0A 39 08 EA 07 10 DE B5  |..p......9......|
00000470  EF CB 06 19 DF 28 B1 02 00 00 70 01 21 C7 A9 83  |.....(....p.!...|
00000480  0A 01 00 10 01 29 72 B4 15 00 00 00 00 00 51 88  |.....)r.......Q.|
00000490  01 C0 C7 2E 7A 26 07 60 E6 B0 EF CB 06 70 E6 B0  |....z&.`.....p..|
000004A0  EF CB 06 0A 39 08 EA 07 10 B5 EB DF CB 06 19 DF  |....9...........|
000004B0  28 B1 02 00 00 70 01 21 AC 9E 78 5E 01 00 10 01  |(....p.!..x^....|
000004C0  29 72 B4 15 00 00 00 00 00 51 BB 0C 60 0F 9B 79  |)r.......Q..`..y|
000004D0  36 07 60 E2 C7 DF CB 06 70 E2 C7 DF CB 06 0A 39  |6.`.....p......9|
000004E0  08 EA 07 10 DF E1 CA CB 06 19 DF 28 B1 02 00 00  |...........(....|
000004F0  70 01 21 C7 A9 83 0A 01 00 10 01 29 72 B4 15 00  |p.!........)r...|
00000500  00 00 00 00 51 C6 06 60 0F 9B 79 36 07 60 A1 D6  |....Q..`..y6.`..|
00000510  CA CB 06 70 A1 D6 CA CB 06 0A 39 08 EA 07 10 F5  |...p......9.....|
00000520  F2 83 C9 06 19 DF 28 B1 02 00 00 70 01 21 23 CC  |......(....p.!#.|
00000530  37 03 01 00 10 01 29 72 B4 15 00 00 00 00 00 51  |7.....)r.......Q|
00000540  AE 06 F0 E9 6B 74 72 08 60 8C E6 83 C9 06 70 FD  |....ktr.`.....p.|
00000550  DA 83 C9 06 0A 39 08 EA 07 10 BC C4 C8 C5 06 19  |.....9..........|
00000560  DF 28 B1 02 00 00 70 01 21 C7 A9 83 0A 01 00 10  |.(....p.!.......|
00000570  01 29 72 B4 15 00 00 00 00 00 51 92 02 C0 8D 7D  |.)r.......Q....}|
00000580  6D 46 07 60 BB B6 C8 C5 06 70 D2 A9 C8 C5 06 0A  |mF.`.....p......|
00000590  39 08 EA 07 10 DE FD BD C5 06 19 DF 28 B1 02 00  |9...........(...|
000005A0  00 70 01 21 C7 A9 83 0A 01 00 10 01 29 72 B4 15  |.p.!........)r..|
000005B0  00 00 00 00 00 51 06 00 C0 8D 7D 6D 46 07 60 CB  |.....Q....}mF.`.|
000005C0  EA BD C5 06 70 DB E3 BD C5 06 0A 39 08 EA 07 10  |....p......9....|
000005D0  DA A1 B3 C5 06 19 DF 28 B1 02 00 00 70 01 21 C7  |.......(....p.!.|
000005E0  A9 83 0A 01 00 10 01 29 72 B4 15 00 00 00 00 00  |.......)r.......|
000005F0  51 3E 03 C0 D2 E9 6C 46 07 60 D4 A1 B3 C5 06 70  |Q>....lF.`.....p|
00000600  C3 9D B3 C5 06 0A 39 08 EA 07 10 C4 C5 A3 C5 06  |......9.........|
00000610  19 DF 28 B1 02 00 00 70 01 21 C7 A9 83 0A 01 00  |..(....p.!......|
00000620  10 01 29 72 B4 15 00 00 00 00 00 51 DB 01 C0 D2  |..)r.......Q....|
00000630  E9 6C 46 07 60 FA BE A3 C5 06 70 D3 B4 A3 C5 06  |.lF.`.....p.....|
00000640  0A 39 08 EA 07 10 CE 9A 9E C5 06 19 DF 28 B1 02  |.9...........(..|
00000650  00 00 70 01 21 C7 A9 83 0A 01 00 10 01 29 72 B4  |..p.!........)r.|
00000660  15 00 00 00 00 00 51 A0 00 C0 D2 E9 6C 46 07 60  |......Q.....lF.`|
00000670  E6 8A 9E C5 06 70 EF EE 98 C5 06 0A 39 08 EA 07  |.....p......9...|
00000680  10 C5 C2 8E C5 06 19 DF 28 B1 02 00 00 70 01 21  |........(....p.!|
00000690  AC 9E 78 5E 01 00 10 01 29 72 B4 15 00 00 00 00  |..x^....)r......|
000006A0  00 51 24 03 40 4C 6C 6C 4A 09 60 D5 BC 8E C5 06  |.Q$.@LllJ.`.....|
000006B0  70 AC A0 8E C5 06 0A 39 08 EA 07 10 95 8E 9F C1  |p......9........|
000006C0  06 19 DF 28 B1 02 00 00 70 01 21 AC 9E 78 5E 01  |...(....p.!..x^.|
000006D0  00 10 01 29 72 B4 15 00 00 00 00 00 51 A7 05 70  |...)r.......Q..p|
000006E0  E2 42 64 46 07 60 FB FD 9E C1 06 70 F8 8D F4 C0  |.BdF.`.....p....|
000006F0  06 0A 39 08 EA 07 10 B1 B4 83 BE 06 19 DF 28 B1  |..9...........(.|
00000700  02 00 00 70 01 21 7D A3 AC 06 01 00 10 01 29 72  |...p.!}.......)r|
00000710  B4 15 00 00 00 00 00 51 B0 0B D0 9A EB 5D 5E 07  |.......Q.....]^.|
00000720  60 98 AE 83 BE 06 70 DF F5 F8 BD 06 0A 39 08 EA  |`.....p......9..|
00000730  07 10 8B D4 AA BC 06 19 DF 28 B1 02 00 00 70 01  |.........(....p.|
00000740  21 7D A3 AC 06 01 00 10 01 29 72 B4 15 00 00 00  |!}.......)r.....|
00000750  00 00 51 11 01 50 90 33 5B EA 0A 60 81 C8 AA BC  |..Q..P.3[..`....|
00000760  06 70 81 C8 AA BC 06 0A 39 08 EA 07 10 96 CF 87  |.p......9.......|
00000770  BB 06 19 DF 28 B1 02 00 00 70 01 21 7D A3 AC 06  |....(....p.!}...|
00000780  01 00 10 01 29 72 B4 15 00 00 00 00 00 51 16 07  |....)r.......Q..|
00000790  00 4E 3E 58 F2 0A 60 FA CD 87 BB 06 70 C0 C9 87  |.N>X..`.....p...|
000007A0  BB 06 0A 39 08 EA 07 10 F6 AE CE BA 06 19 DF 28  |...9...........(|
000007B0  B1 02 00 00 70 01 21 C7 A9 83 0A 01 00 10 01 29  |....p.!........)|
000007C0  72 B4 15 00 00 00 00 00 51 D8 02 70 9F BD 57 16  |r.......Q..p..W.|
000007D0  07 60 D7 A7 CE BA 06 70 A5 BB CD BA 06 0A 39 08  |.`.....p......9.|
000007E0  EA 07 10 FE EF B7 BA 06 19 DF 28 B1 02 00 00 70  |..........(....p|
000007F0  01 21 5C F9 AD 06 01 00 10 01 29 72 B4 15 00 00  |.!\.......)r....|
00000800  00 00 00 51 AA 00 F0 2B 58 55 D2 3D 60 B0 ED B7  |...Q...+XU.=`...|
00000810  BA 06 70 94 C8 B5 B9 06 0A 39 08 EA 07 10 86 C8  |..p......9......|
00000820  90 B9 06 19 DF 28 B1 02 00 00 70 01 21 5C F9 AD  |.....(....p.!\..|
00000830  06 01 00 10 01 29 72 B4 15 00 00 00 00 00 51 0A  |.....)r.......Q.|
00000840  01 90 9F 1C 54 F2 3E 60 C6 B7 90 B9 06 70 A5 BD  |....T.>`.....p..|
00000850  EB B8 06                                         |...|

================================================================================
FILE: 190_in_9600_k_EMsgClientPlayingSessionState.txt
================================================================================
File: 190_in_9600_k_EMsgClientPlayingSessionState.bin
Size: 32 bytes

00000000  80 25 00 80 14 00 00 00 09 D1 5D B5 07 01 00 10  |.%........].....|
00000010  01 10 A0 FB E9 93 F9 FF FF FF FF 01 10 00 18 00  |................|

================================================================================
FILE: 191_in_766_k_EMsgClientPersonaState.txt
================================================================================
File: 191_in_766_k_EMsgClientPersonaState.bin
Size: 165 bytes

00000000  FE 02 00 80 14 00 00 00 09 D1 5D B5 07 01 00 10  |..........].....|
00000010  01 10 A0 FB E9 93 F9 FF FF FF FF 01 08 DF E6 01  |................|
00000020  12 82 01 09 D1 5D B5 07 01 00 10 01 10 07 18 00  |.....]..........|
00000030  30 00 38 01 50 01 7A 07 69 67 73 76 65 66 66 C9  |0.8.P.z.igsveff.|
00000040  01 00 00 00 00 00 00 00 00 FA 01 14 84 02 52 4F  |..............RO|
00000050  63 40 0A 76 79 08 82 21 B6 E3 B9 9C D6 F4 37 35  |c@.vy..!......75|
00000060  E8 02 8A F7 95 D4 06 F0 02 CA 92 97 D4 06 F8 02  |................|
00000070  84 A4 F8 D3 06 BA 03 00 C1 03 00 00 00 00 00 00  |................|
00000080  00 00 E2 03 00 C1 04 00 00 00 00 00 00 00 00 C9  |................|
00000090  04 00 00 00 00 00 00 00 00 F8 04 00 80 05 00 88  |................|
000000A0  05 00 98 05 01                                   |.....|

================================================================================
FILE: 192_in_147_k_EMsgServiceMethodResponse.txt
================================================================================
File: 192_in_147_k_EMsgServiceMethodResponse.bin
Size: 84 bytes

00000000  93 00 00 80 3F 00 00 00 09 D1 5D B5 07 01 00 10  |....?.....].....|
00000010  01 10 A0 FB E9 93 F9 FF FF FF FF 01 59 46 85 33  |............YF.3|
00000020  E5 C6 7B 02 C5 62 1B 43 6C 6F 75 64 2E 42 65 67  |..{..b.Cloud.Beg|
00000030  69 6E 41 70 70 55 70 6C 6F 61 64 42 61 74 63 68  |inAppUploadBatch|
00000040  23 31 68 01 C0 01 01 08 D5 88 93 95 A6 DF 97 F8  |#1h.............|
00000050  1A 20 AA 02                                      |. ..|

================================================================================
FILE: 193_out_151_k_EMsgServiceMethodCallFromClient.txt
================================================================================
File: 193_out_151_k_EMsgServiceMethodCallFromClient.bin
Size: 165 bytes

00000000  97 00 00 80 43 00 00 00 09 D1 5D B5 07 01 00 10  |....C.....].....|
00000010  01 10 A0 FB E9 93 F9 FF FF FF FF 01 51 7A B5 F7  |............Qz..|
00000020  EB 76 31 DF CC 62 1D 43 6C 6F 75 64 2E 43 6C 69  |.v1..b.Cloud.Cli|
00000030  65 6E 74 42 65 67 69 6E 46 69 6C 65 55 70 6C 6F  |entBeginFileUplo|
00000040  61 64 23 31 80 02 01 98 02 F0 01 08 F2 E8 56 10  |ad#1..........V.|
00000050  E5 80 03 18 E5 80 03 22 14 83 B2 73 CB 45 DD B1  |......."...s.E..|
00000060  41 6F C0 28 C5 C6 E3 53 87 68 BB 15 81 28 B3 93  |Ao.(...S.h...(..|
00000070  97 D4 06 32 1A 63 66 67 2F 63 61 63 68 65 64 5F  |...2.cfg/cached_|
00000080  68 65 72 6F 5F 62 75 69 6C 64 73 2E 6B 76 33 38  |hero_builds.kv38|
00000090  FF FF FF FF 0F 48 07 50 01 58 00 68 D5 88 93 95  |.....H.P.X.h....|
000000A0  A6 DF 97 F8 1A                                   |.....|

================================================================================
FILE: 194_in_147_k_EMsgServiceMethodResponse.txt
================================================================================
File: 194_in_147_k_EMsgServiceMethodResponse.bin
Size: 607 bytes

00000000  93 00 00 80 41 00 00 00 09 D1 5D B5 07 01 00 10  |....A.....].....|
00000010  01 10 A0 FB E9 93 F9 FF FF FF FF 01 59 7A B5 F7  |............Yz..|
00000020  EB 76 31 DF CC 62 1D 43 6C 6F 75 64 2E 43 6C 69  |.v1..b.Cloud.Cli|
00000030  65 6E 74 42 65 67 69 6E 46 69 6C 65 55 70 6C 6F  |entBeginFileUplo|
00000040  61 64 23 31 68 01 C0 01 01 12 93 04 0A 26 73 74  |ad#1h........&st|
00000050  65 61 6D 63 6C 6F 75 64 73 77 65 64 65 6E 2E 62  |eamcloudsweden.b|
00000060  6C 6F 62 2E 63 6F 72 65 2E 77 69 6E 64 6F 77 73  |lob.core.windows|
00000070  2E 6E 65 74 12 37 2F 63 6C 6F 75 64 2F 44 31 2F  |.net.7/cloud/D1/|
00000080  35 44 2F 42 35 2F 30 37 2F 31 34 32 32 34 35 30  |5D/B5/07/1422450|
00000090  2F 30 38 36 5F 32 5F 32 34 45 45 42 44 36 43 5F  |/086_2_24EEBD6C_|
000000A0  41 39 31 37 43 5F 31 35 38 2E 64 61 74 18 01 20  |A917C_158.dat.. |
000000B0  04 2A 17 0A 0E 43 6F 6E 74 65 6E 74 2D 4C 65 6E  |.*...Content-Len|
000000C0  67 74 68 12 05 34 39 32 35 33 2A 28 0A 0C 43 6F  |gth..49253*(..Co|
000000D0  6E 74 65 6E 74 2D 54 79 70 65 12 18 61 70 70 6C  |ntent-Type..appl|
000000E0  69 63 61 74 69 6F 6E 2F 6F 63 74 65 74 2D 73 74  |ication/octet-st|
000000F0  72 65 61 6D 2A 4B 0A 13 43 6F 6E 74 65 6E 74 2D  |ream*K..Content-|
00000100  44 69 73 70 6F 73 69 74 69 6F 6E 12 34 69 6E 6C  |Disposition.4inl|
00000110  69 6E 65 3B 20 66 69 6C 65 6E 61 6D 65 2A 3D 55  |ine; filename*=U|
00000120  54 46 2D 38 27 27 63 66 67 5F 63 61 63 68 65 64  |TF-8''cfg_cached|
00000130  5F 68 65 72 6F 5F 62 75 69 6C 64 73 2E 6B 76 33  |_hero_builds.kv3|
00000140  3B 2A 55 0A 1D 78 2D 6D 73 2D 62 6C 6F 62 2D 63  |;*U..x-ms-blob-c|
00000150  6F 6E 74 65 6E 74 2D 64 69 73 70 6F 73 69 74 69  |ontent-dispositi|
00000160  6F 6E 12 34 69 6E 6C 69 6E 65 3B 20 66 69 6C 65  |on.4inline; file|
00000170  6E 61 6D 65 2A 3D 55 54 46 2D 38 27 27 63 66 67  |name*=UTF-8''cfg|
00000180  5F 63 61 63 68 65 64 5F 68 65 72 6F 5F 62 75 69  |_cached_hero_bui|
00000190  6C 64 73 2E 6B 76 33 3B 2A 58 0A 0D 41 75 74 68  |lds.kv3;*X..Auth|
000001A0  6F 72 69 7A 61 74 69 6F 6E 12 47 53 68 61 72 65  |orization.GShare|
000001B0  64 4B 65 79 20 73 74 65 61 6D 63 6C 6F 75 64 73  |dKey steamclouds|
000001C0  77 65 64 65 6E 3A 48 61 66 56 46 2B 6C 74 7A 36  |weden:HafVF+ltz6|
000001D0  65 32 2F 31 4B 56 41 2F 43 6E 6E 70 37 38 52 4D  |e2/1KVA/Cnnp78RM|
000001E0  41 35 34 72 4C 58 67 2F 51 73 54 54 62 52 4F 75  |A54rLXg/QsTTbROu|
000001F0  6F 3D 2A 2A 0A 09 78 2D 6D 73 2D 64 61 74 65 12  |o=**..x-ms-date.|
00000200  1D 57 65 64 2C 20 31 39 20 41 75 67 20 32 30 32  |.Wed, 19 Aug 202|
00000210  36 20 31 35 3A 32 32 3A 34 39 20 47 4D 54 2A 1A  |6 15:22:49 GMT*.|
00000220  0A 0C 78 2D 6D 73 2D 76 65 72 73 69 6F 6E 12 0A  |..x-ms-version..|
00000230  32 30 31 37 2D 30 34 2D 31 37 2A 1B 0A 0E 78 2D  |2017-04-17*...x-|
00000240  6D 73 2D 62 6C 6F 62 2D 74 79 70 65 12 09 42 6C  |ms-blob-type..Bl|
00000250  6F 63 6B 42 6C 6F 62 30 00 38 E5 80 03 48 00     |ockBlob0.8...H.|

================================================================================
FILE: 195_out_151_k_EMsgServiceMethodCallFromClient.txt
================================================================================
File: 195_out_151_k_EMsgServiceMethodCallFromClient.bin
Size: 80 bytes

00000000  97 00 00 80 48 00 00 00 09 D1 5D B5 07 01 00 10  |....H.....].....|
00000010  01 10 A0 FB E9 93 F9 FF FF FF FF 01 51 FB BE EE  |............Q...|
00000020  8A 73 00 D8 20 62 22 53 68 61 64 65 72 2E 47 65  |.s.. b"Shader.Ge|
00000030  74 53 68 61 64 65 72 52 65 70 6F 72 74 69 6E 67  |tShaderReporting|
00000040  43 61 64 65 6E 63 65 23 31 80 02 01 98 02 92 02  |Cadence#1.......|

================================================================================
FILE: 196_in_146_k_EMsgServiceMethod.txt
================================================================================
File: 196_in_146_k_EMsgServiceMethod.bin
Size: 127 bytes

00000000  92 00 00 80 3A 00 00 00 09 D1 5D B5 07 01 00 10  |....:.....].....|
00000010  01 10 A0 FB E9 93 F9 FF FF FF FF 01 62 24 50 6C  |............b$Pl|
00000020  61 79 65 72 43 6C 69 65 6E 74 2E 4E 6F 74 69 66  |ayerClient.Notif|
00000030  79 4C 61 73 74 50 6C 61 79 65 64 54 69 6D 65 73  |yLastPlayedTimes|
00000040  23 31 0A 3B 08 F2 E8 56 10 C8 94 97 D4 06 18 60  |#1.;...V.......`|
00000050  20 85 8E 02 28 86 A5 A7 B6 06 30 85 8E 02 38 00  | ...(.....0...8.|
00000060  40 00 48 86 A5 A7 B6 06 50 00 58 00 60 C8 94 97  |@.H.....P.X.`...|
00000070  D4 06 68 00 70 00 80 01 00 88 01 00 90 01 00     |..h.p..........|

================================================================================
FILE: 197_out_151_k_EMsgServiceMethodCallFromClient.txt
================================================================================
File: 197_out_151_k_EMsgServiceMethodCallFromClient.bin
Size: 209 bytes

00000000  97 00 00 80 42 00 00 00 09 D1 5D B5 07 01 00 10  |....B.....].....|
00000010  01 10 A0 FB E9 93 F9 FF FF FF FF 01 62 25 43 6C  |............b%Cl|
00000020  6F 75 64 2E 45 78 74 65 72 6E 61 6C 53 74 6F 72  |oud.ExternalStor|
00000030  61 67 65 54 72 61 6E 73 66 65 72 52 65 70 6F 72  |ageTransferRepor|
00000040  74 23 31 80 02 01 98 02 F0 01 0A 26 73 74 65 61  |t#1........&stea|
00000050  6D 63 6C 6F 75 64 73 77 65 64 65 6E 2E 62 6C 6F  |mcloudsweden.blo|
00000060  62 2E 63 6F 72 65 2E 77 69 6E 64 6F 77 73 2E 6E  |b.core.windows.n|
00000070  65 74 12 37 2F 63 6C 6F 75 64 2F 44 31 2F 35 44  |et.7/cloud/D1/5D|
00000080  2F 42 35 2F 30 37 2F 31 34 32 32 34 35 30 2F 30  |/B5/07/1422450/0|
00000090  38 36 5F 32 5F 32 34 45 45 42 44 36 43 5F 41 39  |86_2_24EEBD6C_A9|
000000A0  31 37 43 5F 31 35 38 2E 64 61 74 18 01 20 01 28  |17C_158.dat.. .(|
000000B0  C9 01 30 E5 80 03 38 E5 80 03 40 8D 03 48 07 50  |..0...8...@..H.P|
000000C0  00 58 00 60 00 68 A7 01 70 47 78 D3 02 80 01 D3  |.X.`.h..pGx.....|
000000D0  02                                               |.|

================================================================================
FILE: 198_out_151_k_EMsgServiceMethodCallFromClient.txt
================================================================================
File: 198_out_151_k_EMsgServiceMethodCallFromClient.bin
Size: 132 bytes

00000000  97 00 00 80 44 00 00 00 09 D1 5D B5 07 01 00 10  |....D.....].....|
00000010  01 10 A0 FB E9 93 F9 FF FF FF FF 01 51 7A B5 F7  |............Qz..|
00000020  EB 76 31 DF CC 62 1E 43 6C 6F 75 64 2E 43 6C 69  |.v1..b.Cloud.Cli|
00000030  65 6E 74 43 6F 6D 6D 69 74 46 69 6C 65 55 70 6C  |entCommitFileUpl|
00000040  6F 61 64 23 31 80 02 01 98 02 F0 01 08 01 10 F2  |oad#1...........|
00000050  E8 56 1A 14 83 B2 73 CB 45 DD B1 41 6F C0 28 C5  |.V....s.E..Ao.(.|
00000060  C6 E3 53 87 68 BB 15 81 22 1A 63 66 67 2F 63 61  |..S.h...".cfg/ca|
00000070  63 68 65 64 5F 68 65 72 6F 5F 62 75 69 6C 64 73  |ched_hero_builds|
00000080  2E 6B 76 33                                      |.kv3|

================================================================================
FILE: 199_in_147_k_EMsgServiceMethodResponse.txt
================================================================================
File: 199_in_147_k_EMsgServiceMethodResponse.bin
Size: 86 bytes

00000000  93 00 00 80 46 00 00 00 09 D1 5D B5 07 01 00 10  |....F.....].....|
00000010  01 10 A0 FB E9 93 F9 FF FF FF FF 01 59 FB BE EE  |............Y...|
00000020  8A 73 00 D8 20 62 22 53 68 61 64 65 72 2E 47 65  |.s.. b"Shader.Ge|
00000030  74 53 68 61 64 65 72 52 65 70 6F 72 74 69 6E 67  |tShaderReporting|
00000040  43 61 64 65 6E 63 65 23 31 68 01 C0 01 01 08 C9  |Cadence#1h......|
00000050  FA F8 D2 06 10 64                                |.....d|

================================================================================
FILE: 200_out_151_k_EMsgServiceMethodCallFromClient.txt
================================================================================
File: 200_out_151_k_EMsgServiceMethodCallFromClient.bin
Size: 47232 bytes

00000000  97 00 00 80 3D 00 00 00 09 D1 5D B5 07 01 00 10  |....=.....].....|
00000010  01 10 A0 FB E9 93 F9 FF FF FF FF 01 51 FB BE EE  |............Q...|
00000020  8A 73 00 D8 20 62 17 53 68 61 64 65 72 2E 52 65  |.s.. b.Shader.Re|
00000030  67 69 73 74 65 72 53 68 61 64 65 72 23 31 80 02  |gisterShader#1..|
00000040  01 98 02 92 02 08 F2 E8 56 12 10 30 32 62 63 35  |........V..02bc5|
00000050  66 64 66 38 32 66 62 31 39 33 64 1A 23 57 32 3A  |fdf82fb193d.#W2:|
00000060  39 33 33 62 62 31 33 61 31 31 32 31 66 35 63 34  |933bb13a1121f5c4|
00000070  64 63 61 38 64 66 64 36 62 64 35 62 66 61 63 66  |dca8dfd6bd5bfacf|
00000080  22 2C 0A 14 A8 16 11 34 2F 92 C9 8E 9C 36 87 10  |",.....4/....6..|
00000090  1F 19 54 9B 00 00 00 00 12 14 E1 F1 0B 4B 55 17  |..T..........KU.|
000000A0  7D A6 3A 04 EA B4 2E DB 72 F2 2C C6 F0 CC 22 2C  |}.:.....r.,...",|
000000B0  0A 14 85 4B B2 47 DA ED 62 22 A5 A8 32 57 F8 74  |...K.G..b"..2W.t|
000000C0  88 38 00 00 00 00 12 14 B8 98 E8 01 87 9F 65 CA  |.8............e.|
000000D0  C4 E9 93 1A 7D C8 C0 93 FB 10 11 49 22 2C 0A 14  |....}......I",..|
000000E0  85 4B B2 47 DA ED 62 22 97 18 4C CD 9A 03 A1 B2  |.K.G..b"..L.....|
000000F0  00 00 00 00 12 14 F3 0E AD C0 CF D9 DB 22 D7 B9  |............."..|
00000100  7D 45 27 F7 49 0C 2E AC 18 50 22 2C 0A 14 CB 51  |}E'.I....P",...Q|
00000110  EC C3 47 AB ED 2B F0 D6 94 7F 2C 32 72 D3 00 00  |..G..+....,2r...|
00000120  00 00 12 14 02 AA E8 7E 29 0E F5 82 6C EA 0F FC  |.......~)...l...|
00000130  F6 F1 75 19 50 CD 65 2E 22 2C 0A 14 DD 81 32 65  |..u.P.e.",....2e|
00000140  82 9B F6 F9 8B AA 39 2A F4 E1 93 06 00 00 00 00  |......9*........|
00000150  12 14 EC 48 2A 56 93 A7 E6 82 FD EA D9 67 AB F3  |...H*V.......g..|
00000160  1D F1 9F BD 18 DB 22 2C 0A 14 05 06 99 A9 B1 A6  |......",........|
00000170  9A 20 AA 74 18 56 49 4B 31 1A 00 00 00 00 12 14  |. .t.VIK1.......|
00000180  3E CB 1C 6A C7 27 9B 06 0B 05 3B A4 92 7E 42 1D  |>..j.'....;..~B.|
00000190  95 7B AF 71 22 2C 0A 14 05 06 99 A9 B1 A6 9A 20  |.{.q",......... |
000001A0  63 E0 8D 9E 7F 22 DD EF 00 00 00 00 12 14 9D AD  |c...."..........|
000001B0  F9 09 ED 50 6F CC 39 43 9A F8 F9 37 1C F7 E9 11  |...Po.9C...7....|
000001C0  C7 84 22 2C 0A 14 7C C8 38 CF 6A 7A AC 56 66 F1  |..",..|.8.jz.Vf.|
000001D0  E0 29 76 38 1E B5 00 00 00 00 12 14 A2 33 86 44  |.)v8.........3.D|
000001E0  80 65 29 90 2F 3D A6 E0 A0 DC EB A0 7E 75 A8 EB  |.e)./=......~u..|
000001F0  22 2C 0A 14 DD 81 32 65 82 9B F6 F9 40 F5 5F 6A  |",....2e....@._j|
00000200  13 BF BF F9 00 00 00 00 12 14 BA B8 41 1C 48 02  |............A.H.|
00000210  F6 39 49 1C 20 BD 64 7E 0A E2 F7 A4 21 F2 22 2C  |.9I. .d~....!.",|
00000220  0A 14 CB 51 EC C3 47 AB ED 2B BC A9 73 AB A6 0D  |...Q..G..+..s...|
00000230  43 4C 00 00 00 00 12 14 82 C6 B7 23 D1 8E A6 FA  |CL.........#....|
00000240  D3 B4 38 9A 9E 8B 9B 50 5A 3D 4B 13 22 2C 0A 14  |..8....PZ=K.",..|
00000250  CB 51 EC C3 47 AB ED 2B 4A 72 1A 91 22 8D 23 97  |.Q..G..+Jr..".#.|
00000260  00 00 00 00 12 14 19 49 62 EE 04 A6 1D 7E 76 17  |.......Ib....~v.|
00000270  C2 6B 68 56 24 B9 25 9D A1 7C 22 2C 0A 14 7C C8  |.khV$.%..|",..|.|
00000280  38 CF 6A 7A AC 56 90 C8 1D 14 E9 8F 3B CE 00 00  |8.jz.V......;...|
00000290  00 00 12 14 CC BB A4 A5 9B 04 67 B6 44 5D 9C F7  |..........g.D]..|
000002A0  FE 8A 8E EE 95 02 89 48 22 2C 0A 14 25 45 A5 1B  |.......H",..%E..|
000002B0  1C D3 AB C6 FD 36 1E 24 4D B4 26 01 00 00 00 00  |.....6.$M.&.....|
000002C0  12 14 0D 59 FC 0A F0 5C 65 04 89 A2 43 D2 90 6F  |...Y...\e...C..o|
000002D0  7A 2A 0E 0F 32 E1 22 2C 0A 14 05 06 99 A9 B1 A6  |z*..2.",........|
000002E0  9A 20 99 DC 7B F8 A5 22 EC D6 00 00 00 00 12 14  |. ..{.."........|
000002F0  AF 10 65 2B 36 FB 8A 71 37 39 CC 46 D3 FF F2 49  |..e+6..q79.F...I|
00000300  9E 03 62 41 22 2C 0A 14 7C C8 38 CF 6A 7A AC 56  |..bA",..|.8.jz.V|
00000310  05 1B 82 6C 0E 2E 5E 7D 00 00 00 00 12 14 41 3F  |...l..^}......A?|
00000320  2F 6B 5E 65 0F 3B CC 91 12 CC 65 2A 8F 0A 0E 3D  |/k^e.;....e*...=|
00000330  5E 0A 22 2C 0A 14 DD 81 32 65 82 9B F6 F9 88 EC  |^.",....2e......|
00000340  C8 1E 81 50 27 95 00 00 00 00 12 14 3A 8A 12 F0  |...P'.......:...|
00000350  DB F4 68 F2 D8 C3 26 13 9A CA F2 46 3E 69 03 C2  |..h...&....F>i..|
00000360  22 2C 0A 14 8D F4 65 CA 6B BA BB 5F E7 9C 2D 2E  |",....e.k.._..-.|
00000370  50 76 88 7B 00 00 00 00 12 14 F7 84 B1 16 AD 8E  |Pv.{............|
00000380  86 2E 1E 11 22 43 D6 B7 FD 27 34 76 50 5F 22 2C  |...."C...'4vP_",|
00000390  0A 14 19 8B 02 25 87 A1 B0 94 AE E5 0D 03 14 99  |.....%..........|
000003A0  38 F3 00 00 00 00 12 14 F9 59 9F C1 3F 04 87 C5  |8........Y..?...|
000003B0  06 5B 92 02 BF 3F 3F 76 4C 28 30 7F 22 2C 0A 14  |.[...??vL(0.",..|
000003C0  5A 1C 90 64 6D B9 81 4F B0 42 CE 1D 0D 9B 50 F2  |Z..dm..O.B....P.|
000003D0  00 00 00 00 12 14 46 C9 48 8E D1 40 9F 2D 85 AF  |......F.H..@.-..|
000003E0  19 78 A5 32 81 1A 4D 01 94 4C 22 2C 0A 14 E9 4E  |.x.2..M..L",...N|
000003F0  D8 B2 C5 45 E5 F8 A9 73 13 FE 6B 23 46 E6 00 00  |...E...s..k#F...|
00000400  00 00 12 14 CE 98 74 8D 51 76 FD 60 F3 74 1D 72  |......t.Qv.`.t.r|
00000410  6F 62 60 9A 07 73 9E D0 22 2C 0A 14 98 8B 6A E1  |ob`..s..",....j.|
00000420  BF FF 8A DD BC 23 69 AB 6D 3F 39 6E 00 00 00 00  |.....#i.m?9n....|
00000430  12 14 67 17 33 B6 14 03 96 A9 E7 D8 83 B7 F9 E3  |..g.3...........|
00000440  18 27 7A 49 8F 90 22 2C 0A 14 25 12 E8 C6 E6 9D  |.'zI..",..%.....|
00000450  35 90 CD 5F 1A 26 B7 E2 EC 3E 00 00 00 00 12 14  |5.._.&...>......|
00000460  85 05 16 2D 3A D8 8E D3 38 08 FD 76 0F BF 15 FA  |...-:...8..v....|
00000470  F8 3D 6B E9 22 2C 0A 14 11 57 1A 26 8D 5F A6 80  |.=k.",...W.&._..|
00000480  4E 87 32 DB BC EB EF 72 00 00 00 00 12 14 9E 99  |N.2....r........|
00000490  11 5A 69 BB 57 60 A1 77 0C 4F 92 3A 1B 04 2A 3D  |.Zi.W`.w.O.:..*=|
000004A0  DD D7 22 2C 0A 14 6D 28 AB 36 C4 CC D9 2F B6 CE  |..",..m(.6.../..|
000004B0  44 BE B9 9E 18 3C 00 00 00 00 12 14 DA 9C 48 5A  |D....<........HZ|
000004C0  F8 38 62 F3 59 FC 84 FA 14 EC F8 89 72 84 AA 9C  |.8b.Y.......r...|
000004D0  22 2C 0A 14 39 3E 1D 2B EF 24 17 EA B4 E4 35 1C  |",..9>.+.$....5.|
000004E0  76 3C 5A D7 00 00 00 00 12 14 BC 24 60 40 CC 4E  |v<Z........$`@.N|
000004F0  63 F6 BF FC 4A 49 63 91 EC 14 AA 2F 4B 5F 22 2C  |c...JIc..../K_",|
00000500  0A 14 57 9D 3D 70 D7 D3 2E 24 17 B3 C8 B3 53 20  |..W.=p...$....S |
00000510  F3 1F 00 00 00 00 12 14 04 A3 6D D7 5A 53 4C F2  |..........m.ZSL.|
00000520  BD D8 03 F6 77 4F 7D 39 FB 97 D0 51 22 2C 0A 14  |....wO}9...Q",..|
00000530  02 3E AE 5D 93 5C 9F A3 D2 3F 96 4A 8C A4 42 87  |.>.].\...?.J..B.|
00000540  00 00 00 00 12 14 8D 45 C2 39 A9 D4 81 91 8A FE  |.......E.9......|
00000550  73 64 74 68 A7 37 48 96 CD 4F 22 2C 0A 14 89 7D  |sdth.7H..O",...}|
00000560  F2 DE DF 4B EA 3F BD 90 33 78 31 F0 C1 C6 00 00  |...K.?..3x1.....|
00000570  00 00 12 14 9A 7E 41 04 75 FB 41 E0 32 0D C1 0B  |.....~A.u.A.2...|
00000580  F7 87 AE FF 20 FC 35 12 22 2C 0A 14 CC D2 CC 0E  |.... .5.",......|
00000590  17 58 3B FE 96 F2 58 C7 1E 64 A2 8B 00 00 00 00  |.X;...X..d......|
000005A0  12 14 C7 C7 4C A2 18 2B 99 26 90 42 16 3C A2 91  |....L..+.&.B.<..|
000005B0  B9 07 3D 92 D7 04 22 2C 0A 14 4E 83 C0 4E 87 58  |..=...",..N..N.X|
000005C0  98 72 5F F8 E2 2B 94 B9 94 77 00 00 00 00 12 14  |.r_..+...w......|
000005D0  6D 2F 3F DB F0 83 25 63 DB 83 D6 09 97 98 F6 5B  |m/?...%c.......[|
000005E0  D6 10 D8 10 22 2C 0A 14 E4 08 D9 A2 F7 86 91 F1  |....",..........|
000005F0  59 46 E3 CA 47 E7 2E CE 00 00 00 00 12 14 8D 69  |YF..G..........i|
00000600  BF E7 CB 1A B8 AE 7C 53 4E 18 D9 64 8F 69 29 F0  |......|SN..d.i).|
00000610  0F EB 22 2C 0A 14 DD 81 32 65 82 9B F6 F9 9E A6  |..",....2e......|
00000620  DA 01 9B C1 95 FE 00 00 00 00 12 14 1F 45 1E 42  |.............E.B|
00000630  6F ED 06 2D B2 99 86 BC AA 15 75 F3 3A 29 88 10  |o..-......u.:)..|
00000640  22 2C 0A 14 12 26 06 DE 4B C9 67 BA 42 71 E8 CF  |",...&..K.g.Bq..|
00000650  68 26 E2 03 00 00 00 00 12 14 D5 F0 12 19 CA D1  |h&..............|
00000660  73 F9 8F 29 17 70 5F A5 27 0B F2 9E E6 91 22 2C  |s..).p_.'.....",|
00000670  0A 14 DD 81 32 65 82 9B F6 F9 39 D2 61 50 78 45  |....2e....9.aPxE|
00000680  56 4E 00 00 00 00 12 14 6C 02 4D 52 49 C9 72 E3  |VN......l.MRI.r.|
00000690  15 BF 1D 74 09 7C 02 F5 60 EE 92 36 22 2C 0A 14  |...t.|..`..6",..|
000006A0  EF 39 47 05 0F FB 85 FC 21 D6 44 B4 2D 53 3E 9F  |.9G.....!.D.-S>.|
000006B0  00 00 00 00 12 14 53 DB 22 C5 EA ED 99 41 42 3E  |......S."....AB>|
000006C0  AE B4 6C 7B 73 15 61 7C 7E 2B 22 2C 0A 14 05 06  |..l{s.a|~+",....|
000006D0  99 A9 B1 A6 9A 20 8A DD 07 DD 23 68 89 60 00 00  |..... ....#h.`..|
000006E0  00 00 12 14 66 0A BE 83 B7 31 58 60 75 E3 9A B8  |....f....1X`u...|
000006F0  48 A8 59 A6 CB 4B 5C 4A 22 2C 0A 14 7C C8 38 CF  |H.Y..K\J",..|.8.|
00000700  6A 7A AC 56 71 2D 1D 29 98 EB E4 71 00 00 00 00  |jz.Vq-.)...q....|
00000710  12 14 08 A0 80 F3 99 A9 51 6B 6C 81 A8 06 9F 08  |........Qkl.....|
00000720  D5 93 6E 01 E1 AB 22 2C 0A 14 DD 81 32 65 82 9B  |..n...",....2e..|
00000730  F6 F9 FE 07 5B 08 80 9E AB F0 00 00 00 00 12 14  |....[...........|
00000740  DB 57 C0 48 DA B8 C2 6D 68 76 DE 3C C5 32 40 CC  |.W.H...mhv.<.2@.|
00000750  0C 35 DE FF 22 2C 0A 14 80 BC 35 84 6E 4C D4 3E  |.5..",....5.nL.>|
00000760  41 3C 51 0F 75 7A 1B A2 00 00 00 00 12 14 CA 26  |A<Q.uz.........&|
00000770  3C A7 3B E3 71 BC C5 6E 1A 9C 5F C0 47 8B 9E 96  |<.;.q..n.._.G...|
00000780  16 91 22 2C 0A 14 EA 4F 3B 70 CC 7C C3 DA 4A 0D  |..",...O;p.|..J.|
00000790  AD 5E 2B 65 AE 01 00 00 00 00 12 14 61 A0 4F 07  |.^+e........a.O.|
000007A0  BC 3F 23 9D 71 60 B7 10 6A 3F 14 94 E3 0D 00 FB  |.?#.q`..j?......|
000007B0  22 2C 0A 14 DD 81 32 65 82 9B F6 F9 80 F9 79 C2  |",....2e......y.|
000007C0  CE 56 B5 A9 00 00 00 00 12 14 64 6F FE 36 E4 1B  |.V........do.6..|
000007D0  AF A0 01 92 E5 02 47 D1 DF 46 08 AC 87 36 22 2C  |......G..F...6",|
000007E0  0A 14 00 78 BB C9 22 04 D5 FD 4A 87 C1 5C AC 31  |...x.."...J..\.1|
000007F0  67 29 00 00 00 00 12 14 03 C1 F0 5C A2 9B 31 6B  |g).........\..1k|
00000800  0C 74 C7 E7 BB 03 BE 55 3A 8E 26 7A 22 2C 0A 14  |.t.....U:.&z",..|
00000810  7C C8 38 CF 6A 7A AC 56 E5 C1 66 DD C3 FA 63 96  ||.8.jz.V..f...c.|
00000820  00 00 00 00 12 14 B5 9F F8 35 0A 35 F2 1B D0 8E  |.........5.5....|
00000830  D8 1F 31 2E FD FF 71 BD CE 11 22 2C 0A 14 90 3A  |..1...q...",...:|
00000840  66 D5 D4 D2 6E B9 0C AC 87 95 C1 DF 8C EE 00 00  |f...n...........|
00000850  00 00 12 14 C2 BD 2E F3 8F 51 AB 3D 45 24 F7 93  |.........Q.=E$..|
00000860  6A 7C 34 7C 12 84 AB 10 22 2C 0A 14 5D 65 82 6A  |j|4|....",..]e.j|
00000870  C4 33 78 4D E6 F7 B9 96 F3 E1 A3 DC 00 00 00 00  |.3xM............|
00000880  12 14 DE 29 54 9B 5A 3E 43 0E AF 6E A8 E9 F1 2F  |...)T.Z>C..n.../|
00000890  7E B7 08 5F A0 6A 22 2C 0A 14 CB 51 EC C3 47 AB  |~.._.j",...Q..G.|
000008A0  ED 2B 88 4C A8 51 61 86 9F 07 00 00 00 00 12 14  |.+.L.Qa.........|
000008B0  4C CC AE 45 87 12 79 9F 36 13 F7 15 39 C5 58 5A  |L..E..y.6...9.XZ|
000008C0  F2 33 2C CB 22 2C 0A 14 3A 8C 9A C9 7F 27 84 32  |.3,.",..:....'.2|
000008D0  9D DB 59 2A 66 7C 9D 25 00 00 00 00 12 14 09 81  |..Y*f|.%........|
000008E0  D5 91 69 79 A2 66 D5 38 AE D1 68 95 16 29 8F C7  |..iy.f.8..h..)..|
000008F0  55 43 22 2C 0A 14 7C C8 38 CF 6A 7A AC 56 5F C0  |UC",..|.8.jz.V_.|
00000900  8E DB 70 80 88 AA 00 00 00 00 12 14 6B 87 A8 17  |..p.........k...|
00000910  5A EA 04 85 65 F6 DC 5B EF 6C 24 DC 53 72 B8 5F  |Z...e..[.l$.Sr._|
00000920  22 2C 0A 14 EA 4F 3B 70 CC 7C C3 DA FA AB 78 63  |",...O;p.|....xc|
00000930  3F 71 88 D4 00 00 00 00 12 14 17 61 C3 3E 09 01  |?q.........a.>..|
00000940  0E C1 AA FE 24 3B 5F F8 A1 C9 78 BE 2D E3 22 2C  |....$;_...x.-.",|
00000950  0A 14 05 06 99 A9 B1 A6 9A 20 24 3E 73 BE 55 7C  |......... $>s.U||
00000960  0F CF 00 00 00 00 12 14 86 B0 50 7D 7C C5 92 74  |..........P}|..t|
00000970  8C 5E F5 7F EF D0 C2 89 2A 86 EB 43 22 2C 0A 14  |.^......*..C",..|
00000980  EF 39 47 05 0F FB 85 FC 25 E6 CB 24 73 77 DA 96  |.9G.....%..$sw..|
00000990  00 00 00 00 12 14 B4 9E 7E E1 D8 53 AF 6C 92 1E  |........~..S.l..|
000009A0  7D BF 49 CE FC 21 78 F3 76 DE 22 2C 0A 14 7C C8  |}.I..!x.v.",..|.|
000009B0  38 CF 6A 7A AC 56 B9 1F BA 60 B0 7D B3 55 00 00  |8.jz.V...`.}.U..|
000009C0  00 00 12 14 9C 7A CA 9A 8B 55 D7 10 AD 48 75 CE  |.....z...U...Hu.|
000009D0  FD C7 C7 9D 09 9C 61 D6 22 2C 0A 14 2B 08 9B A6  |......a.",..+...|
000009E0  40 86 CE B7 70 1E D1 44 33 B7 C4 D7 00 00 00 00  |@...p..D3.......|
000009F0  12 14 79 AA D7 BF 61 8E 70 B1 15 60 F6 5E 1A E9  |..y...a.p..`.^..|
00000A00  DC 42 9D FC 30 C6 22 2C 0A 14 80 BC 35 84 6E 4C  |.B..0.",....5.nL|
00000A10  D4 3E 69 D6 9B 79 4D 62 64 18 00 00 00 00 12 14  |.>i..yMbd.......|
00000A20  95 A5 DE 1F C0 96 AA 85 F4 CB 7F FA 08 82 7E 0B  |..............~.|
00000A30  E3 6B F8 40 22 2C 0A 14 DD 81 32 65 82 9B F6 F9  |.k.@",....2e....|
00000A40  0A 29 AE 0E 96 2F 1B 72 00 00 00 00 12 14 0E 2E  |.).../.r........|
00000A50  20 40 20 8E F8 3B EC 49 7C 8F BC C4 9C 1C 4B 3B  | @ ..;.I|.....K;|
00000A60  07 1C 22 2C 0A 14 7C C8 38 CF 6A 7A AC 56 B3 84  |..",..|.8.jz.V..|
00000A70  58 94 C9 E8 FC A3 00 00 00 00 12 14 E9 0D 31 0B  |X.............1.|
00000A80  C5 69 27 C4 1F 00 03 CA 37 F2 55 57 79 B9 F0 12  |.i'.....7.UWy...|
00000A90  22 2C 0A 14 05 06 99 A9 B1 A6 9A 20 31 B4 AF 35  |",......... 1..5|
00000AA0  CD 38 1A 8D 00 00 00 00 12 14 C9 C3 1E 9D C4 44  |.8.............D|
00000AB0  32 54 2B AE C9 46 53 E7 C4 8E D8 12 1F D9 22 2C  |2T+..FS.......",|
00000AC0  0A 14 BF 5C 09 43 09 EF AF 30 F6 35 2C EF D7 63  |...\.C...0.5,..c|
00000AD0  EA EB 00 00 00 00 12 14 4D CC 07 02 B8 FD 0B DD  |........M.......|
00000AE0  1C 4F 74 A6 F7 0B FC DE A6 80 9A A0 22 2C 0A 14  |.Ot.........",..|
00000AF0  05 06 99 A9 B1 A6 9A 20 13 D8 70 0D 49 4D 19 20  |....... ..p.IM. |
00000B00  00 00 00 00 12 14 EB 6C 07 C8 39 C9 8C 20 9B 38  |.......l..9.. .8|
00000B10  42 B4 04 5D 02 60 DF FA D5 60 22 2C 0A 14 BF 5C  |B..].`...`",...\|
00000B20  09 43 09 EF AF 30 CC E8 A6 9F E8 5B 6B 6B 00 00  |.C...0.....[kk..|
00000B30  00 00 12 14 44 F6 7A 42 4B 56 3B E8 22 E0 86 EE  |....D.zBKV;."...|
00000B40  0A 1D 3E 0E 86 93 8A F8 22 2C 0A 14 05 06 99 A9  |..>.....",......|
00000B50  B1 A6 9A 20 C6 55 99 2E A1 70 DA 01 00 00 00 00  |... .U...p......|
00000B60  12 14 E7 7E 5F 2F 48 D8 FF 11 0C C8 F8 9C 13 46  |...~_/H........F|
00000B70  2C 3E 25 23 4A 26 22 2C 0A 14 CB 51 EC C3 47 AB  |,>%#J&",...Q..G.|
00000B80  ED 2B 30 71 93 AC DF A3 66 4D 00 00 00 00 12 14  |.+0q....fM......|
00000B90  B9 13 76 E5 17 6E C8 11 9B 4C 5D 05 33 AB A5 61  |..v..n...L].3..a|
00000BA0  D0 D7 33 6B 22 2C 0A 14 08 85 62 69 1C 5E BE 34  |..3k",....bi.^.4|
00000BB0  7B C8 69 CF 59 FF 71 E3 00 00 00 00 12 14 31 56  |{.i.Y.q.......1V|
00000BC0  5A 85 2C C4 FD 91 DD 42 B3 E7 01 E6 69 9C 99 F1  |Z.,....B....i...|
00000BD0  EF 10 22 2C 0A 14 CB 51 EC C3 47 AB ED 2B 7E 32  |..",...Q..G..+~2|
00000BE0  A7 C7 7C AB 6F 7D 00 00 00 00 12 14 66 0D 4F 84  |..|.o}......f.O.|
00000BF0  3B BB FC 23 75 5E 0D B9 9E 80 E3 55 99 7D A4 CF  |;..#u^.....U.}..|
00000C00  22 2C 0A 14 05 06 99 A9 B1 A6 9A 20 FC 6E 71 E4  |",......... .nq.|
00000C10  41 41 D3 34 00 00 00 00 12 14 85 9B 0E 33 EB 6E  |AA.4.........3.n|
00000C20  5E 38 58 4C 16 B4 41 5B FC 79 6E A4 A0 FB 22 2C  |^8XL..A[.yn...",|
00000C30  0A 14 BF 31 9C 95 18 D5 F4 55 94 AF DD A9 EB 3E  |...1.....U.....>|
00000C40  FC 5F 00 00 00 00 12 14 F8 EB DA 6A 97 91 D1 A4  |._.........j....|
00000C50  15 2D 11 41 B6 1F 85 6C 01 47 C5 F2 22 2C 0A 14  |.-.A...l.G..",..|
00000C60  45 F7 2F 4C E9 32 A2 70 17 77 04 07 A7 E3 ED D0  |E./L.2.p.w......|
00000C70  00 00 00 00 12 14 6A D9 41 9E 3E DB BD 97 8F 1E  |......j.A.>.....|
00000C80  42 6F EA C7 D1 E2 1C EC 08 EA 22 2C 0A 14 05 06  |Bo........",....|
00000C90  99 A9 B1 A6 9A 20 24 F7 A0 D4 73 18 21 17 00 00  |..... $...s.!...|
00000CA0  00 00 12 14 AC 5B 25 E4 37 7E 25 16 C7 40 67 7B  |.....[%.7~%..@g{|
00000CB0  DE 17 09 31 A4 1D 6F 7D 22 2C 0A 14 7C C8 38 CF  |...1..o}",..|.8.|
00000CC0  6A 7A AC 56 0D 12 90 E4 36 A5 F7 8C 00 00 00 00  |jz.V....6.......|
00000CD0  12 14 2C 36 01 AD D9 B7 89 B9 F7 BB E5 E3 20 8D  |..,6.......... .|
00000CE0  01 8D 39 53 FE 03 22 2C 0A 14 BF 5C 09 43 09 EF  |..9S..",...\.C..|
00000CF0  AF 30 D6 F8 9F 80 49 0F D8 CF 00 00 00 00 12 14  |.0....I.........|
00000D00  EC 40 13 F0 23 B0 0A B4 55 02 90 7F AC AB E3 24  |.@..#...U......$|
00000D10  6E 84 4E CB 22 2C 0A 14 3A 8C 9A C9 7F 27 84 32  |n.N.",..:....'.2|
00000D20  FA F0 20 93 E5 99 F4 D2 00 00 00 00 12 14 8F 46  |.. ............F|
00000D30  1B 3E 21 57 C6 E9 5E 13 D3 FD E7 E6 E2 F0 AC 90  |.>!W..^.........|
00000D40  36 FD 22 2C 0A 14 D4 58 F3 C4 F9 40 63 71 0B 83  |6.",...X...@cq..|
00000D50  C1 C8 97 9F 8E EF 00 00 00 00 12 14 BE 61 48 2A  |.............aH*|
00000D60  9E 6D 6D EF F4 9C 28 00 E0 74 F0 0B 1C 4F EF 8A  |.mm...(..t...O..|
00000D70  22 2C 0A 14 B9 6C E3 AE 86 39 0A 5C 3B 2F B3 39  |",...l...9.\;/.9|
00000D80  E0 C1 0E 0A 00 00 00 00 12 14 0F 02 34 63 C4 89  |............4c..|
00000D90  99 40 3F 37 48 C9 DE C1 04 A7 86 1D 37 FB 22 2C  |.@?7H.......7.",|
00000DA0  0A 14 CC F5 FF 68 79 E2 4F 3C C0 B4 9F 53 E1 82  |.....hy.O<...S..|
00000DB0  CC 59 00 00 00 00 12 14 F5 8D 87 29 41 4A 35 FA  |.Y.........)AJ5.|
00000DC0  15 D6 F5 5A FB 11 E6 C1 FA FB 83 0C 22 2C 0A 14  |...Z........",..|
00000DD0  63 35 3C C5 B7 C0 E8 B8 A7 0A 15 E1 0D 77 AA 2D  |c5<..........w.-|
00000DE0  00 00 00 00 12 14 9D 88 19 54 46 DF 1C EA 2B D9  |.........TF...+.|
00000DF0  D1 CA 2F 62 5C 84 E7 0A 1D EC 22 2C 0A 14 EA D6  |../b\.....",....|
00000E00  C1 17 5B 76 5F F7 36 1A EF 3B C2 F1 F8 74 00 00  |..[v_.6..;...t..|
00000E10  00 00 12 14 CE 76 30 BE E4 F8 69 EB C2 67 FA FF  |.....v0...i..g..|
00000E20  B9 1B 7D 41 34 D0 AA 0E 22 2C 0A 14 CC F5 FF 68  |..}A4...",.....h|
00000E30  79 E2 4F 3C 63 56 4C CB 75 5A A2 91 00 00 00 00  |y.O<cVL.uZ......|
00000E40  12 14 E2 D8 18 E8 9C 6C DE 24 C0 48 05 CC C3 30  |.......l.$.H...0|
00000E50  18 5F 7F 42 B9 89 22 2C 0A 14 CC F5 FF 68 79 E2  |._.B..",.....hy.|
00000E60  4F 3C D6 F1 24 F7 25 3B 04 E1 00 00 00 00 12 14  |O<..$.%;........|
00000E70  CC E7 EA A8 0E 09 79 E0 06 54 3F 9F AB 7B A6 0E  |......y..T?..{..|
00000E80  8C 4C 08 F9 22 2C 0A 14 81 23 3B 6B 4D AD 24 19  |.L..",...#;kM.$.|
00000E90  1C 26 B2 83 4A 2E 22 B2 00 00 00 00 12 14 1A 4A  |.&..J."........J|
00000EA0  A9 46 DB EC 8A A8 0D 31 1C E3 FF 3C 2C D4 B4 0E  |.F.....1...<,...|
00000EB0  B3 7D 22 2C 0A 14 3B FB E9 D1 D5 07 17 8A 56 5B  |.}",..;.......V[|
00000EC0  65 AE 1C 87 72 D4 00 00 00 00 12 14 2D A6 89 24  |e...r.......-..$|
00000ED0  9D A3 4D 7C EF 32 0E 9F C6 E4 C9 EC E8 7F 13 83  |..M|.2..........|
00000EE0  22 2C 0A 14 EA 4F 3B 70 CC 7C C3 DA AB 63 62 1B  |",...O;p.|...cb.|
00000EF0  E4 23 9C 06 00 00 00 00 12 14 FC D0 88 3E 77 69  |.#...........>wi|
00000F00  67 89 16 29 71 FF B5 7A 55 54 DE 13 8C 45 22 2C  |g..)q..zUT...E",|
00000F10  0A 14 CC F5 FF 68 79 E2 4F 3C C0 5B BB 94 05 E0  |.....hy.O<.[....|
00000F20  FE 33 00 00 00 00 12 14 DD 61 F7 FA DC A9 FC 6B  |.3.......a.....k|
00000F30  7E 60 C6 97 E2 4A 3A 5B D4 C2 A2 D3 22 2C 0A 14  |~`...J:[....",..|
00000F40  B0 EC 52 EF 47 60 FE 24 12 8D 36 95 8C 52 CF 16  |..R.G`.$..6..R..|
00000F50  00 00 00 00 12 14 D8 1D 0D 7B 21 AF C8 EE 84 A5  |.........{!.....|
00000F60  40 07 E6 65 26 EF 2C 70 EB FA 22 2C 0A 14 3B E1  |@..e&.,p..",..;.|
00000F70  67 10 28 66 64 CC E6 8F F4 05 08 01 96 D3 00 00  |g.(fd...........|
00000F80  00 00 12 14 1D 54 F4 E3 AA BF 43 C4 C3 82 EC 09  |.....T....C.....|
00000F90  BE BF E9 F6 24 41 14 A9 22 2C 0A 14 80 BC 35 84  |....$A..",....5.|
00000FA0  6E 4C D4 3E 99 AD B4 BF 85 BE 14 5C 00 00 00 00  |nL.>.......\....|
00000FB0  12 14 59 C1 12 2D C1 E2 D8 68 E3 13 56 8D 8A 5C  |..Y..-...h..V..\|
00000FC0  77 B8 C1 65 D5 D1 22 2C 0A 14 00 78 BB C9 22 04  |w..e..",...x..".|
00000FD0  D5 FD D0 3E 7F 17 B9 C9 93 22 00 00 00 00 12 14  |...>....."......|
00000FE0  BC 28 01 C1 71 54 F0 CB 46 F7 35 16 13 5B B3 24  |.(..qT..F.5..[.$|
00000FF0  51 92 87 D3 22 2C 0A 14 EF 39 47 05 0F FB 85 FC  |Q...",...9G.....|
00001000  BF 37 4E 0D FB BC FD 73 00 00 00 00 12 14 C1 17  |.7N....s........|
00001010  BE 5E 2F 38 8A E3 74 9B 24 2A 61 75 60 EC 71 87  |.^/8..t.$*au`.q.|
00001020  2C 79 22 2C 0A 14 D4 58 F3 C4 F9 40 63 71 FB 49  |,y",...X...@cq.I|
00001030  8D 3F 24 3D 92 3E 00 00 00 00 12 14 F6 F2 F2 C7  |.?$=.>..........|
00001040  71 70 CF 0E DB 6F 71 64 F2 02 A3 E0 B4 5D D2 B8  |qp...oqd.....]..|
00001050  22 2C 0A 14 45 F7 2F 4C E9 32 A2 70 D2 19 E2 1E  |",..E./L.2.p....|
00001060  0A DA FF E7 00 00 00 00 12 14 C5 13 75 8E F3 B2  |............u...|
00001070  C3 1B 79 66 58 7D 31 D1 7D 90 87 84 A6 F4 22 2C  |..yfX}1.}.....",|
00001080  0A 14 7C C8 38 CF 6A 7A AC 56 7D 3F 49 1C 17 93  |..|.8.jz.V}?I...|
00001090  A4 4E 00 00 00 00 12 14 3B FF 80 49 AD CF 57 9B  |.N......;..I..W.|
000010A0  93 C1 D0 52 A5 2D 06 5F 4E 59 EA 51 22 2C 0A 14  |...R.-._NY.Q",..|
000010B0  05 06 99 A9 B1 A6 9A 20 77 FB 1E 14 43 74 91 56  |....... w...Ct.V|
000010C0  00 00 00 00 12 14 EB C7 6D 5F D0 E0 9B 0D 72 C0  |........m_....r.|
000010D0  7D 0A 23 52 05 A2 C2 0B 4F 43 22 2C 0A 14 CB 51  |}.#R....OC",...Q|
000010E0  EC C3 47 AB ED 2B DD C4 AA 88 30 05 01 1A 00 00  |..G..+....0.....|
000010F0  00 00 12 14 88 3F B2 AD 23 A6 9C C7 CA 8A 0F B5  |.....?..#.......|
00001100  48 89 B4 27 A2 FE 44 F9 22 2C 0A 14 7C C8 38 CF  |H..'..D.",..|.8.|
00001110  6A 7A AC 56 42 D2 F0 F5 71 F4 86 02 00 00 00 00  |jz.VB...q.......|
00001120  12 14 9A E3 72 77 42 65 85 D1 B8 3F E8 15 7C F2  |....rwBe...?..|.|
00001130  53 2C F2 24 FE 42 22 2C 0A 14 85 4B B2 47 DA ED  |S,.$.B",...K.G..|
00001140  62 22 90 BE 43 C0 55 CC AB 79 00 00 00 00 12 14  |b"..C.U..y......|
00001150  DF B2 73 4E BE 5D 4C D2 49 FF 3E 14 E8 6A 62 98  |..sN.]L.I.>..jb.|
00001160  82 85 E7 77 22 2C 0A 14 05 06 99 A9 B1 A6 9A 20  |...w",......... |
00001170  89 C3 D5 C6 CF 33 AA 62 00 00 00 00 12 14 6C 3E  |.....3.b......l>|
00001180  AF E6 DD BE C0 8B D2 93 42 80 37 BA CB BB F3 3B  |........B.7....;|
00001190  58 6C 22 2C 0A 14 EA 4F 3B 70 CC 7C C3 DA E6 DF  |Xl",...O;p.|....|
000011A0  C2 91 0F B4 03 D8 00 00 00 00 12 14 25 84 2D 35  |............%.-5|
000011B0  D0 F2 3E F5 08 CB BF 20 BB 2B 6A 84 66 BB 49 F6  |..>.... .+j.f.I.|
000011C0  22 2C 0A 14 DD 81 32 65 82 9B F6 F9 CA 6C 0C 0F  |",....2e.....l..|
000011D0  E7 11 6E EC 00 00 00 00 12 14 D4 80 39 3D 64 32  |..n.........9=d2|
000011E0  3C 45 2D 51 DE 49 BA 8F 46 16 FB D2 1C 97 22 2C  |<E-Q.I..F.....",|
000011F0  0A 14 EF 39 47 05 0F FB 85 FC C7 C9 72 C9 ED 34  |...9G.......r..4|
00001200  ED C9 00 00 00 00 12 14 89 FF B5 E2 69 D4 41 13  |............i.A.|
00001210  EF C9 8D EE EF B3 C4 19 13 2F E4 F1 22 2C 0A 14  |........./..",..|
00001220  7C C8 38 CF 6A 7A AC 56 EC 7D A5 68 33 BF 4E 0A  ||.8.jz.V.}.h3.N.|
00001230  00 00 00 00 12 14 15 E3 4E 8E 1E 29 F0 0C 1D 32  |........N..)...2|
00001240  29 44 1D D8 4C B4 7F 6F 1E B5 22 2C 0A 14 7C C8  |)D..L..o..",..|.|
00001250  38 CF 6A 7A AC 56 A8 AE DC 54 A7 47 9A 9C 00 00  |8.jz.V...T.G....|
00001260  00 00 12 14 6C FF 37 EB 01 1D 2F 27 71 A2 29 C8  |....l.7.../'q.).|
00001270  9B 90 DF B0 79 C7 DC B6 22 2C 0A 14 CB 51 EC C3  |....y...",...Q..|
00001280  47 AB ED 2B F3 FA A2 46 BF 6F 67 77 00 00 00 00  |G..+...F.ogw....|
00001290  12 14 2B 77 00 C1 18 EF 70 9F 3B B6 AD F2 6E 46  |..+w....p.;...nF|
000012A0  68 AE 65 9B 39 A0 22 2C 0A 14 05 06 99 A9 B1 A6  |h.e.9.",........|
000012B0  9A 20 16 B8 EB F9 41 52 D7 BD 00 00 00 00 12 14  |. ....AR........|
000012C0  5F 1F AE DE 8C 93 F2 AB 1B 67 4A 87 A9 E6 FC 0B  |_........gJ.....|
000012D0  B5 48 2C 70 22 2C 0A 14 DD 81 32 65 82 9B F6 F9  |.H,p",....2e....|
000012E0  70 AB 63 59 BC 86 D5 59 00 00 00 00 12 14 88 BB  |p.cY...Y........|
000012F0  C1 21 A9 54 E0 FA 96 D7 01 DC 81 95 58 40 0D FB  |.!.T........X@..|
00001300  70 BF 22 2C 0A 14 DD 81 32 65 82 9B F6 F9 18 DE  |p.",....2e......|
00001310  7A CD C4 EB 54 F7 00 00 00 00 12 14 02 FC DE AC  |z...T...........|
00001320  72 A2 54 D2 CD 0C 70 5A 6F 5D 0E 34 81 1E 7F 69  |r.T...pZo].4...i|
00001330  22 2C 0A 14 05 06 99 A9 B1 A6 9A 20 50 3F 7A CB  |",......... P?z.|
00001340  7C 1B 1E 33 00 00 00 00 12 14 E7 43 20 59 F6 0D  ||..3.......C Y..|
00001350  FB 91 F0 29 8E DD 22 A3 76 39 0E 66 A9 E3 22 2C  |...)..".v9.f..",|
00001360  0A 14 D4 58 F3 C4 F9 40 63 71 E7 88 75 4F 93 F3  |...X...@cq..uO..|
00001370  8B C9 00 00 00 00 12 14 3F 6A A3 23 C6 F6 63 A8  |........?j.#..c.|
00001380  C8 E6 3C E8 D8 C1 2A D7 7D 41 E0 8B 22 2C 0A 14  |..<...*.}A..",..|
00001390  7C C8 38 CF 6A 7A AC 56 A3 E3 25 59 C3 2C 78 D1  ||.8.jz.V..%Y.,x.|
000013A0  00 00 00 00 12 14 6D A4 64 21 B8 08 34 0B DC 2E  |......m.d!..4...|
000013B0  03 BB 75 13 38 8B 27 BA 6F 61 22 2C 0A 14 BF 5C  |..u.8.'.oa",...\|
000013C0  09 43 09 EF AF 30 EA 5B 21 50 77 9D 9D DA 00 00  |.C...0.[!Pw.....|
000013D0  00 00 12 14 12 E0 30 B3 9C 6D D5 1B 3F F8 1E 98  |......0..m..?...|
000013E0  C4 65 BA DA C6 F0 B5 FB 22 2C 0A 14 25 45 A5 1B  |.e......",..%E..|
000013F0  1C D3 AB C6 59 42 84 BA 50 28 39 B7 00 00 00 00  |....YB..P(9.....|
00001400  12 14 13 EC 31 60 3A 88 B8 5C 22 01 66 75 E2 BC  |....1`:..\".fu..|
00001410  FE 6A 3B 08 3D 2B 22 2C 0A 14 90 3A 66 D5 D4 D2  |.j;.=+",...:f...|
00001420  6E B9 28 A3 41 2A 51 1F F9 64 00 00 00 00 12 14  |n.(.A*Q..d......|
00001430  92 35 B7 DB A3 40 C7 26 83 23 F4 8A 0F E2 27 26  |.5...@.&.#....'&|
00001440  83 37 D2 AE 22 2C 0A 14 05 06 99 A9 B1 A6 9A 20  |.7..",......... |
00001450  94 47 CE AB 2F AC 77 5E 00 00 00 00 12 14 76 69  |.G../.w^......vi|
00001460  A0 81 80 9A 51 C2 6D BA DA CF 0C DD 41 FB 01 2B  |....Q.m.....A..+|
00001470  27 26 22 2C 0A 14 BF 5C 09 43 09 EF AF 30 D1 A0  |'&",...\.C...0..|
00001480  79 9A A8 FD 83 63 00 00 00 00 12 14 24 32 8B 0D  |y....c......$2..|
00001490  9A DF 90 22 65 B0 7F 78 D9 38 A3 41 41 5B C8 DD  |..."e..x.8.AA[..|
000014A0  22 2C 0A 14 CB 51 EC C3 47 AB ED 2B 99 9A C6 B1  |",...Q..G..+....|
000014B0  88 B4 AA 93 00 00 00 00 12 14 7D FE 0C 40 A1 8B  |..........}..@..|
000014C0  60 25 A7 E0 68 FC 6F EA CA 56 B8 8C DD F9 22 2C  |`%..h.o..V....",|
000014D0  0A 14 EF 39 47 05 0F FB 85 FC 8D E7 7D B6 C8 54  |...9G.......}..T|
000014E0  96 03 00 00 00 00 12 14 EB 72 59 A0 56 98 C3 74  |.........rY.V..t|
000014F0  2A B2 1A 9C F2 3D C5 44 70 90 BD 39 22 2C 0A 14  |*....=.Dp..9",..|
00001500  DD 81 32 65 82 9B F6 F9 FE 0E F7 CB 10 BC C3 65  |..2e...........e|
00001510  00 00 00 00 12 14 A9 AD 61 68 17 56 D7 64 58 18  |........ah.V.dX.|
00001520  1D 94 D8 03 FE 39 56 66 A1 A4 22 2C 0A 14 EA 4F  |.....9Vf..",...O|
00001530  3B 70 CC 7C C3 DA 1A CD A2 C2 7C F9 F9 1F 00 00  |;p.|......|.....|
00001540  00 00 12 14 8B 78 86 86 89 1F ED 12 6F 13 F2 5C  |.....x......o..\|
00001550  D1 D5 46 F2 7B 5F 2D 75 22 2C 0A 14 5D 65 82 6A  |..F.{_-u",..]e.j|
00001560  C4 33 78 4D BA 57 E8 DB E2 47 76 0C 00 00 00 00  |.3xM.W...Gv.....|
00001570  12 14 04 CD 4D 88 70 EC 01 45 37 3A CF 7D 88 4B  |....M.p..E7:.}.K|
00001580  CA 3A 92 F9 DA 94 22 2C 0A 14 F2 2E 90 A5 E3 10  |.:....",........|
00001590  F6 60 AB 18 65 B4 C5 A3 60 96 00 00 00 00 12 14  |.`..e...`.......|
000015A0  10 88 46 FC FF 15 59 45 10 6D 63 80 F4 DE 58 0D  |..F...YE.mc...X.|
000015B0  D1 69 09 BC 22 2C 0A 14 CD 9B 64 E1 31 0F 46 4D  |.i..",....d.1.FM|
000015C0  09 B0 F2 C3 7C 77 93 6C 00 00 00 00 12 14 0B F2  |....|w.l........|
000015D0  6E C7 53 57 23 50 BC CA CD 0B 33 8E 1A D6 85 D0  |n.SW#P....3.....|
000015E0  8F 49 22 2C 0A 14 13 60 B1 98 09 AB A6 D5 D5 33  |.I",...`.......3|
000015F0  5B 47 A8 87 F4 E9 00 00 00 00 12 14 A2 7E 9D 0E  |[G...........~..|
00001600  F5 A7 45 76 08 63 71 C9 50 1F E0 A8 A6 18 19 83  |..Ev.cq.P.......|
00001610  22 2C 0A 14 58 30 6B FB 33 25 88 60 9E B9 71 4B  |",..X0k.3%.`..qK|
00001620  2E EF B5 62 00 00 00 00 12 14 DF 23 AC D9 B2 96  |...b.......#....|
00001630  DA 5E 44 4E D3 13 57 02 3A 81 35 B6 DB 46 22 2C  |.^DN..W.:.5..F",|
00001640  0A 14 9B 8C F7 C0 7F 2B EA F0 8C D0 F8 BC FC A6  |.......+........|
00001650  B7 41 00 00 00 00 12 14 A4 3A 3A 5C D3 46 47 3F  |.A.......::\.FG?|
00001660  89 26 35 E5 52 49 3F 18 FA C1 DA 12 22 2C 0A 14  |.&5.RI?.....",..|
00001670  4E CB EF B6 09 C8 68 6E 13 E7 64 60 85 3C 92 8C  |N.....hn..d`.<..|
00001680  00 00 00 00 12 14 93 1A 2D AE 48 69 0A E7 A8 EC  |........-.Hi....|
00001690  C6 82 95 95 45 75 52 E1 2C 79 22 2C 0A 14 29 71  |....EuR.,y",..)q|
000016A0  52 C5 A3 FF B5 6C E9 27 80 CC 54 C0 8D 40 00 00  |R....l.'..T..@..|
000016B0  00 00 12 14 5B EF A2 85 07 54 4C 69 CD BA 89 70  |....[....TLi...p|
000016C0  26 EF 66 BF 59 A8 8B 53 22 2C 0A 14 BF 5C 09 43  |&.f.Y..S",...\.C|
000016D0  09 EF AF 30 A5 20 77 F2 F0 74 71 AF 00 00 00 00  |...0. w..tq.....|
000016E0  12 14 3B F3 FC 9E 94 24 7B A0 BC 27 82 09 4B F2  |..;....${..'..K.|
000016F0  2F C3 E5 94 16 3D 22 2C 0A 14 BC 18 37 69 13 62  |/....=",....7i.b|
00001700  BD 13 F6 95 E4 76 75 49 A1 7F 00 00 00 00 12 14  |.....vuI........|
00001710  FC F9 90 94 45 65 3E 8E 77 01 96 B8 5F C6 53 66  |....Ee>.w..._.Sf|
00001720  D8 7E FF 5D 22 2C 0A 14 C5 88 0B FC 6A 35 F7 9C  |.~.]",......j5..|
00001730  9C 81 65 EA B5 C3 7E 98 00 00 00 00 12 14 93 14  |..e...~.........|
00001740  EC 4C A6 6F A8 5D 83 44 A8 CC C8 8D E0 6D B1 A4  |.L.o.].D.....m..|
00001750  D3 9C 22 2C 0A 14 17 44 5F F8 01 02 F2 24 49 4D  |..",...D_....$IM|
00001760  A9 26 4A ED 59 53 00 00 00 00 12 14 CA 7F 4D 0A  |.&J.YS........M.|
00001770  DC 8E 61 2A 5C D0 88 A5 E3 E8 27 90 41 F0 E6 DD  |..a*\.....'.A...|
00001780  22 2C 0A 14 CB 51 EC C3 47 AB ED 2B 29 D8 A0 C5  |",...Q..G..+)...|
00001790  71 6E 8A 20 00 00 00 00 12 14 8F FB EB D3 1A C0  |qn. ............|
000017A0  1D 0A 70 A4 00 25 D9 21 5E C9 5E A5 62 2B 22 2C  |..p..%.!^.^.b+",|
000017B0  0A 14 85 4B B2 47 DA ED 62 22 24 B2 82 84 B6 29  |...K.G..b"$....)|
000017C0  CD 95 00 00 00 00 12 14 15 3C 97 D6 54 BF DA DC  |.........<..T...|
000017D0  4E 6F 6B 42 AA 87 AD 52 12 BE 01 C5 22 2C 0A 14  |NokB...R....",..|
000017E0  C8 29 57 0F 72 D6 B8 96 2C 41 14 95 6C 90 AD B8  |.)W.r...,A..l...|
000017F0  00 00 00 00 12 14 A6 98 1B EE 22 C5 4F D2 66 FE  |..........".O.f.|
00001800  E1 1C EB 16 85 87 FB 64 A2 F0 22 2C 0A 14 B7 2C  |.......d..",...,|
00001810  37 52 EF C5 C6 55 C0 16 7E 53 F5 89 B7 4D 00 00  |7R...U..~S...M..|
00001820  00 00 12 14 0C 8E 05 48 54 FB 75 4B 91 8A EC D1  |.......HT.uK....|
00001830  7A 63 EA F0 75 5D AF 5E 22 2C 0A 14 05 06 99 A9  |zc..u].^",......|
00001840  B1 A6 9A 20 5D B5 2E 2E 7D 83 C8 A8 00 00 00 00  |... ]...}.......|
00001850  12 14 C1 AC 4B A1 21 47 DF 5B A7 2A A4 29 D4 A9  |....K.!G.[.*.)..|
00001860  D8 31 C9 DE 49 09 22 2C 0A 14 BF 5C 09 43 09 EF  |.1..I.",...\.C..|
00001870  AF 30 4A 9D B5 BA F5 F5 D1 22 00 00 00 00 12 14  |.0J......"......|
00001880  99 FC DB AE 51 FF EE 8E 68 92 C9 39 B0 9E 9C 95  |....Q...h..9....|
00001890  E0 9B 38 27 22 2C 0A 14 DD 81 32 65 82 9B F6 F9  |..8'",....2e....|
000018A0  79 8F D8 76 34 16 E8 F1 00 00 00 00 12 14 9B 20  |y..v4.......... |
000018B0  6F E6 0E 44 0E CB 55 0D B3 D0 70 44 66 38 2D 8E  |o..D..U...pDf8-.|
000018C0  7E ED 22 2C 0A 14 DD 81 32 65 82 9B F6 F9 D1 89  |~.",....2e......|
000018D0  65 A7 B2 34 34 03 00 00 00 00 12 14 92 EF EE 41  |e..44..........A|
000018E0  4D 97 D2 35 75 30 28 A7 96 6D DB B7 D0 4B 1B 26  |M..5u0(..m...K.&|
000018F0  22 2C 0A 14 EF 39 47 05 0F FB 85 FC A2 79 B7 BB  |",...9G......y..|
00001900  CF 64 12 0E 00 00 00 00 12 14 2F 86 46 44 9D D9  |.d......../.FD..|
00001910  27 FC AF 47 C6 EB DD 78 6F 97 F6 2B 77 1D 22 2C  |'..G...xo..+w.",|
00001920  0A 14 BF 5C 09 43 09 EF AF 30 C4 C1 03 86 FD A8  |...\.C...0......|
00001930  1A 63 00 00 00 00 12 14 23 46 34 69 1C 5F 33 47  |.c......#F4i._3G|
00001940  29 BF 13 E9 98 4B 45 CC 82 98 77 06 22 2C 0A 14  |)....KE...w.",..|
00001950  45 F7 2F 4C E9 32 A2 70 23 46 E1 77 1A E2 6A 1B  |E./L.2.p#F.w..j.|
00001960  00 00 00 00 12 14 B2 18 99 FD E3 57 E2 C8 33 0C  |...........W..3.|
00001970  04 F8 DC 02 6C C3 72 1E A6 99 22 2C 0A 14 7C C8  |....l.r...",..|.|
00001980  38 CF 6A 7A AC 56 4D 50 45 83 A7 AB D4 92 00 00  |8.jz.VMPE.......|
00001990  00 00 12 14 2D 2A 5E 7F 6F 19 3A EA 1D 7E ED B0  |....-*^.o.:..~..|
000019A0  71 40 32 CA B0 AE A0 E0 22 2C 0A 14 05 06 99 A9  |q@2.....",......|
000019B0  B1 A6 9A 20 D2 CC 4B 54 B4 49 53 17 00 00 00 00  |... ..KT.IS.....|
000019C0  12 14 94 C9 DD 97 9E 37 F3 70 29 85 DE 01 E7 13  |.......7.p).....|
000019D0  4C BA 24 44 AC 67 22 2C 0A 14 EF 39 47 05 0F FB  |L.$D.g",...9G...|
000019E0  85 FC E8 1C 87 F4 44 F3 EC 65 00 00 00 00 12 14  |......D..e......|
000019F0  A4 F6 80 78 81 18 0A 85 31 6A 9B 7F BE 46 96 97  |...x....1j...F..|
00001A00  2A AE DA B1 22 2C 0A 14 DD 81 32 65 82 9B F6 F9  |*...",....2e....|
00001A10  38 EB EC 92 59 07 1A B5 00 00 00 00 12 14 E2 C8  |8...Y...........|
00001A20  DB EA B7 3C F4 B2 B0 62 A8 5E D4 B1 CC A4 AF 42  |...<...b.^.....B|
00001A30  43 74 22 2C 0A 14 25 45 A5 1B 1C D3 AB C6 62 01  |Ct",..%E......b.|
00001A40  27 A6 60 7A D0 A6 00 00 00 00 12 14 51 68 86 BF  |'.`z........Qh..|
00001A50  66 85 15 80 F8 A2 00 1B 1D E6 8A C4 EE 03 69 25  |f.............i%|
00001A60  22 2C 0A 14 D4 58 F3 C4 F9 40 63 71 9C AB A0 EB  |",...X...@cq....|
00001A70  43 7D 42 F5 00 00 00 00 12 14 68 98 2F 21 76 73  |C}B.......h./!vs|
00001A80  54 35 AB DC 00 D5 CB A3 63 58 19 48 8E F6 22 2C  |T5......cX.H..",|
00001A90  0A 14 EA 4F 3B 70 CC 7C C3 DA 8D 42 E4 C7 A2 58  |...O;p.|...B...X|
00001AA0  5E DA 00 00 00 00 12 14 6D 76 B5 F3 AD 7C 10 51  |^.......mv...|.Q|
00001AB0  58 9A 6E 79 6A B4 54 02 61 B5 03 08 22 2C 0A 14  |X.nyj.T.a...",..|
00001AC0  05 06 99 A9 B1 A6 9A 20 2B 92 6A 5E 45 FC EF FF  |....... +.j^E...|
00001AD0  00 00 00 00 12 14 CA E9 21 28 BE B9 3D CE 69 EF  |........!(..=.i.|
00001AE0  D9 E3 82 2C A2 7D 30 B8 49 73 22 2C 0A 14 7C C8  |...,.}0.Is",..|.|
00001AF0  38 CF 6A 7A AC 56 BD F4 E1 CE 7A DD B4 CA 00 00  |8.jz.V....z.....|
00001B00  00 00 12 14 27 3F 17 83 C6 E7 94 28 52 29 FC 57  |....'?.....(R).W|
00001B10  7A 14 AC 53 DB 10 88 5D 22 2C 0A 14 EA 4F 3B 70  |z..S...]",...O;p|
00001B20  CC 7C C3 DA 4F 77 12 18 46 31 CC 87 00 00 00 00  |.|..Ow..F1......|
00001B30  12 14 0F DE C5 7F 90 AC AD FC 61 87 3E 32 EE 62  |..........a.>2.b|
00001B40  67 07 73 3D B1 25 22 2C 0A 14 BF 5C 09 43 09 EF  |g.s=.%",...\.C..|
00001B50  AF 30 5E EE 4E 82 DB 93 65 B9 00 00 00 00 12 14  |.0^.N...e.......|
00001B60  A8 22 26 0C EC 63 19 4B 50 D5 1E F7 AC 62 3D 98  |."&..c.KP....b=.|
00001B70  EF 06 1D F3 22 2C 0A 14 DD 81 32 65 82 9B F6 F9  |....",....2e....|
00001B80  E1 C9 FC 0E EE 1B 80 15 00 00 00 00 12 14 6E 7B  |..............n{|
00001B90  BF FF 56 87 E1 E8 9D 15 7F 42 8A 7E 12 AF F6 CD  |..V......B.~....|
00001BA0  E2 51 22 2C 0A 14 5D 65 82 6A C4 33 78 4D A7 51  |.Q",..]e.j.3xM.Q|
00001BB0  A2 60 8D EF D1 DD 00 00 00 00 12 14 30 6B 45 0F  |.`..........0kE.|
00001BC0  E0 E3 23 94 5E 36 42 6C 75 28 E1 6D 04 8C 41 12  |..#.^6Blu(.m..A.|
00001BD0  22 2C 0A 14 7C C8 38 CF 6A 7A AC 56 6E 3F CA E4  |",..|.8.jz.Vn?..|
00001BE0  48 0C 33 CE 00 00 00 00 12 14 E5 FF D1 55 3E F6  |H.3..........U>.|
00001BF0  B8 E2 45 FE 13 47 70 6B 67 D2 B9 FA 39 2F 22 2C  |..E..Gpkg...9/",|
00001C00  0A 14 DD 81 32 65 82 9B F6 F9 4D 9B 22 2C 91 D1  |....2e....M.",..|
00001C10  5F 9A 00 00 00 00 12 14 C5 8C 5C 61 FD 37 D6 BA  |_.........\a.7..|
00001C20  E0 CA 86 3A B2 F0 AF BC 37 9E 8E 58 22 2C 0A 14  |...:....7..X",..|
00001C30  17 44 5F F8 01 02 F2 24 4C D8 16 F2 FF E2 3B 36  |.D_....$L.....;6|
00001C40  00 00 00 00 12 14 00 94 57 79 DE 77 0F CD CD D1  |........Wy.w....|
00001C50  9F 38 6F B9 8D B1 07 34 5C 37 22 2C 0A 14 BF 5C  |.8o....4\7",...\|
00001C60  09 43 09 EF AF 30 07 05 BF D6 AA 85 67 25 00 00  |.C...0......g%..|
00001C70  00 00 12 14 78 7E 9D 1E 23 C7 D3 24 5A 0F 4E BB  |....x~..#..$Z.N.|
00001C80  0E FF E0 E1 FD 9B 80 9E 22 2C 0A 14 05 06 99 A9  |........",......|
00001C90  B1 A6 9A 20 16 95 1F FF 99 F7 C2 F1 00 00 00 00  |... ............|
00001CA0  12 14 1C 5F 79 4C CE 79 13 B9 FD CB F9 9B 0B CD  |..._yL.y........|
00001CB0  31 82 17 E1 37 F1 22 2C 0A 14 DD 81 32 65 82 9B  |1...7.",....2e..|
00001CC0  F6 F9 4B DA F1 6F 9A A5 99 B0 00 00 00 00 12 14  |..K..o..........|
00001CD0  96 58 BC 51 2F 80 E7 50 5A 1F DD D0 7C 2D 12 DE  |.X.Q/..PZ...|-..|
00001CE0  D0 A2 05 73 22 2C 0A 14 CB 51 EC C3 47 AB ED 2B  |...s",...Q..G..+|
00001CF0  B4 5F 9E 3B B5 4D 8C AE 00 00 00 00 12 14 BA 4F  |._.;.M.........O|
00001D00  88 75 FB 1F 5B 9A 90 EC 03 0F 98 F6 80 CC 18 D3  |.u..[...........|
00001D10  8C AB 22 2C 0A 14 16 CC 64 C1 9A B6 4D 75 50 9A  |..",....d...MuP.|
00001D20  8D 8D 40 61 E6 80 00 00 00 00 12 14 67 0A D0 D3  |..@a........g...|
00001D30  7B FC 73 09 7D EF 78 6A 42 EC 20 AE 16 61 AB 07  |{.s.}.xjB. ..a..|
00001D40  22 2C 0A 14 05 06 99 A9 B1 A6 9A 20 14 D3 6E DC  |",......... ..n.|
00001D50  91 2F 63 03 00 00 00 00 12 14 32 9C 33 08 C3 8B  |./c.......2.3...|
00001D60  3C 1C 66 11 75 F8 BA 72 46 A4 E2 98 85 B3 22 2C  |<.f.u..rF.....",|
00001D70  0A 14 EA 4F 3B 70 CC 7C C3 DA 7C 7C 30 2C 3F 72  |...O;p.|..||0,?r|
00001D80  ED 39 00 00 00 00 12 14 72 DA 82 86 51 C7 C9 F8  |.9......r...Q...|
00001D90  94 D0 6C 35 A8 2E 60 7F E8 64 7A F5 22 2C 0A 14  |..l5..`..dz.",..|
00001DA0  05 06 99 A9 B1 A6 9A 20 5E DC E8 43 22 A1 50 56  |....... ^..C".PV|
00001DB0  00 00 00 00 12 14 2C 9B 3E 55 F0 03 74 81 5D 50  |......,.>U..t.]P|
00001DC0  55 4F 8A 90 CE BD 00 27 1D EA 22 2C 0A 14 5D 65  |UO.....'..",..]e|
00001DD0  82 6A C4 33 78 4D FC 4B 4B F6 F8 0E D6 48 00 00  |.j.3xM.KK....H..|
00001DE0  00 00 12 14 9E FF 5A BA 9D 4E 72 88 D5 01 D2 32  |......Z..Nr....2|
00001DF0  98 E2 69 9B 29 A0 EB 69 22 2C 0A 14 7C C8 38 CF  |..i.)..i",..|.8.|
00001E00  6A 7A AC 56 1B 1D 0B 33 AD B9 44 FF 00 00 00 00  |jz.V...3..D.....|
00001E10  12 14 8A 5C A3 7F A7 18 A4 75 F0 46 AA 10 73 72  |...\.....u.F..sr|
00001E20  6E C3 5E BD 47 A2 22 2C 0A 14 5D 65 82 6A C4 33  |n.^.G.",..]e.j.3|
00001E30  78 4D D5 57 B1 6F 37 0A 16 BB 00 00 00 00 12 14  |xM.W.o7.........|
00001E40  34 B8 1E E2 54 37 81 F3 33 E6 20 9F 95 7A 1D 2F  |4...T7..3. ..z./|
00001E50  85 2C D1 88 22 2C 0A 14 CB 51 EC C3 47 AB ED 2B  |.,..",...Q..G..+|
00001E60  34 01 F4 D4 BE 70 FC 56 00 00 00 00 12 14 10 EE  |4....p.V........|
00001E70  C4 C8 81 D4 9E FE E8 5F C9 93 95 55 92 44 D6 56  |......._...U.D.V|
00001E80  63 CA 22 2C 0A 14 7C C8 38 CF 6A 7A AC 56 A5 4F  |c.",..|.8.jz.V.O|
00001E90  CC EE 16 18 03 C8 00 00 00 00 12 14 0B 72 5E C1  |.............r^.|
00001EA0  61 82 3F 3C 01 B0 C3 63 FF D0 75 FC AA BC 7E 29  |a.?<...c..u...~)|
00001EB0  22 2C 0A 14 DD 81 32 65 82 9B F6 F9 C3 ED 4A 0A  |",....2e......J.|
00001EC0  33 14 B0 D3 00 00 00 00 12 14 A8 2C AD 6B B5 EB  |3..........,.k..|
00001ED0  AE B2 72 42 26 4B 47 D4 EC 9B 1C 1C 5C 40 22 2C  |..rB&KG.....\@",|
00001EE0  0A 14 12 26 06 DE 4B C9 67 BA 92 04 7C 7C C0 0A  |...&..K.g...||..|
00001EF0  1E E8 00 00 00 00 12 14 38 F6 80 C0 46 0A 05 06  |........8...F...|
00001F00  55 21 3E C7 D3 35 EF 23 B9 C3 83 4D 22 2C 0A 14  |U!>..5.#...M",..|
00001F10  D4 58 F3 C4 F9 40 63 71 BC 1D 0C 95 CB 23 82 A8  |.X...@cq.....#..|
00001F20  00 00 00 00 12 14 15 38 69 98 13 AD 68 B5 16 F4  |.......8i...h...|
00001F30  97 CA 91 23 E2 5F E1 BA CF E9 22 2C 0A 14 05 06  |...#._....",....|
00001F40  99 A9 B1 A6 9A 20 D1 AA 9E 3E 18 6C D8 2E 00 00  |..... ...>.l....|
00001F50  00 00 12 14 ED 46 7E 1B 13 CB 1F C2 1B D0 C9 8A  |.....F~.........|
00001F60  FB 42 33 BC 7F 46 E6 64 22 2C 0A 14 DD 81 32 65  |.B3..F.d",....2e|
00001F70  82 9B F6 F9 FA E1 40 7C 70 81 CD 47 00 00 00 00  |......@|p..G....|
00001F80  12 14 6F 25 02 30 A7 FC AA 22 56 86 8A 9B 6E 95  |..o%.0..."V...n.|
00001F90  E5 4A 3C 73 20 99 22 2C 0A 14 C8 29 57 0F 72 D6  |.J<s .",...)W.r.|
00001FA0  B8 96 E5 B6 5C FB A8 BD 95 30 00 00 00 00 12 14  |....\....0......|
00001FB0  FA 95 96 A8 AB 3A 02 EB 34 56 8D 47 C8 5E 4C 52  |.....:..4V.G.^LR|
00001FC0  4A 9C B5 45 22 2C 0A 14 02 1E 0C 9E C5 0D 50 A2  |J..E",........P.|
00001FD0  D0 2F 29 64 5E E0 64 6D 00 00 00 00 12 14 7B 5B  |./)d^.dm......{[|
00001FE0  83 0B B2 23 B0 8A E8 B1 52 13 14 7A 7E 32 5F 41  |...#....R..z~2_A|
00001FF0  90 13 22 2C 0A 14 B7 2C 37 52 EF C5 C6 55 C5 73  |..",...,7R...U.s|
00002000  66 07 2A C1 7E 72 00 00 00 00 12 14 56 0E 09 DD  |f.*.~r......V...|
00002010  2A 01 0B 9D 02 62 13 F8 1F E6 CE 05 31 32 42 A5  |*....b......12B.|
00002020  22 2C 0A 14 EF 39 47 05 0F FB 85 FC 1D D2 61 C9  |",...9G.......a.|
00002030  C8 3C 44 21 00 00 00 00 12 14 4F 3E D5 3C F3 F4  |.<D!......O>.<..|
00002040  A6 6A 4E CD 25 6B B8 77 33 A1 AB 0C 47 1F 22 2C  |.jN.%k.w3...G.",|
00002050  0A 14 85 4B B2 47 DA ED 62 22 46 CA C1 E2 78 23  |...K.G..b"F...x#|
00002060  FD 24 00 00 00 00 12 14 30 07 8B F8 79 99 BC 07  |.$......0...y...|
00002070  03 95 0A 04 68 E3 EB 0B B6 1E 8D FC 22 2C 0A 14  |....h.......",..|
00002080  BF 5C 09 43 09 EF AF 30 60 BB C2 B6 23 C7 78 6F  |.\.C...0`...#.xo|
00002090  00 00 00 00 12 14 1A B5 A2 E7 8C 17 3F 1D 32 D8  |............?.2.|
000020A0  CE 52 0D 1B C5 58 A1 3B BD B1 22 2C 0A 14 02 1E  |.R...X.;..",....|
000020B0  0C 9E C5 0D 50 A2 A5 15 1D 4C 43 C5 12 6A 00 00  |....P....LC..j..|
000020C0  00 00 12 14 F3 61 E4 94 CD 75 AD 70 BC F2 C0 71  |.....a...u.p...q|
000020D0  76 B6 56 EE D4 57 EB 9D 22 2C 0A 14 BF 5C 09 43  |v.V..W..",...\.C|
000020E0  09 EF AF 30 65 19 F5 9D EC E9 47 6B 00 00 00 00  |...0e.....Gk....|
000020F0  12 14 B5 50 19 C4 CF 31 06 38 69 35 61 CD 05 C9  |...P...1.8i5a...|
00002100  79 66 E9 81 26 A7 22 2C 0A 14 EA 4F 3B 70 CC 7C  |yf..&.",...O;p.||
00002110  C3 DA 6B 2E EA 3F 03 FB 46 86 00 00 00 00 12 14  |..k..?..F.......|
00002120  43 E1 56 EA CB 84 E4 BA B6 C0 02 4F FF 5F 18 C0  |C.V........O._..|
00002130  E9 A7 D1 BE 22 2C 0A 14 D4 58 F3 C4 F9 40 63 71  |....",...X...@cq|
00002140  CD 65 F9 28 82 2D D6 31 00 00 00 00 12 14 49 14  |.e.(.-.1......I.|
00002150  CE E2 AF 41 92 11 52 BD 6D 63 5F BE CA 3D CA 80  |...A..R.mc_..=..|
00002160  3E 71 22 2C 0A 14 08 85 62 69 1C 5E BE 34 5E 23  |>q",....bi.^.4^#|
00002170  F0 9B AB A5 BB C5 00 00 00 00 12 14 52 80 D9 89  |............R...|
00002180  26 62 33 ED 2D 68 45 BC 35 6A 89 DB 73 7F 06 8D  |&b3.-hE.5j..s...|
00002190  22 2C 0A 14 EA 4F 3B 70 CC 7C C3 DA E5 47 FE 03  |",...O;p.|...G..|
000021A0  FF E6 5D 77 00 00 00 00 12 14 B3 DA FD CD C7 46  |..]w...........F|
000021B0  78 F6 CA E4 85 EC 81 5D 1D 5B 35 F7 65 32 22 2C  |x......].[5.e2",|
000021C0  0A 14 7C C8 38 CF 6A 7A AC 56 A1 A9 8F 14 44 A4  |..|.8.jz.V....D.|
000021D0  B0 28 00 00 00 00 12 14 CE CD 95 E6 E3 91 5F D1  |.(............_.|
000021E0  AA 63 B9 0E E7 72 67 91 F7 87 1C A5 22 2C 0A 14  |.c...rg.....",..|
000021F0  05 06 99 A9 B1 A6 9A 20 C5 46 3D 15 84 CB 8A 27  |....... .F=....'|
00002200  00 00 00 00 12 14 FF 58 9A B3 A2 AD 6F 32 38 9D  |.......X....o28.|
00002210  BF 5A 5B 13 58 69 FB 5F 87 50 22 2C 0A 14 85 4B  |.Z[.Xi._.P",...K|
00002220  B2 47 DA ED 62 22 C6 BB 7E 8C C3 24 A5 C3 00 00  |.G..b"..~..$....|
00002230  00 00 12 14 24 E8 B1 71 4E 95 81 63 6D E2 94 4C  |....$..qN..cm..L|
00002240  D9 E3 E2 EC B2 A3 6C 65 22 2C 0A 14 BF 5C 09 43  |......le",...\.C|
00002250  09 EF AF 30 D1 E3 39 16 F1 73 99 92 00 00 00 00  |...0..9..s......|
00002260  12 14 4A 72 BE 21 38 52 26 86 98 E8 80 8F CD A7  |..Jr.!8R&.......|
00002270  FC B0 3A 3A FF 87 22 2C 0A 14 00 C1 85 7A E2 B9  |..::..",.....z..|
00002280  04 AA 0C FD 42 E7 2B D7 94 81 00 00 00 00 12 14  |....B.+.........|
00002290  83 C6 A0 78 4A 5B 49 CF FD 33 DB D7 20 85 16 78  |...xJ[I..3.. ..x|
000022A0  CA A2 EE 7A 22 2C 0A 14 90 3A 66 D5 D4 D2 6E B9  |...z",...:f...n.|
000022B0  BC A4 D9 BF 51 F3 B3 77 00 00 00 00 12 14 F9 0C  |....Q..w........|
000022C0  B7 6B 31 31 9F 1B D6 CB BD 3B AB EA B6 D1 55 B0  |.k11.....;....U.|
000022D0  10 A7 22 2C 0A 14 EF 39 47 05 0F FB 85 FC BE 27  |..",...9G......'|
000022E0  0D 1F 07 DC C8 BC 00 00 00 00 12 14 4F E5 27 19  |............O.'.|
000022F0  2E 63 C0 3D C6 D5 61 04 EA D8 0D 69 37 66 85 85  |.c.=..a....i7f..|
00002300  22 2C 0A 14 05 06 99 A9 B1 A6 9A 20 79 74 BF 72  |",......... yt.r|
00002310  00 0B 27 8E 00 00 00 00 12 14 AF FF E3 D5 A9 38  |..'............8|
00002320  D6 A8 AD CC 84 2C 89 B4 ED C3 C1 0F 5D 2E 22 2C  |.....,......].",|
00002330  0A 14 0E B6 A2 A9 05 44 C4 33 CC 1F B2 A6 55 A7  |.......D.3....U.|
00002340  05 BD 00 00 00 00 12 14 1D DD 4D 9A 2A 07 80 46  |..........M.*..F|
00002350  AE B5 04 FC 70 7D EC EE EA 0E 5D 25 22 2C 0A 14  |....p}....]%",..|
00002360  C7 08 52 EC CE 2E FD 21 F3 59 47 0F 9B 58 8E F8  |..R....!.YG..X..|
00002370  00 00 00 00 12 14 FE A2 DE CA 6B 0E 64 59 12 0C  |..........k.dY..|
00002380  ED A4 B7 54 2B 7D 62 C0 DC 97 22 2C 0A 14 C7 08  |...T+}b...",....|
00002390  52 EC CE 2E FD 21 03 E6 5C 62 7E 32 09 E1 00 00  |R....!..\b~2....|
000023A0  00 00 12 14 13 A0 34 3A 2E B3 D9 17 56 5A F0 FB  |......4:....VZ..|
000023B0  17 39 C3 BC 4A 26 70 9C 22 2C 0A 14 EC 34 78 18  |.9..J&p.",...4x.|
000023C0  CA 36 E9 EC D7 CD 1F D5 E2 E1 E1 7B 00 00 00 00  |.6.........{....|
000023D0  12 14 39 91 66 A8 63 49 90 E0 91 33 55 89 4A C1  |..9.f.cI...3U.J.|
000023E0  A5 62 06 45 3E F9 22 2C 0A 14 B9 6C E3 AE 86 39  |.b.E>.",...l...9|
000023F0  0A 5C 50 F6 F8 F0 EB DF BD EA 00 00 00 00 12 14  |.\P.............|
00002400  4B D4 F4 A5 08 6C 47 CA EC 8A EC 74 E7 B6 20 3C  |K....lG....t.. <|
00002410  C9 DC 7E CB 22 2C 0A 14 EE F0 BC FA AD EB C3 C5  |..~.",..........|
00002420  B5 F8 75 C4 C4 3A E9 F4 00 00 00 00 12 14 AB C1  |..u..:..........|
00002430  7D E3 C6 3A F6 6F D8 33 45 A3 40 C3 46 20 0F 86  |}..:.o.3E.@.F ..|
00002440  99 6F 22 2C 0A 14 19 CA C0 54 41 C7 38 52 49 9B  |.o",.....TA.8RI.|
00002450  6E 83 E7 DC DA 32 00 00 00 00 12 14 85 20 FB 83  |n....2....... ..|
00002460  12 1B EC 33 11 5C 85 2E 3C 2C 5B 21 9A 98 F1 EE  |...3.\..<,[!....|
00002470  22 2C 0A 14 80 BC 35 84 6E 4C D4 3E 46 25 03 94  |",....5.nL.>F%..|
00002480  69 1B 64 DD 00 00 00 00 12 14 17 D5 31 F0 C9 AF  |i.d.........1...|
00002490  D9 1C 66 E9 31 2A DB 0C E5 4A 24 27 93 8F 22 2C  |..f.1*...J$'..",|
000024A0  0A 14 00 78 BB C9 22 04 D5 FD 09 CB 51 66 43 94  |...x..".....QfC.|
000024B0  CD C3 00 00 00 00 12 14 D9 C6 1D FE B2 C4 D6 30  |...............0|
000024C0  2B 51 40 95 E0 B8 CE 03 4B 88 F7 EF 22 2C 0A 14  |+Q@.....K...",..|
000024D0  3A 8C 9A C9 7F 27 84 32 9C 3B 39 98 1B A1 B1 D1  |:....'.2.;9.....|
000024E0  00 00 00 00 12 14 B5 37 E0 07 3B 83 B6 67 43 6E  |.......7..;..gCn|
000024F0  34 11 3B 8E A8 B6 B5 5D A7 77 22 2C 0A 14 3A 8C  |4.;....].w",..:.|
00002500  9A C9 7F 27 84 32 45 D1 6F 7F 79 5C 88 39 00 00  |...'.2E.o.y\.9..|
00002510  00 00 12 14 D3 B1 F5 6D B0 6B FF 17 2F 6F C0 3F  |.......m.k../o.?|
00002520  8D AA 91 75 7C 07 35 E4 22 2C 0A 14 80 BC 35 84  |...u|.5.",....5.|
00002530  6E 4C D4 3E 5F E5 63 F6 65 63 D7 52 00 00 00 00  |nL.>_.c.ec.R....|
00002540  12 14 C4 6B 4C C7 EE 9B A0 C0 47 A4 3C 84 FB 38  |...kL.....G.<..8|
00002550  19 8E B2 AB 45 86 22 2C 0A 14 00 78 BB C9 22 04  |....E.",...x..".|
00002560  D5 FD 86 DF 3D 51 CD 25 8B 1F 00 00 00 00 12 14  |....=Q.%........|
00002570  02 FC 82 BC 8C A4 74 31 1F 12 F0 32 94 96 0E AD  |......t1...2....|
00002580  DF 83 0C 5B 22 2C 0A 14 2B 08 9B A6 40 86 CE B7  |...[",..+...@...|
00002590  F8 16 A7 1A BE EE FC AB 00 00 00 00 12 14 CC 67  |...............g|
000025A0  38 92 83 F2 64 33 37 2B 00 40 31 01 D6 BF E4 9A  |8...d37+.@1.....|
000025B0  94 3C 22 2C 0A 14 25 45 A5 1B 1C D3 AB C6 5C C9  |.<",..%E......\.|
000025C0  1C A5 04 E1 68 23 00 00 00 00 12 14 AF 9C 3C 43  |....h#........<C|
000025D0  72 37 B0 48 16 2E 73 35 8B B0 89 3E 93 63 E0 F8  |r7.H..s5...>.c..|
000025E0  22 2C 0A 14 DD 81 32 65 82 9B F6 F9 DE 14 D9 29  |",....2e.......)|
000025F0  E8 21 99 F8 00 00 00 00 12 14 96 76 59 E2 07 D9  |.!.........vY...|
00002600  D0 97 A5 19 7C 01 25 2F 28 B5 7D DB C9 7E 22 2C  |....|.%/(.}..~",|
00002610  0A 14 08 99 A7 91 C1 F4 64 26 D1 D9 4B 04 68 BE  |........d&..K.h.|
00002620  43 1B 00 00 00 00 12 14 06 DE DC 5F DA 90 5F 4D  |C.........._.._M|
00002630  8B F2 4D 6B 81 68 48 C8 89 71 85 0C 22 2C 0A 14  |..Mk.hH..q..",..|
00002640  E3 DC C3 2B 42 C0 E3 A7 9B 5C 35 82 46 F9 BC 2C  |...+B....\5.F..,|
00002650  00 00 00 00 12 14 39 58 42 1D 6E 9E C6 1B 16 AC  |......9XB.n.....|
00002660  F2 7A C5 39 CB A4 0B A5 4B 11 22 2C 0A 14 EA 4F  |.z.9....K.",...O|
00002670  3B 70 CC 7C C3 DA 54 B2 A0 FB 61 94 68 FD 00 00  |;p.|..T...a.h...|
00002680  00 00 12 14 0A BE D2 08 AD 09 8A 8B E4 92 2F 3A  |............../:|
00002690  81 A1 7B 51 41 4C C6 7C 22 2C 0A 14 3C 4D CB 0E  |..{QAL.|",..<M..|
000026A0  83 8A A0 59 6B 3E 87 C1 68 7B 29 7D 00 00 00 00  |...Yk>..h{)}....|
000026B0  12 14 4E 6F 68 4E A1 49 A9 31 F4 C3 D0 A0 4A C8  |..NohN.I.1....J.|
000026C0  B2 7C 0E 91 C4 A1 22 2C 0A 14 90 3A 66 D5 D4 D2  |.|....",...:f...|
000026D0  6E B9 11 81 0E 9F 07 83 7A 44 00 00 00 00 12 14  |n.......zD......|
000026E0  EC F8 87 C3 02 62 6B F5 64 7E 00 8D 6B 87 8F 0D  |.....bk.d~..k...|
000026F0  3A C7 68 96 22 2C 0A 14 B9 6C E3 AE 86 39 0A 5C  |:.h.",...l...9.\|
00002700  B8 D5 66 26 91 5E F4 DF 00 00 00 00 12 14 BA FF  |..f&.^..........|
00002710  BB 76 B2 83 81 9D 3A F2 F1 87 1E 9B 59 A3 A2 34  |.v....:.....Y..4|
00002720  C7 3F 22 2C 0A 14 05 06 99 A9 B1 A6 9A 20 7E D1  |.?",......... ~.|
00002730  16 B5 84 03 C8 44 00 00 00 00 12 14 E9 39 55 12  |.....D.......9U.|
00002740  2F 56 F5 58 50 C2 E2 EB E1 1A 5A C7 09 D7 37 C2  |/V.XP.....Z...7.|
00002750  22 2C 0A 14 45 F7 2F 4C E9 32 A2 70 E6 1B 95 8A  |",..E./L.2.p....|
00002760  24 F3 AF 4C 00 00 00 00 12 14 D6 65 53 8B CB BF  |$..L.......eS...|
00002770  55 77 2D CE 71 FB 49 0A 3E C3 7B 6B 54 7F 22 2C  |Uw-.q.I.>.{kT.",|
00002780  0A 14 7C C8 38 CF 6A 7A AC 56 C2 12 EF 60 3B 4C  |..|.8.jz.V...`;L|
00002790  D7 B1 00 00 00 00 12 14 CF 10 D2 76 4A E5 DB 30  |...........vJ..0|
000027A0  53 D6 C3 82 4A 78 40 87 08 13 DF B5 22 2C 0A 14  |S...Jx@.....",..|
000027B0  EA 4F 3B 70 CC 7C C3 DA 74 26 5D F0 C5 12 21 D8  |.O;p.|..t&]...!.|
000027C0  00 00 00 00 12 14 B3 6E 1B 70 47 F9 4D 7D FD BE  |.......n.pG.M}..|
000027D0  66 05 C0 F4 7D 27 42 68 4D AD 22 2C 0A 14 34 0A  |f...}'BhM.",..4.|
000027E0  4D 01 49 19 C2 05 62 C4 20 5B 43 8D CA 2E 00 00  |M.I...b. [C.....|
000027F0  00 00 12 14 19 2C 2C 36 07 E2 C3 A6 73 27 24 43  |.....,,6....s'$C|
00002800  1D FC A2 CC FA 15 F7 C4 22 2C 0A 14 3B D4 1D AE  |........",..;...|
00002810  15 75 3D 51 42 50 3E 3B 9F 94 2D 39 00 00 00 00  |.u=QBP>;..-9....|
00002820  12 14 5D B3 38 33 93 29 BA D8 2E 52 8E 61 55 AD  |..].83.)...R.aU.|
00002830  E2 A5 92 A8 51 52 22 2C 0A 14 D4 58 F3 C4 F9 40  |....QR",...X...@|
00002840  63 71 94 DE 8F C8 5C 0E 6B B2 00 00 00 00 12 14  |cq....\.k.......|
00002850  9F 13 54 6C E9 88 47 82 F9 EC BC 56 77 95 BC 58  |..Tl..G....Vw..X|
00002860  F2 68 09 1B 22 2C 0A 14 25 45 A5 1B 1C D3 AB C6  |.h..",..%E......|
00002870  69 8A 74 CC EA 1D 8F 33 00 00 00 00 12 14 F0 51  |i.t....3.......Q|
00002880  AE BF 15 5B 25 BB 86 50 A3 8F 08 F2 88 6F 88 6A  |...[%..P.....o.j|
00002890  0B 40 22 2C 0A 14 49 62 8A AE 49 08 BE 63 83 B4  |.@",..Ib..I..c..|
000028A0  65 45 D5 7E 8C 82 00 00 00 00 12 14 40 22 CC DE  |eE.~........@"..|
000028B0  22 FE 10 CD 7F 84 74 2F 71 43 EA 6F 27 BF 1E F3  |".....t/qC.o'...|
000028C0  22 2C 0A 14 5D 65 82 6A C4 33 78 4D B6 FF 45 0E  |",..]e.j.3xM..E.|
000028D0  AF 7D 23 E6 00 00 00 00 12 14 9B 9D E3 97 EC 18  |.}#.............|
000028E0  80 31 E1 56 2D BC 37 40 4B 4A A0 19 48 63 22 2C  |.1.V-.7@KJ..Hc",|
000028F0  0A 14 6B F4 72 12 A6 15 BB 2A 04 6A 4C 9F DC 98  |..k.r....*.jL...|
00002900  34 6F 00 00 00 00 12 14 19 AE 24 DA BB 07 F3 94  |4o........$.....|
00002910  AF 1C F4 6E C4 15 A2 C4 4F D3 D4 64 22 2C 0A 14  |...n....O..d",..|
00002920  34 0A 4D 01 49 19 C2 05 79 DC 24 C8 56 C2 81 31  |4.M.I...y.$.V..1|
00002930  00 00 00 00 12 14 AD C1 47 62 68 B9 F7 4B 3E 5C  |........Gbh..K>\|
00002940  DE 92 4F F8 BE 5E 68 B1 45 CB 22 2C 0A 14 B7 17  |..O..^h.E.",....|
00002950  53 BA 8D 8C FD 7D 72 B6 C2 F7 44 D4 A7 86 00 00  |S....}r...D.....|
00002960  00 00 12 14 91 6E 31 D0 53 66 13 33 39 FA C3 AA  |.....n1.Sf.39...|
00002970  C3 DE 3F F9 03 BD 88 BD 22 2C 0A 14 BF 5C 09 43  |..?.....",...\.C|
00002980  09 EF AF 30 EC C2 81 FF 5F 32 87 22 00 00 00 00  |...0...._2."....|
00002990  12 14 72 2F 28 57 B4 91 52 7B 70 69 7A 91 35 B9  |..r/(W..R{piz.5.|
000029A0  04 EE 1F 78 28 AF 22 2C 0A 14 D4 58 F3 C4 F9 40  |...x(.",...X...@|
000029B0  63 71 F2 BA 0C 6C BB 82 FB 3D 00 00 00 00 12 14  |cq...l...=......|
000029C0  05 D0 05 4F 9C 96 7E 8D 03 E6 88 A9 26 3B F3 EA  |...O..~.....&;..|
000029D0  EB 4B B8 DA 22 2C 0A 14 F2 20 D7 07 43 CA 28 69  |.K..",... ..C.(i|
000029E0  9C 14 04 BF 08 6A 36 BB 00 00 00 00 12 14 19 AA  |.....j6.........|
000029F0  5C 5C 36 3F 99 AE C5 F8 AB 96 81 75 6D 73 BD 79  |\\6?.......ums.y|
00002A00  B7 9E 22 2C 0A 14 BF 5C 09 43 09 EF AF 30 5A 95  |..",...\.C...0Z.|
00002A10  04 02 9A B9 6A F9 00 00 00 00 12 14 C1 6E E6 69  |....j........n.i|
00002A20  3E 02 6A C1 72 05 88 D9 14 1C F2 E9 A6 56 29 30  |>.j.r........V)0|
00002A30  22 2C 0A 14 C8 46 1F 52 40 9C A2 95 14 8E 59 3C  |",...F.R@.....Y<|
00002A40  23 BB F7 88 00 00 00 00 12 14 E7 28 78 08 D3 02  |#..........(x...|
00002A50  90 22 35 BC 7A 30 79 DD 5D CB C2 94 64 0D 22 2C  |."5.z0y.]...d.",|
00002A60  0A 14 05 06 99 A9 B1 A6 9A 20 FD 64 78 27 92 65  |......... .dx'.e|
00002A70  A3 F0 00 00 00 00 12 14 96 C2 79 32 EB C3 8C F7  |..........y2....|
00002A80  FB 92 C5 86 6D 8B C7 7F C6 5A 14 A8 22 2C 0A 14  |....m....Z..",..|
00002A90  CB 51 EC C3 47 AB ED 2B E1 B3 F8 CA C9 46 B0 0C  |.Q..G..+.....F..|
00002AA0  00 00 00 00 12 14 47 28 07 CC 83 0A A0 75 27 6D  |......G(.....u'm|
00002AB0  78 0E A2 87 C7 ED 81 3F 91 0B 22 2C 0A 14 7D FE  |x......?..",..}.|
00002AC0  EC 55 45 E8 2E AA 72 84 38 03 21 DE 4B 6D 00 00  |.UE...r.8.!.Km..|
00002AD0  00 00 12 14 15 6E 34 A0 8B BD 64 76 58 11 FE C2  |.....n4...dvX...|
00002AE0  A4 55 11 39 CC CD E5 EB 22 2C 0A 14 F2 20 D7 07  |.U.9....",... ..|
00002AF0  43 CA 28 69 82 3B 40 4A D3 E2 49 92 00 00 00 00  |C.(i.;@J..I.....|
00002B00  12 14 75 C3 3C D2 E4 26 5E 81 D3 40 6C AE 59 47  |..u.<..&^..@l.YG|
00002B10  98 EB 04 E7 CD 9C 22 2C 0A 14 B9 6C E3 AE 86 39  |......",...l...9|
00002B20  0A 5C 67 AA 96 37 10 0E F3 1F 00 00 00 00 12 14  |.\g..7..........|
00002B30  F9 7F 1A E3 05 56 81 ED 00 5E A9 1C 7D EF C8 67  |.....V...^..}..g|
00002B40  0C 94 C9 80 22 2C 0A 14 45 F7 2F 4C E9 32 A2 70  |....",..E./L.2.p|
00002B50  F8 1F CF EA 9F E3 F7 13 00 00 00 00 12 14 F0 49  |...............I|
00002B60  59 CE EB DF D5 D8 10 8D 09 DA 33 DD 3B C9 E5 5B  |Y.........3.;..[|
00002B70  CB 26 22 2C 0A 14 F2 20 D7 07 43 CA 28 69 13 86  |.&",... ..C.(i..|
00002B80  85 DC B9 13 E1 DB 00 00 00 00 12 14 4E 4C 77 94  |............NLw.|
00002B90  55 C8 9A B5 FA DB 26 F7 8F 95 0E 65 4B 3F 2A 01  |U.....&....eK?*.|
00002BA0  22 2C 0A 14 05 06 99 A9 B1 A6 9A 20 E9 16 B0 0A  |",......... ....|
00002BB0  4E F6 3F BC 00 00 00 00 12 14 53 76 C2 45 77 91  |N.?.......Sv.Ew.|
00002BC0  7E 90 D7 03 C0 83 9E FA 49 F0 FE 4C E5 70 22 2C  |~.......I..L.p",|
00002BD0  0A 14 1D 84 D3 C1 D0 8B DF 8B 9D 00 A4 F9 0F 4E  |...............N|
00002BE0  A8 A0 00 00 00 00 12 14 33 8A C7 4D 5C BB 80 68  |........3..M\..h|
00002BF0  31 56 D4 DF 73 28 8F AA 81 9E 0D A3 22 2C 0A 14  |1V..s(......",..|
00002C00  3B D4 1D AE 15 75 3D 51 06 A8 3B 02 58 BC 7E D1  |;....u=Q..;.X.~.|
00002C10  00 00 00 00 12 14 9C D6 52 1E 82 42 3E 11 89 8F  |........R..B>...|
00002C20  80 12 94 AE 19 15 6B B1 7F 03 22 2C 0A 14 02 1E  |......k...",....|
00002C30  0C 9E C5 0D 50 A2 AF A5 CE 74 F9 E2 D9 27 00 00  |....P....t...'..|
00002C40  00 00 12 14 49 68 27 F8 AC DE 5E 6D 0D EA B2 DB  |....Ih'...^m....|
00002C50  7A CA C8 63 28 3A 9D FE 22 2C 0A 14 EA 4F 3B 70  |z..c(:..",...O;p|
00002C60  CC 7C C3 DA CB 0A 10 F6 AB 05 E3 B6 00 00 00 00  |.|..............|
00002C70  12 14 5E E0 38 08 EA 0F 91 E2 90 92 E0 66 8F F5  |..^.8........f..|
00002C80  51 4A 55 FF 8B 30 22 2C 0A 14 2B 08 9B A6 40 86  |QJU..0",..+...@.|
00002C90  CE B7 E8 A5 EB C9 14 1C AB 52 00 00 00 00 12 14  |.........R......|
00002CA0  F1 0F 4C E8 2F 8D 4B B1 B3 B7 9A A4 A5 95 9F 26  |..L./.K........&|
00002CB0  2E 80 05 14 22 2C 0A 14 35 27 0E D2 01 AB 05 76  |....",..5'.....v|
00002CC0  C0 C6 E0 8A 11 E7 FA AA 00 00 00 00 12 14 A9 73  |...............s|
00002CD0  A2 DC 44 9C 15 62 D7 90 D9 1C 4E C0 1B 78 4A 72  |..D..b....N..xJr|
00002CE0  9D 2B 22 2C 0A 14 F6 A0 E4 D8 E4 15 DC 0A F0 AD  |.+",............|
00002CF0  60 E9 85 8C 0E 6D 00 00 00 00 12 14 84 E0 6B E6  |`....m........k.|
00002D00  A3 4F 3F FA 8A D7 AE C7 21 35 C5 C0 29 C4 CF 3E  |.O?.....!5..)..>|
00002D10  22 2C 0A 14 3B D4 1D AE 15 75 3D 51 DF 6B 3C 04  |",..;....u=Q.k<.|
00002D20  60 4A 44 1B 00 00 00 00 12 14 24 5C D0 44 3F 8E  |`JD.......$\.D?.|
00002D30  03 27 1C 52 0E 10 5B 87 DE BE 5B 52 65 ED 22 2C  |.'.R..[...[Re.",|
00002D40  0A 14 85 4B B2 47 DA ED 62 22 2A C6 75 4D 03 3A  |...K.G..b"*.uM.:|
00002D50  62 54 00 00 00 00 12 14 9A 83 9E FB AC 4F D0 A5  |bT...........O..|
00002D60  41 F2 14 04 0F B3 4B 61 94 9E 91 46 22 2C 0A 14  |A.....Ka...F",..|
00002D70  19 CA C0 54 41 C7 38 52 D4 0E 26 0B FA 63 95 F3  |...TA.8R..&..c..|
00002D80  00 00 00 00 12 14 61 DF 8D 08 10 C8 11 4B E2 CF  |......a......K..|
00002D90  74 7F 4A 4A 4C 36 7E C8 3D 86 22 2C 0A 14 87 F5  |t.JJL6~.=.",....|
00002DA0  AD BE 85 8C 34 DE 64 BF 9C 0B 53 F5 5B 40 00 00  |....4.d...S.[@..|
00002DB0  00 00 12 14 45 CB C0 3E C7 C5 06 3A A0 93 29 86  |....E..>...:..).|
00002DC0  06 E6 FE D2 5F 1B 8E 39 22 2C 0A 14 85 F8 12 9A  |...._..9",......|
00002DD0  54 85 45 1A 86 43 C5 89 49 97 F8 73 00 00 00 00  |T.E..C..I..s....|
00002DE0  12 14 3D 8F 05 C4 22 70 0E BE C7 80 D0 AE E0 33  |..=..."p.......3|
00002DF0  5F A2 DA EC C6 F3 22 2C 0A 14 BC 18 37 69 13 62  |_.....",....7i.b|
00002E00  BD 13 AD A2 F1 CA B0 DC 45 C5 00 00 00 00 12 14  |........E.......|
00002E10  4D 9A 91 3E D1 A5 A7 B3 81 5E 2D BB 56 4B 5D B0  |M..>.....^-.VK].|
00002E20  7C 67 E3 2E 22 2C 0A 14 FA A4 98 26 BA A1 23 20  ||g..",.....&..# |
00002E30  A2 78 5B F4 AB E8 B1 71 00 00 00 00 12 14 56 25  |.x[....q......V%|
00002E40  28 43 65 F0 F4 46 E8 D8 2C F5 6E 6F 73 71 4E 24  |(Ce..F..,.nosqN$|
00002E50  5D DB 22 2C 0A 14 C8 46 1F 52 40 9C A2 95 BD 9F  |].",...F.R@.....|
00002E60  80 C2 C1 12 A9 3F 00 00 00 00 12 14 5C B7 12 A8  |.....?......\...|
00002E70  19 E1 0C AF 7C F9 31 10 26 D3 F7 4B 46 FC 5F C7  |....|.1.&..KF._.|
00002E80  22 2C 0A 14 19 CA C0 54 41 C7 38 52 08 80 84 C7  |",.....TA.8R....|
00002E90  85 81 82 93 00 00 00 00 12 14 45 5A 13 C6 65 5E  |..........EZ..e^|
00002EA0  DE 8B 04 47 8B DA AD 04 4A 39 FC B4 2B 49 22 2C  |...G....J9..+I",|
00002EB0  0A 14 CC B6 B6 CB B5 F9 74 D1 5F EA 6A 5E D8 A2  |........t._.j^..|
00002EC0  2A 34 00 00 00 00 12 14 A8 A4 4A 72 6B EC 3D CA  |*4........Jrk.=.|
00002ED0  80 42 D9 11 36 44 7C 50 AE CC C3 20 22 2C 0A 14  |.B..6D|P... ",..|
00002EE0  85 4B B2 47 DA ED 62 22 65 07 E6 1A C3 A5 66 7C  |.K.G..b"e.....f||
00002EF0  00 00 00 00 12 14 CF 1C 69 D6 72 2B 8F B0 45 68  |........i.r+..Eh|
00002F00  4F 07 3D 2A 41 F4 3C D3 CD BA 22 2C 0A 14 EF 39  |O.=*A.<...",...9|
00002F10  47 05 0F FB 85 FC E3 51 58 C5 6F 22 A0 97 00 00  |G......QX.o"....|
00002F20  00 00 12 14 36 DD CB AC 70 96 1B 83 78 6F F7 A3  |....6...p...xo..|
00002F30  AD 30 07 CA B0 90 1D AE 22 2C 0A 14 3A 8C 9A C9  |.0......",..:...|
00002F40  7F 27 84 32 E1 42 A4 A9 0D 8E F3 FF 00 00 00 00  |.'.2.B..........|
00002F50  12 14 D9 11 A4 63 69 3A 84 02 25 2D 7F 15 DA 5B  |.....ci:..%-...[|
00002F60  D4 AE 09 69 BE 1C 22 2C 0A 14 0E 8B 31 0B 2E A8  |...i..",....1...|
00002F70  42 41 2A 50 CD BD E6 AA 3D 4E 00 00 00 00 12 14  |BA*P....=N......|
00002F80  36 A6 5A 8A E1 E1 66 2B 37 77 54 CD A5 DD AB 06  |6.Z...f+7wT.....|
00002F90  A0 D0 0C F9 22 2C 0A 14 51 09 77 FD A5 B8 BA 48  |....",..Q.w....H|
00002FA0  4D E8 AC DD 46 28 81 72 00 00 00 00 12 14 80 D0  |M...F(.r........|
00002FB0  DF 93 EF DF BC 2C DF 77 59 C1 B7 56 E8 2B 79 C5  |.....,.wY..V.+y.|
00002FC0  98 DF 22 2C 0A 14 51 09 77 FD A5 B8 BA 48 27 18  |..",..Q.w....H'.|
00002FD0  01 B2 DA 6A FF 31 00 00 00 00 12 14 9A 72 29 2C  |...j.1.......r),|
00002FE0  BB D9 8D C5 54 A6 AD 48 A9 2E 94 8D D4 1A B2 59  |....T..H.......Y|
00002FF0  22 2C 0A 14 19 CA C0 54 41 C7 38 52 E3 BC 8E 10  |",.....TA.8R....|
00003000  17 16 36 A4 00 00 00 00 12 14 08 7F 63 A7 A4 D9  |..6.........c...|
00003010  57 C1 B9 85 0A B4 62 B2 31 63 1C D0 88 D7 22 2C  |W.....b.1c....",|
00003020  0A 14 19 CA C0 54 41 C7 38 52 03 99 70 75 8F A5  |.....TA.8R..pu..|
00003030  0B 18 00 00 00 00 12 14 C0 F9 92 3C AD 49 EF 35  |...........<.I.5|
00003040  4A 4A 10 70 2A 9E 42 49 67 3F 7F CD 22 2C 0A 14  |JJ.p*.BIg?..",..|
00003050  2B 08 9B A6 40 86 CE B7 4B FD 34 B8 18 46 C1 63  |+...@...K.4..F.c|
00003060  00 00 00 00 12 14 6B B2 1B 40 E2 0F C5 2D 9B 6D  |......k..@...-.m|
00003070  8F 9E 48 36 FE E5 E0 0C 78 F9 22 2C 0A 14 EA 4F  |..H6....x.",...O|
00003080  3B 70 CC 7C C3 DA D8 1F 5A ED 92 89 A3 3E 00 00  |;p.|....Z....>..|
00003090  00 00 12 14 6C 29 14 B2 FF B9 C9 85 2B 44 3B 8A  |....l)......+D;.|
000030A0  D2 B4 D8 72 B7 8D 07 AE 22 2C 0A 14 2B 08 9B A6  |...r....",..+...|
000030B0  40 86 CE B7 0E 77 AF 55 B1 3A 66 9D 00 00 00 00  |@....w.U.:f.....|
000030C0  12 14 AC 65 97 40 73 1E 42 75 66 F8 F6 E2 19 01  |...e.@s.Buf.....|
000030D0  35 0C B2 7F 30 84 22 2C 0A 14 3A 8C 9A C9 7F 27  |5...0.",..:....'|
000030E0  84 32 CF CB 6F 19 03 C3 AA 6C 00 00 00 00 12 14  |.2..o....l......|
000030F0  A2 BC FD 2D A1 29 73 70 B0 A6 58 AD 11 57 CE 2E  |...-.)sp..X..W..|
00003100  27 35 4F F7 22 2C 0A 14 BF 31 9C 95 18 D5 F4 55  |'5O.",...1.....U|
00003110  AE 0B F4 13 70 FA F3 77 00 00 00 00 12 14 E5 94  |....p..w........|
00003120  83 A6 AA 31 D0 F4 87 27 F9 18 37 46 E1 5C 5A D0  |...1...'..7F.\Z.|
00003130  EC 96 22 2C 0A 14 EA 4F 3B 70 CC 7C C3 DA EE C9  |..",...O;p.|....|
00003140  4C F0 BB DE 56 18 00 00 00 00 12 14 29 55 9B 72  |L...V.......)U.r|
00003150  58 77 A9 8A FA E0 CE 74 CD 44 67 6B 7D FC 03 52  |Xw.....t.Dgk}..R|
00003160  22 2C 0A 14 B4 92 AD 7A 8F A5 58 02 29 20 B4 C7  |",.....z..X.) ..|
00003170  C5 A4 9C B7 00 00 00 00 12 14 88 E4 8C FF 33 92  |..............3.|
00003180  7D 71 42 11 6E C4 85 02 6C 87 94 64 BA 39 22 2C  |}qB.n...l..d.9",|
00003190  0A 14 CD 48 DD 1F 9F 48 7F E5 C7 CF B9 D4 E2 DB  |...H...H........|
000031A0  F4 C8 00 00 00 00 12 14 E3 B0 46 AB F9 BC 23 E7  |..........F...#.|
000031B0  78 24 9E 80 9F 8E 5F 06 1B 58 7A 06 22 2C 0A 14  |x$...._..Xz.",..|
000031C0  80 BC 35 84 6E 4C D4 3E 73 B3 9B C1 E6 D0 9B BA  |..5.nL.>s.......|
000031D0  00 00 00 00 12 14 5D F2 1A 25 AD D2 DE 29 A6 6D  |......]..%...).m|
000031E0  AB 55 BB 84 D3 07 81 AC BE AF 22 2C 0A 14 00 E7  |.U........",....|
000031F0  AB 61 BF F6 C0 AC F4 A8 D9 C2 A0 A9 B3 E3 00 00  |.a..............|
00003200  00 00 12 14 12 25 33 D2 87 A5 C9 14 FC 83 EA 8E  |.....%3.........|
00003210  6C 78 DC CE 11 3C 4D 51 22 2C 0A 14 7E 32 C1 CF  |lx...<MQ",..~2..|
00003220  2C 7C EC DD 69 68 84 B0 A7 EA 2F D1 00 00 00 00  |,|..ih..../.....|
00003230  12 14 1F E3 8C 8E 9D C3 DD B0 A5 B5 7E 1A B1 B4  |............~...|
00003240  A7 2C B5 EB F0 0B 22 2C 0A 14 EA 4F 3B 70 CC 7C  |.,....",...O;p.||
00003250  C3 DA AC FF FC E8 D9 C2 02 3F 00 00 00 00 12 14  |.........?......|
00003260  F6 93 C0 12 51 62 20 5B A4 C7 79 FB 81 23 98 A0  |....Qb [..y..#..|
00003270  E5 C2 35 D6 22 2C 0A 14 6E A6 EB 53 EA A7 D4 F1  |..5.",..n..S....|
00003280  67 DD A1 60 61 0B 15 22 00 00 00 00 12 14 1D 62  |g..`a..".......b|
00003290  04 16 04 C0 7A B8 2C 28 6F 86 82 06 BE D0 C3 FC  |....z.,(o.......|
000032A0  9D 35 22 2C 0A 14 CD 48 DD 1F 9F 48 7F E5 40 13  |.5",...H...H..@.|
000032B0  57 FF 5D DB BA 8A 00 00 00 00 12 14 B6 5E AD 0D  |W.]..........^..|
000032C0  11 0B D1 B8 54 C2 81 41 34 A2 34 B9 5D BC 20 21  |....T..A4.4.]. !|
000032D0  22 2C 0A 14 7E 32 C1 CF 2C 7C EC DD 5D 96 EC D2  |",..~2..,|..]...|
000032E0  CD 39 7F 0F 00 00 00 00 12 14 24 13 F7 58 E0 93  |.9........$..X..|
000032F0  9D 9B 31 1F 02 49 39 67 B5 5B 48 F3 0F 61 22 2C  |..1..I9g.[H..a",|
00003300  0A 14 2B 08 9B A6 40 86 CE B7 0A EC 47 DB C1 8C  |..+...@.....G...|
00003310  92 71 00 00 00 00 12 14 C9 09 D1 AA 67 54 AC C6  |.q..........gT..|
00003320  2C 62 BE 19 95 98 5B 0D 46 48 6F 61 22 2C 0A 14  |,b....[.FHoa",..|
00003330  6E 9E F4 D2 96 9A 46 32 C1 71 FB F1 88 D0 F4 06  |n.....F2.q......|
00003340  00 00 00 00 12 14 09 00 0C 9B C2 6E F4 79 4C 50  |...........n.yLP|
00003350  6A CA E7 B6 97 AB 4B 7E 3C CC 22 2C 0A 14 2B 08  |j.....K~<.",..+.|
00003360  9B A6 40 86 CE B7 55 7F 23 D3 D2 7B 6C 33 00 00  |..@...U.#..{l3..|
00003370  00 00 12 14 60 3B EB 95 28 25 D0 28 FC 71 BC 16  |....`;..(%.(.q..|
00003380  C7 A8 F6 B3 46 70 D4 B3 22 2C 0A 14 5C F5 8D 5B  |....Fp..",..\..[|
00003390  60 51 74 40 A1 A8 46 A7 AC CE 4A A8 00 00 00 00  |`Qt@..F...J.....|
000033A0  12 14 42 94 2F D4 BE D5 AA 66 52 8B 7D A6 93 5F  |..B./....fR.}.._|
000033B0  89 23 4B 8A 9E DC 22 2C 0A 14 00 E7 AB 61 BF F6  |.#K...",.....a..|
000033C0  C0 AC 01 22 F9 85 AC D6 37 62 00 00 00 00 12 14  |..."....7b......|
000033D0  EB 45 73 41 18 24 F8 BA 60 68 51 3C F8 5E 4D DB  |.EsA.$..`hQ<.^M.|
000033E0  2E BF 75 1C 22 2C 0A 14 19 CA C0 54 41 C7 38 52  |..u.",.....TA.8R|
000033F0  FD F1 DA E4 EE 09 2A 0B 00 00 00 00 12 14 10 96  |......*.........|
00003400  59 6B F0 3D A4 A0 FF DC CA 4D 35 97 6A C7 6D 75  |Yk.=.....M5.j.mu|
00003410  29 6F 22 2C 0A 14 51 42 08 00 AF F9 2B 0F 4C 20  |)o",..QB....+.L |
00003420  90 3A DE AC 9F C5 00 00 00 00 12 14 6D BD E4 A6  |.:..........m...|
00003430  25 39 C9 76 54 52 3B CE E6 4C 4D 52 18 0E 1A A2  |%9.vTR;..LMR....|
00003440  22 2C 0A 14 2B 08 9B A6 40 86 CE B7 0F 64 57 73  |",..+...@....dWs|
00003450  69 76 AC DE 00 00 00 00 12 14 2F 4D B6 CD 3E EF  |iv......../M..>.|
00003460  FD CB F4 98 0B 9B C0 B3 68 0E 36 FE 9C B6 22 2C  |........h.6...",|
00003470  0A 14 6E A6 EB 53 EA A7 D4 F1 E5 27 A7 F9 A3 7F  |..n..S.....'....|
00003480  B2 FF 00 00 00 00 12 14 A0 BB F1 63 35 8F 3E 46  |...........c5.>F|
00003490  77 08 C3 47 18 92 D0 54 87 A4 2C 4D 22 2C 0A 14  |w..G...T..,M",..|
000034A0  C6 20 F9 78 1A 23 CD AB 44 84 67 4F DD E2 BB A9  |. .x.#..D.gO....|
000034B0  00 00 00 00 12 14 90 81 17 F1 34 07 90 DB FB 39  |..........4....9|
000034C0  44 BE 90 45 7A 02 5F BE 15 0E 22 2C 0A 14 BF 31  |D..Ez._...",...1|
000034D0  9C 95 18 D5 F4 55 C8 E4 08 78 2D 32 38 3D 00 00  |.....U...x-28=..|
000034E0  00 00 12 14 9B 5F 51 35 73 7C 25 2A B6 E0 69 F3  |....._Q5s|%*..i.|
000034F0  AE 22 1D 24 33 E2 D6 80 22 2C 0A 14 EA 4F 3B 70  |.".$3...",...O;p|
00003500  CC 7C C3 DA F3 53 D2 A5 78 BE D4 A4 00 00 00 00  |.|...S..x.......|
00003510  12 14 2F D7 68 B1 36 2B 9A F7 22 50 1A 77 09 0E  |../.h.6+.."P.w..|
00003520  93 3B A4 07 72 BC 22 2C 0A 14 18 8D 33 7C 71 F2  |.;..r.",....3|q.|
00003530  FF F1 BE AF EB 9D C7 42 D6 60 00 00 00 00 12 14  |.......B.`......|
00003540  1F B1 B2 CF AC 7B D3 D2 F8 1C 49 28 20 F9 AB 43  |.....{....I( ..C|
00003550  E5 2B 4C AB 22 2C 0A 14 00 78 BB C9 22 04 D5 FD  |.+L.",...x.."...|
00003560  15 34 57 2B D6 96 7F 93 00 00 00 00 12 14 F4 EE  |.4W+............|
00003570  DE 99 EB 1A 1D 4E 21 66 8C 4D 1B 61 9F CB 9B 19  |.....N!f.M.a....|
00003580  9B 20 22 2C 0A 14 2B 08 9B A6 40 86 CE B7 D4 E3  |. ",..+...@.....|
00003590  89 83 58 64 75 D8 00 00 00 00 12 14 07 90 EB BD  |..Xdu...........|
000035A0  6A 39 AD F5 D1 F8 42 D0 E5 D9 33 2B D3 40 3D 1F  |j9....B...3+.@=.|
000035B0  22 2C 0A 14 2B 08 9B A6 40 86 CE B7 3D F8 B4 91  |",..+...@...=...|
000035C0  DC D5 58 14 00 00 00 00 12 14 DA 16 B6 B0 6A D7  |..X...........j.|
000035D0  A2 AF 03 8F 56 6A 36 63 CD 09 7A 92 EA 35 22 2C  |....Vj6c..z..5",|
000035E0  0A 14 BF 31 9C 95 18 D5 F4 55 7A BD 68 87 6F 16  |...1.....Uz.h.o.|
000035F0  F7 77 00 00 00 00 12 14 E7 B2 78 EF 1A D5 35 E0  |.w........x...5.|
00003600  C5 06 8B 94 DB D0 90 A6 67 CD 41 A0 22 2C 0A 14  |........g.A.",..|
00003610  B4 92 AD 7A 8F A5 58 02 28 9E AD 85 B9 80 3D 95  |...z..X.(.....=.|
00003620  00 00 00 00 12 14 54 65 48 0D 45 FA 07 89 78 DA  |......TeH.E...x.|
00003630  BB 6B 06 39 6C 83 52 B8 58 9C 22 2C 0A 14 16 3C  |.k.9l.R.X.",...<|
00003640  BB 8F 59 93 58 22 05 5B 16 C8 E2 F1 A1 71 00 00  |..Y.X".[.....q..|
00003650  00 00 12 14 C0 E2 18 12 58 B7 73 92 CE F5 E9 99  |........X.s.....|
00003660  5E B1 41 94 DA ED E2 D9 22 2C 0A 14 00 E7 AB 61  |^.A.....",.....a|
00003670  BF F6 C0 AC 57 2F C6 1C E6 47 61 8E 00 00 00 00  |....W/...Ga.....|
00003680  12 14 0F 83 30 B8 1A E6 E7 06 55 F0 69 6F F6 BF  |....0.....U.io..|
00003690  DC 57 15 BA 02 4B 22 2C 0A 14 BC 09 90 D4 49 32  |.W...K",......I2|
000036A0  5D 71 B9 CD 24 C4 5F A4 38 A8 00 00 00 00 12 14  |]q..$._.8.......|
000036B0  E8 23 6E DF 58 E3 AE A1 23 02 63 90 20 18 7A 33  |.#n.X...#.c. .z3|
000036C0  80 C6 32 BB 22 2C 0A 14 ED A7 F7 CB A1 D0 FB 28  |..2.",.........(|
000036D0  93 5F 0B 1F 38 48 A3 46 00 00 00 00 12 14 F8 B6  |._..8H.F........|
000036E0  92 ED C2 84 64 34 C3 9B A3 6D 2A CD 4E 9C 92 2D  |....d4...m*.N..-|
000036F0  0D 20 22 2C 0A 14 BF 31 9C 95 18 D5 F4 55 59 13  |. ",...1.....UY.|
00003700  C4 80 91 3A 92 26 00 00 00 00 12 14 B3 14 5C 48  |...:.&........\H|
00003710  F3 FE AC 24 70 6B 6C 47 93 A0 BB 21 A6 78 62 97  |...$pklG...!.xb.|
00003720  22 2C 0A 14 BC 09 90 D4 49 32 5D 71 DF F0 06 E8  |",......I2]q....|
00003730  82 B6 49 FE 00 00 00 00 12 14 ED 5D 99 A9 7F A5  |..I........]....|
00003740  C2 6D F3 40 B9 B1 BA 50 A8 25 A1 12 6D 29 22 2C  |.m.@...P.%..m)",|
00003750  0A 14 BF 31 9C 95 18 D5 F4 55 F0 44 87 AE EB 76  |...1.....U.D...v|
00003760  4B A0 00 00 00 00 12 14 2D 97 28 B0 44 BE 36 68  |K.......-.(.D.6h|
00003770  05 A7 3F 2A 6A 80 65 8E A3 7B 21 4F 22 2C 0A 14  |..?*j.e..{!O",..|
00003780  16 3C BB 8F 59 93 58 22 DC 94 6C 1C 6B 6E 6B 5C  |.<..Y.X"..l.knk\|
00003790  00 00 00 00 12 14 16 1E 3A 67 95 54 36 94 F4 24  |........:g.T6..$|
000037A0  A6 99 6B C9 74 DF DC A5 34 8A 22 2C 0A 14 BF 31  |..k.t...4.",...1|
000037B0  9C 95 18 D5 F4 55 46 F9 48 76 22 8B 87 3C 00 00  |.....UF.Hv"..<..|
000037C0  00 00 12 14 B9 14 E5 54 DB 3C 3F 73 41 BB D2 06  |.......T.<?sA...|
000037D0  38 04 D6 76 AC E7 9D 8E 22 2C 0A 14 BF 31 9C 95  |8..v....",...1..|
000037E0  18 D5 F4 55 A1 05 50 87 19 06 72 5B 00 00 00 00  |...U..P...r[....|
000037F0  12 14 96 6E 6F BB 60 B2 74 21 FB A6 11 11 A5 B3  |...no.`.t!......|
00003800  72 92 1A AC ED D2 22 2C 0A 14 C5 88 0B FC 6A 35  |r.....",......j5|
00003810  F7 9C 26 BE BE 46 59 F4 81 EB 00 00 00 00 12 14  |..&..FY.........|
00003820  FD A9 40 1E A6 FB 82 39 C2 00 63 B0 9A E3 63 12  |..@....9..c...c.|
00003830  CB A1 1B 24 22 2C 0A 14 81 23 3B 6B 4D AD 24 19  |...$",...#;kM.$.|
00003840  4E 2E 33 95 AC A1 7D 34 00 00 00 00 12 14 2F 69  |N.3...}4....../i|
00003850  34 52 40 D9 11 3B A6 C1 11 21 3C 2D 02 E0 EF 59  |4R@..;...!<-...Y|
00003860  5C 57 22 2C 0A 14 B0 EC 52 EF 47 60 FE 24 DD D8  |\W",....R.G`.$..|
00003870  DA DE 37 5E CA F7 00 00 00 00 12 14 0A 57 01 A1  |..7^.........W..|
00003880  28 EB 7A 7C BC 9D 64 39 63 22 7E 0C 77 76 C3 20  |(.z|..d9c"~.wv. |
00003890  22 2C 0A 14 63 35 3C C5 B7 C0 E8 B8 16 EA FA 5B  |",..c5<........[|
000038A0  38 72 AC 86 00 00 00 00 12 14 93 85 3B E6 45 74  |8r..........;.Et|
000038B0  54 64 CC 64 E6 7B C2 1D 80 87 F6 B6 89 97 22 2C  |Td.d.{........",|
000038C0  0A 14 0E B6 A2 A9 05 44 C4 33 FC 59 0C 06 18 9A  |.......D.3.Y....|
000038D0  14 6C 00 00 00 00 12 14 12 5F 59 DF 35 2E 82 2F  |.l......._Y.5../|
000038E0  07 3C 02 39 F5 83 1B 83 7D 2F 26 FF 22 2C 0A 14  |.<.9....}/&.",..|
000038F0  EA D6 C1 17 5B 76 5F F7 3C D0 26 EE 0D 5C 18 9E  |....[v_.<.&..\..|
00003900  00 00 00 00 12 14 BF 6B FC BC D0 D2 03 6A 60 67  |.......k.....j`g|
00003910  58 22 F8 34 9C 90 B5 51 49 E1 22 2C 0A 14 EA D6  |X".4...QI.",....|
00003920  C1 17 5B 76 5F F7 EA A9 79 10 4E B2 F7 82 00 00  |..[v_...y.N.....|
00003930  00 00 12 14 DE 98 0E 50 2E 3F 0A 52 29 0D 40 94  |.......P.?.R).@.|
00003940  CB FC 8C BE 09 2A D7 A2 22 2C 0A 14 3A EC 4D A6  |.....*..",..:.M.|
00003950  0B 01 C1 88 A3 E6 AE F7 34 FC 6D 25 00 00 00 00  |........4.m%....|
00003960  12 14 B2 0C 7E 68 B0 2E B7 EF 6E 8C 33 76 9A 78  |....~h....n.3v.x|
00003970  2A CC D2 2C EA FF 22 2C 0A 14 F4 4B 5F 4E 9E 73  |*..,..",...K_N.s|
00003980  0E 8F 14 69 2D AE 52 88 5D A7 00 00 00 00 12 14  |...i-.R.].......|
00003990  27 DA 6A D6 FF 04 D2 C2 95 B8 ED 64 C7 C0 87 C9  |'.j........d....|
000039A0  65 39 BA E6 22 2C 0A 14 B0 EC 52 EF 47 60 FE 24  |e9..",....R.G`.$|
000039B0  61 6A B5 1C 3E CE 13 59 00 00 00 00 12 14 E0 0E  |aj..>..Y........|
000039C0  36 3B 47 F6 57 C4 DE B3 5B 10 3A 44 C4 F9 BA F7  |6;G.W...[.:D....|
000039D0  F0 0C 22 2C 0A 14 63 35 3C C5 B7 C0 E8 B8 5B B8  |..",..c5<.....[.|
000039E0  5C 03 82 5F F6 6E 00 00 00 00 12 14 FD 30 00 A7  |\.._.n.......0..|
000039F0  4E E7 E5 8D E8 1B A4 2C BA 83 48 E5 69 C6 B2 A5  |N......,..H.i...|
00003A00  22 2C 0A 14 53 E1 1B B7 2F B0 D8 A9 9A 06 17 87  |",..S.../.......|
00003A10  A1 2C 7D F7 00 00 00 00 12 14 82 0A 20 81 42 64  |.,}......... .Bd|
00003A20  59 58 A3 5D 73 3D B3 DE ED 4A F1 5C 0B DD 22 2C  |YX.]s=...J.\..",|
00003A30  0A 14 B0 EC 52 EF 47 60 FE 24 0E 64 C7 C2 29 8A  |....R.G`.$.d..).|
00003A40  69 23 00 00 00 00 12 14 BF 13 D4 9C 32 95 34 29  |i#..........2.4)|
00003A50  E2 FA AB 40 FC 0B 80 A2 5E 3A 73 31 22 2C 0A 14  |...@....^:s1",..|
00003A60  6A D3 3E 69 8A 49 D7 28 0C 9E 4B 99 F3 CF 94 DF  |j.>i.I.(..K.....|
00003A70  00 00 00 00 12 14 66 FE CD AA 8C 07 14 56 65 D2  |......f......Ve.|
00003A80  66 52 FF B2 35 F0 C5 37 44 37 22 2C 0A 14 9E 70  |fR..5..7D7",...p|
00003A90  B9 BF F6 21 F7 A9 74 62 8C A2 38 72 74 8F 00 00  |...!..tb..8rt...|
00003AA0  00 00 12 14 0D A0 BD 95 C1 F8 65 AC F8 1C 52 60  |..........e...R`|
00003AB0  5A 1A 85 95 46 2B 5C 45 22 2C 0A 14 A1 00 D3 94  |Z...F+\E",......|
00003AC0  82 A5 3B 81 FE FE EC 0C 7A F0 09 BB 00 00 00 00  |..;.....z.......|
00003AD0  12 14 57 DA F1 F8 06 B5 7D 21 1F 58 64 BB 47 64  |..W.....}!.Xd.Gd|
00003AE0  42 A4 D8 F6 89 E3 22 2C 0A 14 DB 85 69 AF 56 88  |B.....",....i.V.|
00003AF0  30 96 F7 68 3B B8 B3 60 CA 9F 00 00 00 00 12 14  |0..h;..`........|
00003B00  88 3C 71 E6 C7 D6 11 57 97 16 0C 47 B0 8A 53 9E  |.<q....W...G..S.|
00003B10  EC 89 56 8E 22 2C 0A 14 3B E1 67 10 28 66 64 CC  |..V.",..;.g.(fd.|
00003B20  CF 57 F1 D6 D2 2C 0E 7D 00 00 00 00 12 14 DA 09  |.W...,.}........|
00003B30  43 19 65 B4 E3 83 91 83 B4 E7 5E 99 5A 3F 49 01  |C.e.......^.Z?I.|
00003B40  23 B8 22 2C 0A 14 63 35 3C C5 B7 C0 E8 B8 8D AE  |#.",..c5<.......|
00003B50  28 91 50 98 CF 5E 00 00 00 00 12 14 95 53 16 DC  |(.P..^.......S..|
00003B60  92 5D 40 07 CC 94 CE 45 FA 41 A4 15 EC 14 6C C1  |.]@....E.A....l.|
00003B70  22 2C 0A 14 90 3A 66 D5 D4 D2 6E B9 33 06 6E 08  |",...:f...n.3.n.|
00003B80  FC DE 48 9B 00 00 00 00 12 14 7C 16 C4 61 8B FB  |..H.......|..a..|
00003B90  FE B6 3F 65 4B 22 3E D3 8A A7 2F 75 94 19 22 2C  |..?eK">.../u..",|
00003BA0  0A 14 C8 29 57 0F 72 D6 B8 96 5D F4 79 61 97 78  |...)W.r...].ya.x|
00003BB0  C9 0F 00 00 00 00 12 14 A7 14 92 10 B0 46 5B 83  |.............F[.|
00003BC0  80 78 58 EB F3 36 81 1B 97 17 23 99 22 2C 0A 14  |.xX..6....#.",..|
00003BD0  19 CA C0 54 41 C7 38 52 4E 7A ED 0E 56 94 8D D0  |...TA.8RNz..V...|
00003BE0  00 00 00 00 12 14 45 6C 41 3F 34 9E 5B 87 BE 9C  |......ElA?4.[...|
00003BF0  1C FA 88 16 47 ED 63 7D E4 23 22 2C 0A 14 17 44  |....G.c}.#",...D|
00003C00  5F F8 01 02 F2 24 77 63 B0 D7 11 D7 62 0C 00 00  |_....$wc....b...|
00003C10  00 00 12 14 5E C0 B4 1E 01 EC 61 EA 09 1F 0A 99  |....^.....a.....|
00003C20  46 E1 02 8B 3C 2D 80 A1 22 2C 0A 14 85 4B B2 47  |F...<-..",...K.G|
00003C30  DA ED 62 22 72 D4 8A 06 47 1A 9C 82 00 00 00 00  |..b"r...G.......|
00003C40  12 14 D3 00 F6 7C 30 D4 A5 63 46 F6 4F 56 04 C5  |.....|0..cF.OV..|
00003C50  77 A7 EE 25 82 F7 22 2C 0A 14 85 4B B2 47 DA ED  |w..%..",...K.G..|
00003C60  62 22 28 1B 9F 82 3F 20 10 7B 00 00 00 00 12 14  |b"(...? .{......|
00003C70  DB 3D 5D 6F C5 0E 57 C5 D8 EC 36 BC 82 03 A8 C9  |.=]o..W...6.....|
00003C80  12 82 7C 7A 22 2C 0A 14 CB 51 EC C3 47 AB ED 2B  |..|z",...Q..G..+|
00003C90  9A 92 7A C9 B6 F8 FD 13 00 00 00 00 12 14 D3 F0  |..z.............|
00003CA0  93 12 B0 5B D2 D3 46 8E 34 F5 CB 1D 00 C7 2D 20  |...[..F.4.....- |
00003CB0  86 5C 22 2C 0A 14 85 4B B2 47 DA ED 62 22 BB B3  |.\",...K.G..b"..|
00003CC0  33 60 6D 9F 8A 97 00 00 00 00 12 14 9F 28 EE 77  |3`m..........(.w|
00003CD0  F8 81 69 A7 CC F7 43 07 D6 7C B0 3C 11 9A CE B9  |..i...C..|.<....|
00003CE0  22 2C 0A 14 3A 8C 9A C9 7F 27 84 32 1B 40 FC 37  |",..:....'.2.@.7|
00003CF0  81 A7 C1 15 00 00 00 00 12 14 68 02 82 8C FF 9B  |..........h.....|
00003D00  09 A9 A2 C7 08 64 AE 1C 08 47 46 B4 84 EC 22 2C  |.....d...GF...",|
00003D10  0A 14 05 06 99 A9 B1 A6 9A 20 50 7E 22 D8 27 D4  |......... P~".'.|
00003D20  E7 9D 00 00 00 00 12 14 F0 3E 23 2F 70 6A F4 2F  |.........>#/pj./|
00003D30  A5 1A 33 EC C1 20 CE F9 34 36 A6 8B 22 2C 0A 14  |..3.. ..46..",..|
00003D40  7C C8 38 CF 6A 7A AC 56 4E B6 5D 98 22 50 A6 C4  ||.8.jz.VN.]."P..|
00003D50  00 00 00 00 12 14 BD 12 FB 1F 1B 60 C6 A5 2B 33  |...........`..+3|
00003D60  CB F1 10 47 72 C6 58 6B 46 5B 22 2C 0A 14 DD 81  |...Gr.XkF[",....|
00003D70  32 65 82 9B F6 F9 FB 1A AA 75 DA B8 2D CB 00 00  |2e.......u..-...|
00003D80  00 00 12 14 AE 0E 2F 14 11 F7 4D F2 A6 DD 99 54  |....../...M....T|
00003D90  B7 8A 6A A4 67 BC 9D AA 22 2C 0A 14 05 06 99 A9  |..j.g...",......|
00003DA0  B1 A6 9A 20 47 FA 11 1D F2 D2 EB 06 00 00 00 00  |... G...........|
00003DB0  12 14 65 30 CE 33 D1 7F 56 36 01 83 D0 AD 6E 9E  |..e0.3..V6....n.|
00003DC0  10 05 5B 11 95 DD 22 2C 0A 14 3A 8C 9A C9 7F 27  |..[...",..:....'|
00003DD0  84 32 B1 6A B2 61 35 26 19 C5 00 00 00 00 12 14  |.2.j.a5&........|
00003DE0  6A B1 8E 2C 1C C3 87 CB 6E F5 9A 35 37 63 81 AA  |j..,....n..57c..|
00003DF0  67 18 D7 3C 22 2C 0A 14 85 4B B2 47 DA ED 62 22  |g..<",...K.G..b"|
00003E00  F4 CB A6 26 BB EF 6E AC 00 00 00 00 12 14 A0 3F  |...&..n........?|
00003E10  77 BF 61 33 73 A6 2F F2 B4 5E 7F 06 63 C1 35 7A  |w.a3s./..^..c.5z|
00003E20  9B 8B 22 2C 0A 14 57 20 83 23 DF D2 BE 64 A5 40  |..",..W .#...d.@|
00003E30  B1 4F 35 A1 83 4A 00 00 00 00 12 14 EB 11 6B 81  |.O5..J........k.|
00003E40  F6 DA 8E CF 21 4B FD BA 52 12 BC B9 56 42 ED EC  |....!K..R...VB..|
00003E50  22 2C 0A 14 EF 39 47 05 0F FB 85 FC 29 A1 88 2B  |",...9G.....)..+|
00003E60  94 E9 B8 CB 00 00 00 00 12 14 72 28 A8 59 07 19  |..........r(.Y..|
00003E70  19 B3 FF EC 91 92 B7 59 1E 53 FE 18 F0 94 22 2C  |.......Y.S....",|
00003E80  0A 14 D4 58 F3 C4 F9 40 63 71 E4 82 21 F8 87 A5  |...X...@cq..!...|
00003E90  E4 33 00 00 00 00 12 14 51 C6 A0 B7 A2 CC 1D 11  |.3......Q.......|
00003EA0  5D 14 D3 86 9E B0 F1 62 77 85 DC 6E 22 2C 0A 14  |]......bw..n",..|
00003EB0  CB 51 EC C3 47 AB ED 2B 58 87 65 E7 34 10 29 86  |.Q..G..+X.e.4.).|
00003EC0  00 00 00 00 12 14 47 1E EE 19 2C 7C E5 14 2B 35  |......G...,|..+5|
00003ED0  73 C7 54 CE 14 EA F6 92 21 0C 22 2C 0A 14 05 06  |s.T.....!.",....|
00003EE0  99 A9 B1 A6 9A 20 B2 26 DD DF 3A 38 01 29 00 00  |..... .&..:8.)..|
00003EF0  00 00 12 14 41 34 47 E1 37 36 DD 64 2E 9A 45 3D  |....A4G.76.d..E=|
00003F00  36 6A D4 F3 C2 5B 98 CF 22 2C 0A 14 08 85 62 69  |6j...[..",....bi|
00003F10  1C 5E BE 34 9C 1A 4C 75 A9 63 FB 82 00 00 00 00  |.^.4..Lu.c......|
00003F20  12 14 4E D3 56 48 43 AA 38 32 DE 9E CF 76 2A 82  |..N.VHC.82...v*.|
00003F30  90 02 D7 9A 2D 2A 22 2C 0A 14 BF 5C 09 43 09 EF  |....-*",...\.C..|
00003F40  AF 30 22 E3 06 6F 47 1B 51 74 00 00 00 00 12 14  |.0"..oG.Qt......|
00003F50  5A 51 68 F7 92 69 DF 51 1C 37 94 FF D6 E0 8F 8B  |ZQh..i.Q.7......|
00003F60  3C 71 0D B9 22 2C 0A 14 2B 08 9B A6 40 86 CE B7  |<q..",..+...@...|
00003F70  C8 72 EF FC 9C FC EA 1B 00 00 00 00 12 14 EF C4  |.r..............|
00003F80  C4 33 DC 60 12 0B 23 01 45 94 DA 5D F1 7B 2A 90  |.3.`..#.E..].{*.|
00003F90  74 9C 22 2C 0A 14 05 06 99 A9 B1 A6 9A 20 9E D5  |t.",......... ..|
00003FA0  DE 15 07 49 C7 CA 00 00 00 00 12 14 DD 02 FE CB  |...I............|
00003FB0  EA 95 D5 96 02 46 68 36 F9 36 92 0E DF 1F 02 8F  |.....Fh6.6......|
00003FC0  22 2C 0A 14 BF 5C 09 43 09 EF AF 30 1A 5E 58 A9  |",...\.C...0.^X.|
00003FD0  F9 89 8D A7 00 00 00 00 12 14 1D BD 67 88 2A 8F  |............g.*.|
00003FE0  EC 93 7C 4A D4 78 CC FA D6 EE 4C 1A 5A 9E 22 2C  |..|J.x....L.Z.",|
00003FF0  0A 14 BC 18 37 69 13 62 BD 13 5B 87 50 1C F4 E5  |....7i.b..[.P...|
00004000  46 1B 00 00 00 00 12 14 0F D9 E6 99 43 D7 2A 54  |F...........C.*T|
00004010  84 42 F5 4F 25 73 72 67 90 9A 4F 36 22 2C 0A 14  |.B.O%srg..O6",..|
00004020  DD 81 32 65 82 9B F6 F9 64 31 BB E2 EA 5C 7F 1D  |..2e....d1...\..|
00004030  00 00 00 00 12 14 0F 2A 6C 92 AB CC B2 76 DA 3C  |.......*l....v.<|
00004040  1F 19 57 8C E3 83 39 A0 18 94 22 2C 0A 14 DD 81  |..W...9...",....|
00004050  32 65 82 9B F6 F9 DD A7 E4 92 36 4A 75 1B 00 00  |2e........6Ju...|
00004060  00 00 12 14 DC 7C 90 63 41 E7 2D 1B 3A 48 7A 31  |.....|.cA.-.:Hz1|
00004070  0F 7E 08 DF 27 05 96 59 22 2C 0A 14 DD 81 32 65  |.~..'..Y",....2e|
00004080  82 9B F6 F9 00 FD 5F 91 EE 5B 65 44 00 00 00 00  |......_..[eD....|
00004090  12 14 3B 5E 04 0E A4 5B 43 FA 70 17 9C CC DC 38  |..;^...[C.p....8|
000040A0  16 8E 8A F6 82 E4 22 2C 0A 14 25 45 A5 1B 1C D3  |......",..%E....|
000040B0  AB C6 72 1C 1A C7 6C 0D 25 3B 00 00 00 00 12 14  |..r...l.%;......|
000040C0  22 48 AE BD A6 8A 0B AB 12 1E 07 E6 0F F6 1A C9  |"H..............|
000040D0  44 28 94 EC 22 2C 0A 14 BF 5C 09 43 09 EF AF 30  |D(..",...\.C...0|
000040E0  F3 78 9F E5 6F 27 AB ED 00 00 00 00 12 14 05 E7  |.x..o'..........|
000040F0  19 0C 91 3E E6 89 A8 E7 B6 99 EC B7 53 45 E8 13  |...>........SE..|
00004100  8F 60 22 2C 0A 14 16 CC 64 C1 9A B6 4D 75 E7 48  |.`",....d...Mu.H|
00004110  9C 0A 05 75 04 87 00 00 00 00 12 14 DA 58 F7 15  |...u.........X..|
00004120  A6 0D 7B 89 51 4C DF 02 8D CC CD C8 3D B9 83 44  |..{.QL......=..D|
00004130  22 2C 0A 14 B7 2C 37 52 EF C5 C6 55 E0 BC 1B 91  |",...,7R...U....|
00004140  3F AD AD 65 00 00 00 00 12 14 31 02 3E 91 B3 83  |?..e......1.>...|
00004150  3E 33 CE 5A A0 DB 2F 2D 9F BD 2E 0B 23 9A 22 2C  |>3.Z../-....#.",|
00004160  0A 14 B7 2C 37 52 EF C5 C6 55 03 75 E3 63 09 CE  |...,7R...U.u.c..|
00004170  43 32 00 00 00 00 12 14 1A 60 61 ED AD 3D 07 82  |C2.......`a..=..|
00004180  BB E9 99 83 63 49 8C 87 4B 76 2F 1A 22 2C 0A 14  |....cI..Kv/.",..|
00004190  02 1E 0C 9E C5 0D 50 A2 04 16 A9 71 FB FB 74 AF  |......P....q..t.|
000041A0  00 00 00 00 12 14 49 F6 72 06 C6 72 80 51 58 81  |......I.r..r.QX.|
000041B0  EA B3 CB 1D 36 B7 4D 4D C4 F5 22 2C 0A 14 05 06  |....6.MM..",....|
000041C0  99 A9 B1 A6 9A 20 BE 1E 26 B7 EB 78 08 F4 00 00  |..... ..&..x....|
000041D0  00 00 12 14 64 28 6F AD 03 16 11 36 C7 4D 37 3A  |....d(o....6.M7:|
000041E0  CE 82 92 B5 56 8D 66 55 22 2C 0A 14 00 E7 AB 61  |....V.fU",.....a|
000041F0  BF F6 C0 AC 77 99 F3 AD ED 6B C2 52 00 00 00 00  |....w....k.R....|
00004200  12 14 EF 4E D2 9E 5C F4 E5 37 60 8F C1 32 C4 B0  |...N..\..7`..2..|
00004210  28 84 19 33 79 D8 22 2C 0A 14 D8 2A 45 84 FD CB  |(..3y.",...*E...|
00004220  2D 37 A9 93 88 54 0B 73 DB BD 00 00 00 00 12 14  |-7...T.s........|
00004230  57 6D D0 68 C9 05 1D 10 B1 31 07 26 6B CA E1 E0  |Wm.h.....1.&k...|
00004240  70 CD C0 EC 22 2C 0A 14 05 06 99 A9 B1 A6 9A 20  |p...",......... |
00004250  8C 3F 99 2A CC 05 B5 1E 00 00 00 00 12 14 AE 9B  |.?.*............|
00004260  ED 2B 9B 0B 24 99 7A F4 8B 97 DE 95 B0 30 34 22  |.+..$.z......04"|
00004270  E7 EF 22 2C 0A 14 00 78 BB C9 22 04 D5 FD 2D CC  |..",...x.."...-.|
00004280  AF 39 41 52 46 06 00 00 00 00 12 14 33 E3 78 1C  |.9ARF.......3.x.|
00004290  95 B2 31 68 E0 AE BD FA 3F F0 FD 45 D6 20 BA D5  |..1h....?..E. ..|
000042A0  22 2C 0A 14 DD 81 32 65 82 9B F6 F9 EE 96 B3 7C  |",....2e.......||
000042B0  01 FC 1F A3 00 00 00 00 12 14 CA 5E B4 F5 6E BB  |...........^..n.|
000042C0  6C E4 36 6F E1 D3 E8 D5 04 39 C1 33 6D 71 22 2C  |l.6o.....9.3mq",|
000042D0  0A 14 EF 39 47 05 0F FB 85 FC C8 B2 B2 30 BD 2A  |...9G........0.*|
000042E0  20 83 00 00 00 00 12 14 EF 34 C6 9F 20 D5 C4 9D  | ........4.. ...|
000042F0  F0 6C B9 5F 12 16 E9 4D A6 73 6B B1 22 2C 0A 14  |.l._...M.sk.",..|
00004300  BF 5C 09 43 09 EF AF 30 4B 73 0B DF 89 C9 45 A0  |.\.C...0Ks....E.|
00004310  00 00 00 00 12 14 D2 6D B1 BE 7E 85 C7 ED FC 25  |.......m..~....%|
00004320  5C 4D 22 AF 7F CC 24 B1 AC 90 22 2C 0A 14 B9 6C  |\M"...$...",...l|
00004330  E3 AE 86 39 0A 5C 32 9B F4 2E FE 4C F7 F4 00 00  |...9.\2....L....|
00004340  00 00 12 14 7A 76 19 2C 40 88 E8 C6 1A 30 0F D8  |....zv.,@....0..|
00004350  7B D6 6B 98 2C 77 D8 19 22 2C 0A 14 12 26 06 DE  |{.k.,w..",...&..|
00004360  4B C9 67 BA B8 7C 7F 29 6C 55 5A 35 00 00 00 00  |K.g..|.)lUZ5....|
00004370  12 14 90 EB AF 72 D3 27 B5 FD CB 21 DD A6 09 45  |.....r.'...!...E|
00004380  EB 20 A4 63 65 2D 22 2C 0A 14 EA 4F 3B 70 CC 7C  |. .ce-",...O;p.||
00004390  C3 DA C1 C3 B7 E3 DA 16 5B E5 00 00 00 00 12 14  |........[.......|
000043A0  B3 3B 66 24 49 B4 80 53 8B 0F B4 CD 5C 8E AF 2E  |.;f$I..S....\...|
000043B0  C9 6C 0D 43 22 2C 0A 14 CB 51 EC C3 47 AB ED 2B  |.l.C",...Q..G..+|
000043C0  F5 7E 85 2F 32 F5 D4 3A 00 00 00 00 12 14 8C 5B  |.~./2..:.......[|
000043D0  0D 78 BD 54 5D 7A E5 24 87 3D EA 12 FF 0C FA F0  |.x.T]z.$.=......|
000043E0  48 1D 22 2C 0A 14 2D BE 77 1D EC B2 07 10 EC E1  |H.",..-.w.......|
000043F0  2B 43 15 F0 0A 21 00 00 00 00 12 14 59 CC 37 AE  |+C...!......Y.7.|
00004400  22 EF 3D 8B C9 85 6B A1 59 42 4C 3B DC AA 96 A6  |".=...k.YBL;....|
00004410  22 2C 0A 14 00 78 BB C9 22 04 D5 FD FF 17 80 D6  |",...x..".......|
00004420  1F 12 87 42 00 00 00 00 12 14 10 11 D8 6E 07 4D  |...B.........n.M|
00004430  49 16 3C 35 51 A6 90 90 77 19 33 CD 2A 39 22 2C  |I.<5Q...w.3.*9",|
00004440  0A 14 5D 65 82 6A C4 33 78 4D E6 8C B4 F1 DD E7  |..]e.j.3xM......|
00004450  2C B9 00 00 00 00 12 14 B4 A6 CB 3E E0 30 9E 53  |,..........>.0.S|
00004460  14 8F 25 5D AF 6C CA EE 6A AD AB EA 22 2C 0A 14  |..%].l..j...",..|
00004470  2B 94 6A A8 03 7C 7B 1D 00 F5 5D 21 31 B8 2B D8  |+.j..|{...]!1.+.|
00004480  00 00 00 00 12 14 52 CF 01 64 A1 82 FC 58 0A E3  |......R..d...X..|
00004490  22 FF 8A 6B 5F 0A 12 B6 09 8D 22 2C 0A 14 EF 88  |"..k_.....",....|
000044A0  64 AA 60 FD 1E FB FE CF BA 68 B4 BF 40 7B 00 00  |d.`......h..@{..|
000044B0  00 00 12 14 59 11 7B 56 96 3B AB 32 40 9B 99 A1  |....Y.{V.;.2@...|
000044C0  3B 25 7A 0C B3 CC 31 6C 22 2C 0A 14 5C F5 8D 5B  |;%z...1l",..\..[|
000044D0  60 51 74 40 80 73 DC AF F0 71 6B ED 00 00 00 00  |`Qt@.s...qk.....|
000044E0  12 14 34 E7 AB 32 27 42 1F 03 F8 F0 D4 A2 02 AA  |..4..2'B........|
000044F0  65 96 E7 ED A7 ED 22 2C 0A 14 7C C8 38 CF 6A 7A  |e.....",..|.8.jz|
00004500  AC 56 10 6F A4 20 42 DF 7E 07 00 00 00 00 12 14  |.V.o. B.~.......|
00004510  57 F2 A0 53 A6 04 4B 5E 3D 1B AA 13 C4 CA B5 A5  |W..S..K^=.......|
00004520  2E 2D B1 A3 22 2C 0A 14 4C 6A 6A DE 22 82 B1 DE  |.-..",..Ljj."...|
00004530  75 61 FA 9B E9 0B D2 64 00 00 00 00 12 14 E5 00  |ua.....d........|
00004540  5A 13 17 DA 1B 6C 9C E3 85 95 CE 81 8F C2 D4 C9  |Z....l..........|
00004550  7D E7 22 2C 0A 14 EA 4F 3B 70 CC 7C C3 DA AC CB  |}.",...O;p.|....|
00004560  56 8D C7 0A C4 47 00 00 00 00 12 14 B5 8F 23 9B  |V....G........#.|
00004570  61 43 E2 C9 B8 DD E3 AB FF BB 89 A8 28 A0 88 55  |aC..........(..U|
00004580  22 2C 0A 14 7C C8 38 CF 6A 7A AC 56 C1 4E 46 62  |",..|.8.jz.V.NFb|
00004590  DB 44 70 B2 00 00 00 00 12 14 D1 A6 EE 5B F4 40  |.Dp..........[.@|
000045A0  BC A3 30 DD 97 DD 7A 8F C0 1F CE 27 1A BE 22 2C  |..0...z....'..",|
000045B0  0A 14 BF 5C 09 43 09 EF AF 30 0B B4 56 2C B1 EC  |...\.C...0..V,..|
000045C0  0B EC 00 00 00 00 12 14 F7 DF A1 44 AD D1 95 1A  |...........D....|
000045D0  03 D3 37 84 2B 3E 15 B4 C6 46 BD 6A 22 2C 0A 14  |..7.+>...F.j",..|
000045E0  00 78 BB C9 22 04 D5 FD A9 3A 24 49 8D 73 9A 54  |.x.."....:$I.s.T|
000045F0  00 00 00 00 12 14 18 C1 B4 52 4E 19 6A 76 DE C8  |.........RN.jv..|
00004600  D6 AB A8 5B EB 1B 7F B0 59 C2 22 2C 0A 14 2B 08  |...[....Y.",..+.|
00004610  9B A6 40 86 CE B7 24 8A 43 CB B9 1F 62 1B 00 00  |..@...$.C...b...|
00004620  00 00 12 14 78 A3 49 B6 20 95 4A 67 03 1E 96 C9  |....x.I. .Jg....|
00004630  02 32 70 F9 9B A6 01 2D 22 2C 0A 14 DF EB 0A 34  |.2p....-",.....4|
00004640  E3 2B 14 D8 11 DA 6E 0E F2 61 0B A8 00 00 00 00  |.+....n..a......|
00004650  12 14 6F AA 21 3D E9 4F 9D 5F 7C 87 AA 4F BB D7  |..o.!=.O._|..O..|
00004660  7F C6 BD FF E4 E7 22 2C 0A 14 7C C8 38 CF 6A 7A  |......",..|.8.jz|
00004670  AC 56 F8 78 2F 9C 1B 3E 67 6E 00 00 00 00 12 14  |.V.x/..>gn......|
00004680  C0 9D AC 5A F5 B8 9E 65 74 5D 73 81 55 7D C1 AC  |...Z...et]s.U}..|
00004690  09 D4 C6 7E 22 2C 0A 14 90 3A 66 D5 D4 D2 6E B9  |...~",...:f...n.|
000046A0  C0 33 F5 CD 59 AF B9 99 00 00 00 00 12 14 55 24  |.3..Y.........U$|
000046B0  FC 62 76 53 3F 41 FE E2 B5 29 DE 2D DD D4 D9 41  |.bvS?A...).-...A|
000046C0  62 B3 22 2C 0A 14 3A 8C 9A C9 7F 27 84 32 D5 44  |b.",..:....'.2.D|
000046D0  9E 9A D7 BB B0 AB 00 00 00 00 12 14 4B EC 07 EE  |............K...|
000046E0  E2 EB BF 84 04 61 9B 55 C3 D7 48 E8 46 4E 5E 84  |.....a.U..H.FN^.|
000046F0  22 2C 0A 14 05 06 99 A9 B1 A6 9A 20 5D A3 62 68  |",......... ].bh|
00004700  41 28 4F 83 00 00 00 00 12 14 7F 32 07 61 4D 3F  |A(O........2.aM?|
00004710  68 64 F9 55 23 BD BB 5D C8 41 7A 53 8E FB 22 2C  |hd.U#..].AzS..",|
00004720  0A 14 EA 4F 3B 70 CC 7C C3 DA EF 0D 57 2F E3 6E  |...O;p.|....W/.n|
00004730  0D E4 00 00 00 00 12 14 AA 6A D9 CC F7 E5 BA 62  |.........j.....b|
00004740  44 2C 22 07 B7 96 04 32 3C 42 18 88 22 2C 0A 14  |D,"....2<B..",..|
00004750  25 45 A5 1B 1C D3 AB C6 69 E1 F5 97 2F DC 9D D5  |%E......i.../...|
00004760  00 00 00 00 12 14 C6 8D 55 41 68 03 D4 03 67 8E  |........UAh...g.|
00004770  50 A5 5C 54 EF ED 2A 6B 00 F3 22 2C 0A 14 45 F7  |P.\T..*k..",..E.|
00004780  2F 4C E9 32 A2 70 70 6C CC 81 F9 36 4C DC 00 00  |/L.2.ppl...6L...|
00004790  00 00 12 14 7E A0 DF A1 18 11 CD EF 01 B1 F8 CD  |....~...........|
000047A0  EE 91 17 56 76 C6 D0 F9 22 2C 0A 14 2B 08 9B A6  |...Vv...",..+...|
000047B0  40 86 CE B7 74 F2 FA 3E 5E D3 21 38 00 00 00 00  |@...t..>^.!8....|
000047C0  12 14 0B BF 5C 78 DC 61 1B 8F D9 88 AF B1 33 FA  |....\x.a......3.|
000047D0  08 3F 6C 8A FC 4C 22 2C 0A 14 05 06 99 A9 B1 A6  |.?l..L",........|
000047E0  9A 20 E3 D3 4D 78 27 AA 92 75 00 00 00 00 12 14  |. ..Mx'..u......|
000047F0  FE DA B4 1C 20 BB 61 54 75 5E 82 BB B8 7E 31 2E  |.... .aTu^...~1.|
00004800  C9 FC 9A 3E 22 2C 0A 14 7C C8 38 CF 6A 7A AC 56  |...>",..|.8.jz.V|
00004810  FB 59 61 43 6F 9A 27 05 00 00 00 00 12 14 AD 28  |.YaCo.'........(|
00004820  EF C1 C4 E2 76 87 99 1F C3 E9 98 6D AE 26 3B 05  |....v......m.&;.|
00004830  41 9D 22 2C 0A 14 3B FB E9 D1 D5 07 17 8A FB 5F  |A.",..;........_|
00004840  CD C3 38 42 A0 43 00 00 00 00 12 14 B1 92 87 27  |..8B.C.........'|
00004850  E4 8C 2F 67 60 98 25 7B 44 89 CE 26 D8 84 9F 8C  |../g`.%{D..&....|
00004860  22 2C 0A 14 EA 4F 3B 70 CC 7C C3 DA EA DD 5F BD  |",...O;p.|...._.|
00004870  7D 4B D5 DF 00 00 00 00 12 14 B8 22 E4 13 EB 71  |}K........."...q|
00004880  41 34 7F 0E 7D 26 15 4A AE 08 F0 88 5F 84 22 2C  |A4..}&.J...._.",|
00004890  0A 14 A3 03 CD 05 CC AA 77 6C BC 7A 36 83 34 B2  |........wl.z6.4.|
000048A0  A7 54 00 00 00 00 12 14 F4 39 F9 00 1A 9A 8D 87  |.T.......9......|
000048B0  B8 3C 05 D3 50 37 B3 53 0D BF 68 30 22 2C 0A 14  |.<..P7.S..h0",..|
000048C0  CC F5 FF 68 79 E2 4F 3C 15 06 8E 1F 93 DC F7 F3  |...hy.O<........|
000048D0  00 00 00 00 12 14 E1 B3 5A 8F 3E 58 48 81 A8 86  |........Z.>XH...|
000048E0  FF EB 74 6C 22 E7 09 4F 6D 29 22 2C 0A 14 80 BC  |..tl"..Om)",....|
000048F0  35 84 6E 4C D4 3E F5 CE EF FE D4 E4 6F B8 00 00  |5.nL.>......o...|
00004900  00 00 12 14 96 CD D9 FB 52 74 32 77 9C 26 76 EB  |........Rt2w.&v.|
00004910  9F 0C C5 30 11 95 D9 8B 22 2C 0A 14 BF 31 9C 95  |...0....",...1..|
00004920  18 D5 F4 55 56 0D B2 B6 7F 67 B1 BD 00 00 00 00  |...UV....g......|
00004930  12 14 0E 9D 76 14 03 89 D7 26 20 D4 C1 4D 14 8E  |....v....& ..M..|
00004940  02 AA 4B 63 8B 94 22 2C 0A 14 80 BC 35 84 6E 4C  |..Kc..",....5.nL|
00004950  D4 3E D3 2B A0 A0 13 47 68 80 00 00 00 00 12 14  |.>.+...Gh.......|
00004960  31 E5 A9 6C 57 81 36 7C 3E 21 7E F3 D4 49 1B 24  |1..lW.6|>!~..I.$|
00004970  F0 AD 15 18 22 2C 0A 14 DF EB 0A 34 E3 2B 14 D8  |....",.....4.+..|
00004980  CB C5 42 67 70 92 97 8C 00 00 00 00 12 14 5B 7C  |..Bgp.........[||
00004990  E5 6F DF 48 FA B1 DD F5 4B 2D 26 A0 F2 EC 19 7B  |.o.H....K-&....{|
000049A0  85 57 22 2C 0A 14 63 35 3C C5 B7 C0 E8 B8 9D 3D  |.W",..c5<......=|
000049B0  C7 82 3B 31 9F 4D 00 00 00 00 12 14 F4 09 11 48  |..;1.M.........H|
000049C0  84 13 24 7B 82 8C 63 0C A0 68 B4 75 5C 4F C1 CE  |..${..c..h.u\O..|
000049D0  22 2C 0A 14 CC F5 FF 68 79 E2 4F 3C E1 69 12 D7  |",.....hy.O<.i..|
000049E0  4F EF ED CD 00 00 00 00 12 14 3B 5C 99 2D 72 EC  |O.........;\.-r.|
000049F0  C9 26 42 8A 24 DE 06 03 64 19 66 21 5F 2A 22 2C  |.&B.$...d.f!_*",|
00004A00  0A 14 85 4B B2 47 DA ED 62 22 73 58 7B 49 8C EB  |...K.G..b"sX{I..|
00004A10  9B 32 00 00 00 00 12 14 CE AD C0 84 21 E8 D9 63  |.2..........!..c|
00004A20  05 C0 CA 14 F3 83 D4 BA 47 B3 8C 8E 22 2C 0A 14  |........G...",..|
00004A30  BE ED 38 2E 83 4F 45 DC 61 52 2B 9A B4 8D BB 7D  |..8..OE.aR+....}|
00004A40  00 00 00 00 12 14 97 39 1B 7F 2C 55 F1 CC 4B 00  |.......9..,U..K.|
00004A50  CB 6F DB 50 54 80 B6 32 16 2F 22 2C 0A 14 B0 EC  |.o.PT..2./",....|
00004A60  52 EF 47 60 FE 24 9E 5E 6D 25 86 A7 68 E0 00 00  |R.G`.$.^m%..h...|
00004A70  00 00 12 14 2F 8D 1D AA 0A 7D 04 8A 0A 3E EC 43  |..../....}...>.C|
00004A80  4F D6 BB 21 89 BC 6D 3B 22 2C 0A 14 3A 8C 9A C9  |O..!..m;",..:...|
00004A90  7F 27 84 32 A5 EC 62 86 D8 4D FF D1 00 00 00 00  |.'.2..b..M......|
00004AA0  12 14 99 60 47 2C 7A C1 7F 16 4D 4F 45 E9 E4 6B  |...`G,z...MOE..k|
00004AB0  CB 0E A0 D2 67 B1 22 2C 0A 14 EA D6 C1 17 5B 76  |....g.",......[v|
00004AC0  5F F7 03 0D 3C 5B 72 BB DD 90 00 00 00 00 12 14  |_...<[r.........|
00004AD0  20 7C 10 76 BB B9 79 F6 70 65 67 0F 71 3D 00 2B  | |.v..y.peg.q=.+|
00004AE0  4F E4 DC F2 22 2C 0A 14 80 BC 35 84 6E 4C D4 3E  |O...",....5.nL.>|
00004AF0  A8 3D A5 95 A5 6F AB 94 00 00 00 00 12 14 F9 9C  |.=...o..........|
00004B00  7E 41 65 A1 E0 B9 59 1B 13 E4 4F 07 53 54 CE F3  |~Ae...Y...O.ST..|
00004B10  8A 43 22 2C 0A 14 0E B6 A2 A9 05 44 C4 33 F7 41  |.C",.......D.3.A|
00004B20  FB F8 DE 59 7A 9C 00 00 00 00 12 14 93 2C 00 E8  |...Yz........,..|
00004B30  BA 55 D5 92 8C 9B FB B3 3D AD 2F F6 E3 4D 2B 00  |.U......=./..M+.|
00004B40  22 2C 0A 14 00 E7 AB 61 BF F6 C0 AC E4 F9 1B D6  |",.....a........|
00004B50  2D 54 CD 4B 00 00 00 00 12 14 6B AC 30 39 04 90  |-T.K......k.09..|
00004B60  82 F8 D7 8B 97 ED A5 D6 23 C0 BC A2 63 B2 22 2C  |........#...c.",|
00004B70  0A 14 3B E1 67 10 28 66 64 CC 64 65 BD 4E DA 27  |..;.g.(fd.de.N.'|
00004B80  5B 50 00 00 00 00 12 14 DE 63 50 08 35 A4 B7 E5  |[P.......cP.5...|
00004B90  98 2B A6 99 22 F9 1E 62 24 54 E1 46 22 2C 0A 14  |.+.."..b$T.F",..|
00004BA0  EE F0 BC FA AD EB C3 C5 59 25 A2 CF 77 C9 95 2A  |........Y%..w..*|
00004BB0  00 00 00 00 12 14 E7 6E 33 C7 92 06 73 92 E7 01  |.......n3...s...|
00004BC0  67 85 0F 86 62 53 11 8D F7 48 22 2C 0A 14 BF 31  |g...bS...H",...1|
00004BD0  9C 95 18 D5 F4 55 B4 D3 4B FB DA 1A FA 06 00 00  |.....U..K.......|
00004BE0  00 00 12 14 0E 6D E7 20 19 7A C8 60 85 AF 5F 1B  |.....m. .z.`.._.|
00004BF0  F1 13 1F D4 81 7B 1A EF 22 2C 0A 14 D4 58 F3 C4  |.....{..",...X..|
00004C00  F9 40 63 71 81 C4 D9 5B 22 1D 3D B7 00 00 00 00  |.@cq...[".=.....|
00004C10  12 14 29 5D A7 52 1D 0D BF B1 08 D9 14 A2 5B 57  |..)].R........[W|
00004C20  EB 98 A5 FC 56 86 22 2C 0A 14 3C 4D CB 0E 83 8A  |....V.",..<M....|
00004C30  A0 59 4E 12 DF 1E 8B ED 49 5C 00 00 00 00 12 14  |.YN.....I\......|
00004C40  01 1C 66 81 0D A3 FC F8 3B 4D E5 D8 42 DD 7A 5E  |..f.....;M..B.z^|
00004C50  13 15 BD 1F 22 2C 0A 14 5D 65 82 6A C4 33 78 4D  |....",..]e.j.3xM|
00004C60  78 09 C3 EA B9 4D 6C 35 00 00 00 00 12 14 EE 82  |x....Ml5........|
00004C70  62 1B 96 FD 71 B8 37 06 80 57 84 13 F2 6A 63 51  |b...q.7..W...jcQ|
00004C80  CC FA 22 2C 0A 14 CC B6 B6 CB B5 F9 74 D1 40 6F  |..",........t.@o|
00004C90  CC 9B 28 B2 3B 85 00 00 00 00 12 14 74 72 3D 8E  |..(.;.......tr=.|
00004CA0  27 F5 22 DF 34 0D 78 F2 BC 49 B8 97 A2 97 5A F7  |'.".4.x..I....Z.|
00004CB0  22 2C 0A 14 85 4B B2 47 DA ED 62 22 85 E7 D7 C6  |",...K.G..b"....|
00004CC0  1F 5B 6C A8 00 00 00 00 12 14 7D 58 A0 A9 0F 08  |.[l.......}X....|
00004CD0  92 21 87 6E 47 C7 4C 59 3D 2A 8E A3 13 FB 22 2C  |.!.nG.LY=*....",|
00004CE0  0A 14 DD 81 32 65 82 9B F6 F9 A2 12 A6 F3 DB 95  |....2e..........|
00004CF0  44 8F 00 00 00 00 12 14 8B 5A 13 4A 40 AF CD 87  |D........Z.J@...|
00004D00  1B A5 D5 48 9C 60 72 B1 16 52 4C 66 22 2C 0A 14  |...H.`r..RLf",..|
00004D10  BC 18 37 69 13 62 BD 13 CC A8 A4 81 24 49 8B 0E  |..7i.b......$I..|
00004D20  00 00 00 00 12 14 55 55 B0 3B D0 F4 82 10 AE 2A  |......UU.;.....*|
00004D30  B8 3A D3 2D 86 12 53 36 AD 7B 22 2C 0A 14 08 99  |.:.-..S6.{",....|
00004D40  A7 91 C1 F4 64 26 FC 4E 98 D5 9D 74 DD 60 00 00  |....d&.N...t.`..|
00004D50  00 00 12 14 F6 E6 2E F9 B7 B7 97 3E E4 15 EF DD  |...........>....|
00004D60  86 37 B8 DB 93 85 88 F5 22 2C 0A 14 51 09 77 FD  |.7......",..Q.w.|
00004D70  A5 B8 BA 48 CE C6 4B 12 BA 30 7C 6D 00 00 00 00  |...H..K..0|m....|
00004D80  12 14 6B 7B 6B AD 3D 9B 1A 24 8A E4 7B F8 9D 39  |..k{k.=..$..{..9|
00004D90  25 40 44 A6 F6 F4 22 2C 0A 14 25 45 A5 1B 1C D3  |%@D...",..%E....|
00004DA0  AB C6 71 CC 42 0C 9E 9A 43 A3 00 00 00 00 12 14  |..q.B...C.......|
00004DB0  28 D5 7E B1 D4 BE 8D 18 26 C4 81 BF 10 67 AB 2D  |(.~.....&....g.-|
00004DC0  FD 9B 97 00 22 2C 0A 14 6B F4 72 12 A6 15 BB 2A  |....",..k.r....*|
00004DD0  EF 4C 5D 0F 70 17 99 50 00 00 00 00 12 14 72 1D  |.L].p..P......r.|
00004DE0  E4 08 D1 DF 9A 03 50 EB 6D 43 BC 9E 42 00 31 3E  |......P.mC..B.1>|
00004DF0  CC 0E 22 2C 0A 14 82 23 C1 D0 DE AC 8F F1 F7 26  |..",...#.......&|
00004E00  80 30 8F 8B F7 9E 00 00 00 00 12 14 1C 23 32 F7  |.0...........#2.|
00004E10  AF A5 8C A2 ED BA A6 8E A0 A6 49 D1 91 D1 12 18  |..........I.....|
00004E20  22 2C 0A 14 16 CC 64 C1 9A B6 4D 75 3F 75 14 27  |",....d...Mu?u.'|
00004E30  23 FC 18 B8 00 00 00 00 12 14 96 7D E2 49 F9 9A  |#..........}.I..|
00004E40  6D 66 7D 5F DA 61 78 D1 CC FE 25 30 95 69 22 2C  |mf}_.ax...%0.i",|
00004E50  0A 14 90 3A 66 D5 D4 D2 6E B9 96 87 F8 27 61 B0  |...:f...n....'a.|
00004E60  59 5C 00 00 00 00 12 14 38 77 09 5F 1D 8C 2B 2E  |Y\......8w._..+.|
00004E70  07 66 85 43 C7 E3 4F F2 6A 12 7D 53 22 2C 0A 14  |.f.C..O.j.}S",..|
00004E80  E3 DC C3 2B 42 C0 E3 A7 F2 AF 29 14 83 B7 22 E2  |...+B.....)...".|
00004E90  00 00 00 00 12 14 7F 94 4B A2 05 13 81 67 63 77  |........K....gcw|
00004EA0  69 3E D7 36 60 3E 80 57 A3 9D 22 2C 0A 14 CC B6  |i>.6`>.W..",....|
00004EB0  B6 CB B5 F9 74 D1 31 03 37 BB 47 67 85 7A 00 00  |....t.1.7.Gg.z..|
00004EC0  00 00 12 14 5F 25 F6 51 D8 29 EE A7 31 CA DF 96  |...._%.Q.)..1...|
00004ED0  8A F3 4C 3B 97 3F 96 AC 22 2C 0A 14 34 0A 4D 01  |..L;.?..",..4.M.|
00004EE0  49 19 C2 05 3B 52 99 2D BD E7 DE 32 00 00 00 00  |I...;R.-...2....|
00004EF0  12 14 04 6A D9 C9 90 BD 93 BF 41 1C 76 2A 97 14  |...j......A.v*..|
00004F00  48 87 66 6E 41 39 22 2C 0A 14 05 06 99 A9 B1 A6  |H.fnA9",........|
00004F10  9A 20 DB A2 28 38 33 DE FC 90 00 00 00 00 12 14  |. ..(83.........|
00004F20  0E 6C 83 B7 16 14 AD 9E E6 9A 0B 2F 82 60 13 BA  |.l........./.`..|
00004F30  71 04 08 C0 22 2C 0A 14 6C 23 55 88 6E B5 9D B6  |q...",..l#U.n...|
00004F40  4D E0 9E 88 7A 40 B9 CA 00 00 00 00 12 14 27 D4  |M...z@........'.|
00004F50  52 0B B2 D8 6A 12 D8 F7 CB E3 62 95 6B 46 6B 95  |R...j.....b.kFk.|
00004F60  64 0F 22 2C 0A 14 EA 4F 3B 70 CC 7C C3 DA 94 27  |d.",...O;p.|...'|
00004F70  4C 11 9D 9C 75 B9 00 00 00 00 12 14 2D 6B 47 18  |L...u.......-kG.|
00004F80  62 48 06 E6 46 3A E0 57 86 75 BA 2D 5B 4C 8E B9  |bH..F:.W.u.-[L..|
00004F90  22 2C 0A 14 D4 58 F3 C4 F9 40 63 71 C7 09 33 BE  |",...X...@cq..3.|
00004FA0  7B D2 39 16 00 00 00 00 12 14 1E 09 64 C4 D4 81  |{.9.........d...|
00004FB0  2A 35 D2 F7 45 92 89 A9 A6 F6 BC 6E 2D 9C 22 2C  |*5..E......n-.",|
00004FC0  0A 14 85 4B B2 47 DA ED 62 22 D2 DA 93 45 0C 25  |...K.G..b"...E.%|
00004FD0  4C 7B 00 00 00 00 12 14 2F 94 01 75 A4 18 02 4E  |L{....../..u...N|
00004FE0  70 F1 AE 28 1A 13 B1 CC 5F 2F 9E 6A 22 2C 0A 14  |p..(...._/.j",..|
00004FF0  DD 81 32 65 82 9B F6 F9 A3 C1 67 0F 94 8D 52 6C  |..2e......g...Rl|
00005000  00 00 00 00 12 14 9E 71 BC 6F 16 C4 64 6A 24 32  |.......q.o..dj$2|
00005010  CA C7 92 73 57 2E E9 94 1C FB 22 2C 0A 14 B9 6C  |...sW.....",...l|
00005020  E3 AE 86 39 0A 5C 3E FF F3 25 A8 FC CE 6B 00 00  |...9.\>..%...k..|
00005030  00 00 12 14 1D B0 ED 1B 92 63 59 73 61 2E 36 0B  |.........cYsa.6.|
00005040  12 D5 15 DA 51 46 7D 7B 22 2C 0A 14 F6 A0 E4 D8  |....QF}{",......|
00005050  E4 15 DC 0A 29 E7 6A 8C 5F 71 0A E4 00 00 00 00  |....).j._q......|
00005060  12 14 A1 3E E6 9D 51 9B F3 8B 64 A5 C8 C9 C8 41  |...>..Q...d....A|
00005070  A3 FA 6B 84 C8 32 22 2C 0A 14 1D 84 D3 C1 D0 8B  |..k..2",........|
00005080  DF 8B AC 05 06 2D C8 99 6B 8E 00 00 00 00 12 14  |.....-..k.......|
00005090  EA 4F 4E 34 98 46 39 74 13 CB 5E 27 4D 66 D8 26  |.ON4.F9t..^'Mf.&|
000050A0  C2 D1 05 43 22 2C 0A 14 49 28 FB 3E 2B 1F A6 BA  |...C",..I(.>+...|
000050B0  01 E1 F5 7E 14 2B 1E A4 00 00 00 00 12 14 91 90  |...~.+..........|
000050C0  01 33 58 7A 5D 6E 9E A2 3D B0 79 64 52 54 62 88  |.3Xz]n..=.ydRTb.|
000050D0  DA F6 22 2C 0A 14 34 0A 4D 01 49 19 C2 05 94 72  |..",..4.M.I....r|
000050E0  C4 BA 1D 00 D9 59 00 00 00 00 12 14 AE C4 D6 7A  |.....Y.........z|
000050F0  6E 6E B7 05 EB 8B A5 05 1F 95 C0 90 DD 5D B2 B5  |nn...........]..|
00005100  22 2C 0A 14 17 44 5F F8 01 02 F2 24 A9 47 34 2F  |",...D_....$.G4/|
00005110  EC 4F 46 88 00 00 00 00 12 14 47 E7 66 66 DF 4A  |.OF.......G.ff.J|
00005120  41 63 90 10 47 BB 52 9B 3F A1 11 D6 AF 3A 22 2C  |Ac..G.R.?....:",|
00005130  0A 14 CB 51 EC C3 47 AB ED 2B 98 06 28 87 55 DF  |...Q..G..+..(.U.|
00005140  E9 23 00 00 00 00 12 14 02 BA C0 D7 07 E1 2A 3B  |.#............*;|
00005150  1F 67 CC FE 3B 6B F3 17 4C CD 5A CB 22 2C 0A 14  |.g..;k..L.Z.",..|
00005160  DD 81 32 65 82 9B F6 F9 9C 6A 14 99 BC 6B B4 63  |..2e.....j...k.c|
00005170  00 00 00 00 12 14 C2 2A 4F 19 3F A1 1F A4 38 30  |.......*O.?...80|
00005180  58 A2 C2 F9 3C AF 73 07 CA 0A 22 2C 0A 14 BF 5C  |X...<.s...",...\|
00005190  09 43 09 EF AF 30 44 DF 3C 5B 57 BC 29 DE 00 00  |.C...0D.<[W.)...|
000051A0  00 00 12 14 D0 45 27 BC AB 51 D2 AF 3B 86 63 78  |.....E'..Q..;.cx|
000051B0  AE 0E 53 F6 D4 55 F6 C6 22 2C 0A 14 49 62 8A AE  |..S..U..",..Ib..|
000051C0  49 08 BE 63 FD 5E 7C DD EA 2E 1C 04 00 00 00 00  |I..c.^|.........|
000051D0  12 14 14 7C 49 E3 C8 AF F3 03 60 8D 5E 9A 94 4C  |...|I.....`.^..L|
000051E0  79 CF 82 F4 BC 0A 22 2C 0A 14 85 4B B2 47 DA ED  |y.....",...K.G..|
000051F0  62 22 2D 0B FF E9 CB 7B 9A A3 00 00 00 00 12 14  |b"-....{........|
00005200  A8 1D 6B C6 C9 F5 62 48 80 E1 53 27 F7 8B 02 D9  |..k...bH..S'....|
00005210  60 F0 F8 D7 22 2C 0A 14 5D 65 82 6A C4 33 78 4D  |`...",..]e.j.3xM|
00005220  57 5E C1 D7 09 A3 A6 33 00 00 00 00 12 14 DF E4  |W^.....3........|
00005230  8B 15 67 28 1A B8 4A 59 14 B2 58 C9 B3 54 89 84  |..g(..JY..X..T..|
00005240  FC 31 22 2C 0A 14 F2 20 D7 07 43 CA 28 69 46 10  |.1",... ..C.(iF.|
00005250  CD 80 7C 35 C7 38 00 00 00 00 12 14 95 85 97 97  |..|5.8..........|
00005260  5A 24 DA E4 5B 68 42 56 2A 73 1B CF F5 69 6B 40  |Z$..[hBV*s...ik@|
00005270  22 2C 0A 14 BF 5C 09 43 09 EF AF 30 36 22 E2 05  |",...\.C...06"..|
00005280  E5 F1 61 7A 00 00 00 00 12 14 9C 40 C4 15 92 06  |..az.......@....|
00005290  5E 5B FB C1 B1 A6 49 0C 22 5B C5 36 9F 39 22 2C  |^[....I."[.6.9",|
000052A0  0A 14 EA 4F 3B 70 CC 7C C3 DA 2F 8B 1D 5B A6 17  |...O;p.|../..[..|
000052B0  4A A7 00 00 00 00 12 14 B0 B4 C4 67 FB 04 A7 22  |J..........g..."|
000052C0  7D 5F 01 9F 0B 82 78 AA 42 6C 2D 04 22 2C 0A 14  |}_....x.Bl-.",..|
000052D0  C8 46 1F 52 40 9C A2 95 2D 4D 16 D3 BF 56 33 B4  |.F.R@...-M...V3.|
000052E0  00 00 00 00 12 14 BC 9C BE 8A 43 09 D0 89 7E 46  |..........C...~F|
000052F0  FE 0B 38 DC 6C CE 79 B1 B0 DB 22 2C 0A 14 FA A4  |..8.l.y...",....|
00005300  98 26 BA A1 23 20 23 3C 6C A2 4F 48 5D 1F 00 00  |.&..# #<l.OH]...|
00005310  00 00 12 14 BF 79 50 91 A5 4E 77 B4 1D C3 96 0D  |.....yP..Nw.....|
00005320  2F D6 EB 71 15 95 95 D7 22 2C 0A 14 BF 5C 09 43  |/..q....",...\.C|
00005330  09 EF AF 30 D9 0A 6A C0 78 1E 58 0D 00 00 00 00  |...0..j.x.X.....|
00005340  12 14 DB 43 AD AC F2 FC 8E 83 5E 2F AB 15 CF 10  |...C......^/....|
00005350  47 67 A1 18 FD 5F 22 2C 0A 14 D4 58 F3 C4 F9 40  |Gg..._",...X...@|
00005360  63 71 34 C4 EF 0C 0C 92 7A 52 00 00 00 00 12 14  |cq4.....zR......|
00005370  D4 CE F2 24 F9 F2 0E FD DF B8 D5 C5 13 50 C8 6A  |...$.........P.j|
00005380  1C A1 DD 68 22 2C 0A 14 05 06 99 A9 B1 A6 9A 20  |...h",......... |
00005390  52 C4 E1 A3 58 FA 21 77 00 00 00 00 12 14 55 18  |R...X.!w......U.|
000053A0  2D CE 13 D2 FB 2D B7 76 5A AB CB D4 4B 03 03 AA  |-....-.vZ...K...|
000053B0  E9 95 22 2C 0A 14 87 F5 AD BE 85 8C 34 DE A1 DA  |..",........4...|
000053C0  CC 86 2C 68 5D 6B 00 00 00 00 12 14 E5 E3 5D 0B  |..,h]k........].|
000053D0  47 BF F6 62 02 EC 3F 73 76 BC A1 E7 AE 35 63 EE  |G..b..?sv....5c.|
000053E0  22 2C 0A 14 5D 65 82 6A C4 33 78 4D 19 8E BC AB  |",..]e.j.3xM....|
000053F0  08 D3 68 DC 00 00 00 00 12 14 B6 50 6E A5 6A 3E  |..h........Pn.j>|
00005400  F5 6B 0F 4E BD 19 42 2A 52 8C 96 7E 30 9A 22 2C  |.k.N..B*R..~0.",|
00005410  0A 14 45 F7 2F 4C E9 32 A2 70 B3 D7 59 10 40 4E  |..E./L.2.p..Y.@N|
00005420  88 8D 00 00 00 00 12 14 5E 8A CA C0 7F E1 A0 BB  |........^.......|
00005430  4B F1 7C A5 0E D1 BF F7 90 DD 34 EC 22 2C 0A 14  |K.|.......4.",..|
00005440  25 45 A5 1B 1C D3 AB C6 9C 34 08 46 24 FE 94 AF  |%E.......4.F$...|
00005450  00 00 00 00 12 14 89 B4 54 7F E5 ED 6B 18 0E ED  |........T...k...|
00005460  46 BB 75 2A 56 C6 5B 07 B0 BA 22 2C 0A 14 B9 6C  |F.u*V.[...",...l|
00005470  E3 AE 86 39 0A 5C 04 36 40 9B CB C3 CE 7B 00 00  |...9.\.6@....{..|
00005480  00 00 12 14 A5 D7 13 3F 96 3A D2 F2 65 33 1A 57  |.......?.:..e3.W|
00005490  D5 5C 65 A6 BD D7 31 FE 22 2C 0A 14 EF 39 47 05  |.\e...1.",...9G.|
000054A0  0F FB 85 FC 79 44 1B 25 5D EB 48 45 00 00 00 00  |....yD.%].HE....|
000054B0  12 14 00 30 1B 1E 6E 3D 71 B0 4D 80 84 1D 85 9D  |...0..n=q.M.....|
000054C0  E8 15 94 A3 35 E0 22 2C 0A 14 51 09 77 FD A5 B8  |....5.",..Q.w...|
000054D0  BA 48 D8 D0 9F EB D7 2C FB 68 00 00 00 00 12 14  |.H.....,.h......|
000054E0  97 61 D6 35 28 1F 45 C1 3E 86 19 A8 D1 7B 44 D7  |.a.5(.E.>....{D.|
000054F0  5A 66 DF D1 22 2C 0A 14 25 45 A5 1B 1C D3 AB C6  |Zf..",..%E......|
00005500  52 C6 41 18 C0 0A 09 71 00 00 00 00 12 14 E5 2B  |R.A....q.......+|
00005510  B4 58 53 2F 01 0C EC E9 18 A0 99 1D B1 EF 4C E2  |.XS/..........L.|
00005520  27 D4 22 2C 0A 14 DD 81 32 65 82 9B F6 F9 30 E6  |'.",....2e....0.|
00005530  C5 13 5D F2 16 88 00 00 00 00 12 14 B3 FC 57 7C  |..]...........W||
00005540  F4 5A ED 97 44 5B 6D 9E 4D A5 23 7D C0 63 F0 C6  |.Z..D[m.M.#}.c..|
00005550  22 2C 0A 14 F2 20 D7 07 43 CA 28 69 48 1A F4 40  |",... ..C.(iH..@|
00005560  66 88 B0 65 00 00 00 00 12 14 8B EA D4 16 EB 7F  |f..e............|
00005570  C9 A2 7B 24 87 18 DA 44 FC 8D 34 CE 76 3D 22 2C  |..{$...D..4.v=",|
00005580  0A 14 05 06 99 A9 B1 A6 9A 20 0F 30 A9 E3 25 FE  |......... .0..%.|
00005590  97 F0 00 00 00 00 12 14 8A 25 20 D1 46 6F D4 66  |.........% .Fo.f|
000055A0  B5 21 F0 59 E3 70 E4 FF 1E 3A 79 FB 22 2C 0A 14  |.!.Y.p...:y.",..|
000055B0  05 06 99 A9 B1 A6 9A 20 93 4C 23 F0 3C FA B1 C3  |....... .L#.<...|
000055C0  00 00 00 00 12 14 54 4C BD 8E 7E 8C 04 81 D2 66  |......TL..~....f|
000055D0  B0 D9 EB D7 4B CC B9 85 B9 C9 22 2C 0A 14 17 44  |....K.....",...D|
000055E0  5F F8 01 02 F2 24 A8 D4 D0 7E 65 ED 97 04 00 00  |_....$...~e.....|
000055F0  00 00 12 14 30 7F 65 91 24 8F A0 9C 95 DD E3 C2  |....0.e.$.......|
00005600  6A E5 BC 7F BC 67 39 29 22 2C 0A 14 F2 20 D7 07  |j....g9)",... ..|
00005610  43 CA 28 69 2D E8 AE BE 88 FC 4F B9 00 00 00 00  |C.(i-.....O.....|
00005620  12 14 33 95 FF AA B9 B2 2B 9B D0 75 3F E6 60 82  |..3.....+..u?.`.|
00005630  ED D8 D2 77 B5 0A 22 2C 0A 14 85 F8 12 9A 54 85  |...w..",......T.|
00005640  45 1A 5A 0B B4 52 10 C3 59 32 00 00 00 00 12 14  |E.Z..R..Y2......|
00005650  C5 7A 68 68 73 77 86 14 A0 BE 65 BF 23 F9 AB AC  |.zhhsw....e.#...|
00005660  EB F2 AA 4B 22 2C 0A 14 7D FE EC 55 45 E8 2E AA  |...K",..}..UE...|
00005670  0E 6F C1 AA FC 13 E4 5A 00 00 00 00 12 14 58 94  |.o.....Z......X.|
00005680  D2 76 7C 3F 2C 75 05 52 20 89 EF 7F 3B 35 8D 9E  |.v|?,u.R ...;5..|
00005690  E5 24 22 2C 0A 14 45 F7 2F 4C E9 32 A2 70 1D D8  |.$",..E./L.2.p..|
000056A0  DD 29 A1 9A A2 81 00 00 00 00 12 14 43 90 AB 28  |.)..........C..(|
000056B0  31 68 EB 50 EA 91 FE 5C D7 70 8D 09 14 DF FE 35  |1h.P...\.p.....5|
000056C0  22 2C 0A 14 12 26 06 DE 4B C9 67 BA 9E 17 92 DB  |",...&..K.g.....|
000056D0  AC 9A 80 1E 00 00 00 00 12 14 C4 0E BB 2E 14 D8  |................|
000056E0  78 D2 7F A7 8B 93 CA 86 BC B5 38 83 EA 48 22 2C  |x.........8..H",|
000056F0  0A 14 3B D4 1D AE 15 75 3D 51 EA 96 E6 36 EB B4  |..;....u=Q...6..|
00005700  21 2F 00 00 00 00 12 14 FA E1 65 97 CC B4 FE 57  |!/........e....W|
00005710  80 EC D0 D2 9E 2B 66 A0 13 9C 68 AA 22 2C 0A 14  |.....+f...h.",..|
00005720  3B D4 1D AE 15 75 3D 51 1E C8 E7 41 9C CB 3D CF  |;....u=Q...A..=.|
00005730  00 00 00 00 12 14 9C 35 84 11 F2 5B F2 AF F3 2D  |.......5...[...-|
00005740  2F C2 B6 9E 65 7A DB 52 8A E4 22 2C 0A 14 B4 92  |/...ez.R..",....|
00005750  AD 7A 8F A5 58 02 E6 7C 0A E5 98 C1 1F 8F 00 00  |.z..X..|........|
00005760  00 00 12 14 FD 52 DA CE 2E 5B 51 59 56 20 2C 5C  |.....R...[QYV ,\|
00005770  22 96 A9 56 BD F7 40 9A 22 2C 0A 14 EF 39 47 05  |"..V..@.",...9G.|
00005780  0F FB 85 FC EA 7E C4 47 01 36 0E B8 00 00 00 00  |.....~.G.6......|
00005790  12 14 0F 9C 01 00 AA BB A4 31 8B E7 BC 50 E6 90  |.........1...P..|
000057A0  2D 4F 92 77 18 92 22 2C 0A 14 93 BB 28 4E FF E3  |-O.w..",....(N..|
000057B0  E6 33 BE 19 B2 59 75 3E 0E FB 00 00 00 00 12 14  |.3...Yu>........|
000057C0  11 A0 0F D1 E3 C2 E6 80 DF 83 92 C5 67 64 85 32  |............gd.2|
000057D0  3D 70 91 F5 22 2C 0A 14 16 3C BB 8F 59 93 58 22  |=p..",...<..Y.X"|
000057E0  6B 32 B5 EE D1 D5 2E 2B 00 00 00 00 12 14 41 4F  |k2.....+......AO|
000057F0  53 8D 86 56 95 F6 DA B9 EE 62 BB 12 34 9C 87 F5  |S..V.....b..4...|
00005800  30 3C 22 2C 0A 14 2B 08 9B A6 40 86 CE B7 B6 22  |0<",..+...@...."|
00005810  D1 52 41 78 B2 E5 00 00 00 00 12 14 0A 26 F4 B9  |.RAx.........&..|
00005820  1A 01 ED 3D C9 27 63 52 EF AF BA E1 6F 33 DC B8  |...=.'cR....o3..|
00005830  22 2C 0A 14 3B D4 1D AE 15 75 3D 51 B3 D8 12 42  |",..;....u=Q...B|
00005840  E2 7A 7E 6E 00 00 00 00 12 14 2F 9A 96 91 7D 4B  |.z~n....../...}K|
00005850  13 74 A8 C6 93 B4 79 45 AD 50 E7 8C F8 1B 22 2C  |.t....yE.P....",|
00005860  0A 14 2B 08 9B A6 40 86 CE B7 DD 62 45 43 02 1D  |..+...@....bEC..|
00005870  91 07 00 00 00 00 12 14 A3 A9 4F 42 3C D3 F6 CF  |..........OB<...|
00005880  CE 4B 08 4A 5D AD 3F 51 65 F9 7A A6 22 2C 0A 14  |.K.J].?Qe.z.",..|
00005890  B4 92 AD 7A 8F A5 58 02 4D 7F 3E C4 55 26 47 4F  |...z..X.M.>.U&GO|
000058A0  00 00 00 00 12 14 DD A0 FA 3D 8F B3 D3 57 F2 1C  |.........=...W..|
000058B0  7F 74 C5 68 53 90 13 11 1F 32 22 2C 0A 14 0E 8B  |.t.hS....2",....|
000058C0  31 0B 2E A8 42 41 98 A5 97 73 9B 76 42 6D 00 00  |1...BA...s.vBm..|
000058D0  00 00 12 14 69 36 3A CC EB 46 C1 02 D1 50 6E 99  |....i6:..F...Pn.|
000058E0  32 4E 2B B4 C5 BD 04 66 22 2C 0A 14 CD 48 DD 1F  |2N+....f",...H..|
000058F0  9F 48 7F E5 BE 99 65 23 81 B2 28 C9 00 00 00 00  |.H....e#..(.....|
00005900  12 14 70 7B 75 D6 BC FF 5C 00 1F 33 10 09 27 1F  |..p{u...\..3..'.|
00005910  43 58 B4 54 9B 8C 22 2C 0A 14 D8 6B 97 A6 DA 58  |CX.T..",...k...X|
00005920  11 C9 60 61 AC 27 41 10 80 6E 00 00 00 00 12 14  |..`a.'A..n......|
00005930  FD E4 0A 69 3E A7 1B 1A EC FC 5E 63 30 86 A7 EF  |...i>.....^c0...|
00005940  72 83 DB 95 22 2C 0A 14 7C 29 54 00 F9 65 AA 89  |r...",..|)T..e..|
00005950  11 B2 E5 13 B9 E8 06 E7 00 00 00 00 12 14 7D C6  |..............}.|
00005960  3D 5C 10 AD 30 54 F5 98 E7 DA F0 B2 4E B7 E9 53  |=\..0T......N..S|
00005970  D5 3F 22 2C 0A 14 85 98 AB C8 0D 3E A5 92 B9 54  |.?",.......>...T|
00005980  31 EF 4E 9A 6A 01 00 00 00 00 12 14 D9 F2 52 2C  |1.N.j.........R,|
00005990  7C C7 E8 7D 07 45 C4 ED DC DA 48 7C 35 1F 27 DE  ||..}.E....H|5.'.|
000059A0  22 2C 0A 14 16 3C BB 8F 59 93 58 22 D0 FE 97 DF  |",...<..Y.X"....|
000059B0  62 01 33 2F 00 00 00 00 12 14 68 12 16 53 91 EA  |b.3/......h..S..|
000059C0  2C B0 AB 9E 0E 7F 5C 73 35 4A B0 84 1F C4 22 2C  |,.....\s5J....",|
000059D0  0A 14 16 3C BB 8F 59 93 58 22 50 E9 CF 8D 08 F2  |...<..Y.X"P.....|
000059E0  CF 07 00 00 00 00 12 14 6B 76 84 33 14 7B 2F 3D  |........kv.3.{/=|
000059F0  93 2D 61 38 D6 77 96 7D 91 07 80 A4 22 2C 0A 14  |.-a8.w.}....",..|
00005A00  19 CA C0 54 41 C7 38 52 40 95 8D D1 B3 40 14 46  |...TA.8R@....@.F|
00005A10  00 00 00 00 12 14 61 97 49 24 19 8D 13 91 BD 7C  |......a.I$.....||
00005A20  92 2A 75 E0 72 55 2E 3E 72 7F 22 2C 0A 14 16 3C  |.*u.rU.>r.",...<|
00005A30  BB 8F 59 93 58 22 72 78 4A 35 FC 79 D8 1F 00 00  |..Y.X"rxJ5.y....|
00005A40  00 00 12 14 9B 90 A4 32 BB 0B CD 84 B2 CB F0 79  |.......2.......y|
00005A50  06 CA 98 E8 37 7B 30 9B 22 2C 0A 14 6E A6 EB 53  |....7{0.",..n..S|
00005A60  EA A7 D4 F1 9A AE 96 DA 34 B4 7A 2B 00 00 00 00  |........4.z+....|
00005A70  12 14 6C 35 1E 7B AA 6D E0 A4 B5 D3 AA B0 85 F2  |..l5.{.m........|
00005A80  15 C6 29 E4 5F E2 22 2C 0A 14 52 12 3F 02 8D 1C  |..)._.",..R.?...|
00005A90  EA 7D D4 E3 B7 33 EA 23 D0 3A 00 00 00 00 12 14  |.}...3.#.:......|
00005AA0  D1 98 55 1C 2D 05 89 97 10 E3 10 95 68 8D B4 65  |..U.-.......h..e|
00005AB0  8D 09 05 78 22 2C 0A 14 0E 7D 95 C9 D4 17 B3 07  |...x",...}......|
00005AC0  42 64 62 FB 4B 26 ED 46 00 00 00 00 12 14 41 9A  |Bdb.K&.F......A.|
00005AD0  E5 BF 62 5E 7F 33 E6 9A 77 17 4D AD 02 9D E1 6F  |..b^.3..w.M....o|
00005AE0  60 0E 22 2C 0A 14 9C 5C 1B 35 56 78 98 8F 67 8E  |`.",...\.5Vx..g.|
00005AF0  33 FC 74 FC 7F 3D 00 00 00 00 12 14 E3 06 82 BA  |3.t..=..........|
00005B00  92 70 C5 C6 79 3B AE FD 81 62 E2 5D 0F 0D 57 2D  |.p..y;...b.]..W-|
00005B10  22 2C 0A 14 99 76 2E B6 5D 80 DD 00 EC 33 61 7B  |",...v..]....3a{|
00005B20  40 E2 24 68 00 00 00 00 12 14 9F 00 17 90 B3 A3  |@.$h............|
00005B30  89 5E 30 B9 D4 61 B3 62 67 C7 91 0F ED 35 22 2C  |.^0..a.bg....5",|
00005B40  0A 14 9C 5C 1B 35 56 78 98 8F CB 73 3E 71 35 50  |...\.5Vx...s>q5P|
00005B50  69 EE 00 00 00 00 12 14 4F 89 14 6F 86 1F 85 94  |i.......O..o....|
00005B60  C6 53 70 85 37 E5 82 52 14 1C D6 35 22 2C 0A 14  |.Sp.7..R...5",..|
00005B70  C8 29 57 0F 72 D6 B8 96 1B 60 96 F0 4B 3B 21 3E  |.)W.r....`..K;!>|
00005B80  00 00 00 00 12 14 3B A1 E8 50 DC C2 26 11 D9 EB  |......;..P..&...|
00005B90  D2 90 1F 28 B0 1F 74 80 C8 BE 22 2C 0A 14 C6 01  |...(..t...",....|
00005BA0  1D 19 88 47 3F B2 1C 2D 87 FE 2C CD 9D 3E 00 00  |...G?..-..,..>..|
00005BB0  00 00 12 14 6B 2F 6A 7A F5 AC C4 A0 C8 51 B5 C1  |....k/jz.....Q..|
00005BC0  2E 40 73 7F 64 62 B3 4D 22 2C 0A 14 A2 1B C7 C1  |.@s.db.M",......|
00005BD0  EE 7D 22 43 A8 38 22 3A 2E 13 94 E7 00 00 00 00  |.}"C.8":........|
00005BE0  12 14 64 3F 86 D0 F3 8D 07 25 60 02 2E 6A 23 74  |..d?.....%`..j#t|
00005BF0  2F 79 EB 40 33 1E 22 2C 0A 14 8A BF 6A B8 1C B5  |/y.@3.",....j...|
00005C00  F8 5C 1E C4 94 6B 2B 3A 16 39 00 00 00 00 12 14  |.\...k+:.9......|
00005C10  D8 30 FB FF 2B 13 37 3B 25 41 36 57 29 0D 91 4D  |.0..+.7;%A6W)..M|
00005C20  B3 51 FB 01 22 2C 0A 14 82 D5 47 18 2D 16 90 AA  |.Q..",....G.-...|
00005C30  12 00 AB 24 51 1F 61 5A 00 00 00 00 12 14 57 A0  |...$Q.aZ......W.|
00005C40  03 B3 A0 06 03 80 70 5E 79 6B 04 CE EF DA 14 2D  |......p^yk.....-|
00005C50  50 8A 22 2C 0A 14 F9 68 95 4B 00 E0 0C 2D A7 C8  |P.",...h.K...-..|
00005C60  53 DD 0B 59 4C 7F 00 00 00 00 12 14 E5 D7 C1 18  |S..YL...........|
00005C70  0B E6 30 A0 50 94 55 C7 EB 27 2C 85 77 52 AD AB  |..0.P.U..',.wR..|
00005C80  22 2C 0A 14 B8 18 30 92 3E 88 E3 17 A7 C8 53 DD  |",....0.>.....S.|
00005C90  0B 59 4C 7F 00 00 00 00 12 14 2F 6F F0 89 BE EF  |.YL......./o....|
00005CA0  B8 08 7C 70 58 B2 65 59 A0 0A CC 68 AC C5 22 2C  |..|pX.eY...h..",|
00005CB0  0A 14 6D 91 01 C8 03 F3 CC 79 5F 9D 49 24 B5 9A  |..m......y_.I$..|
00005CC0  4D DA 00 00 00 00 12 14 55 5D C1 36 C5 B7 D5 B5  |M.......U].6....|
00005CD0  E3 48 DC 3E 6A 55 AF B1 61 67 90 22 22 2C 0A 14  |.H.>jU..ag."",..|
00005CE0  2E 36 9E 14 36 CE EC 0D 68 60 81 B9 CA 1B 14 4B  |.6..6...h`.....K|
00005CF0  00 00 00 00 12 14 69 94 12 7A E6 FF F2 11 2B 4E  |......i..z....+N|
00005D00  CB 2A 6C 85 BC D4 A0 64 97 59 22 2C 0A 14 65 0E  |.*l....d.Y",..e.|
00005D10  6E CD 3D 73 F9 BF 9F 12 34 F1 09 29 44 E9 00 00  |n.=s....4..)D...|
00005D20  00 00 12 14 10 08 48 E4 D1 DC 3F 97 11 09 F3 9E  |......H...?.....|
00005D30  E2 29 E3 55 11 18 F5 FB 22 2C 0A 14 BB C3 A8 00  |.).U....",......|
00005D40  E4 33 24 27 34 A1 EA BA 97 9C 3C 0D 00 00 00 00  |.3$'4.....<.....|
00005D50  12 14 C1 53 A2 97 20 43 C6 34 8C 5B CD 3D 0C 8D  |...S.. C.4.[.=..|
00005D60  5F 51 0C B9 01 D5 22 2C 0A 14 13 00 2B 30 B8 C7  |_Q....",....+0..|
00005D70  97 D9 B0 18 45 28 F4 6D AF BC 00 00 00 00 12 14  |....E(.m........|
00005D80  D7 53 BE B0 3D EF BB 85 37 A8 5D 68 9E 73 F8 22  |.S..=...7.]h.s."|
00005D90  2C DE 03 14 22 2C 0A 14 3B 6B 47 6D A7 EE BE 4B  |,...",..;kGm...K|
00005DA0  A7 C8 53 DD 0B 59 4C 7F 00 00 00 00 12 14 E3 72  |..S..YL........r|
00005DB0  5E 3C CD 62 3C F4 1A 36 48 E4 C8 CF DB C6 6D FC  |^<.b<..6H.....m.|
00005DC0  A8 85 22 2C 0A 14 FF 48 32 AF BC D4 EF 7A A7 C8  |..",...H2....z..|
00005DD0  53 DD 0B 59 4C 7F 00 00 00 00 12 14 81 1D E5 B0  |S..YL...........|
00005DE0  03 4E 02 55 18 23 49 0F 90 27 0E E4 3F 70 00 AC  |.N.U.#I..'..?p..|
00005DF0  22 2C 0A 14 2C DB 41 B1 2A E4 DD A5 62 61 58 43  |",..,.A.*...baXC|
00005E00  1A B6 72 F9 00 00 00 00 12 14 12 08 B6 23 40 AF  |..r..........#@.|
00005E10  D4 10 8C 43 84 20 D8 2E 5C 3B 3C 56 DA DE 22 2C  |...C. ..\;<V..",|
00005E20  0A 14 0B 6A CF 74 0B 7F D3 D9 1F 14 1B BE D4 D1  |...j.t..........|
00005E30  3C 43 00 00 00 00 12 14 7E 39 30 0B 0A CE BB B3  |<C......~90.....|
00005E40  A5 D3 A7 74 92 48 F7 FA 37 9A A1 19 22 2C 0A 14  |...t.H..7...",..|
00005E50  59 87 93 1D 44 C5 38 53 47 F5 82 6A 95 75 EE A7  |Y...D.8SG..j.u..|
00005E60  00 00 00 00 12 14 B1 73 71 FD 14 77 9A 06 F1 4B  |.......sq..w...K|
00005E70  4B 88 85 D0 8F 29 3C F8 41 3A 22 2C 0A 14 EA 4F  |K....)<.A:",...O|
00005E80  3B 70 CC 7C C3 DA DF C5 69 79 14 CC E3 9C 00 00  |;p.|....iy......|
00005E90  00 00 12 14 CB 08 0B 44 33 08 5D DC 3F 45 2D BB  |.......D3.].?E-.|
00005EA0  5F 86 BE CF 05 47 D3 50 22 2C 0A 14 19 CA C0 54  |_....G.P",.....T|
00005EB0  41 C7 38 52 D3 02 3E 8F 1E 2D 06 FD 00 00 00 00  |A.8R..>..-......|
00005EC0  12 14 4D 6E F0 74 61 A2 EF 46 E9 65 1C 27 3C C1  |..Mn.ta..F.e.'<.|
00005ED0  ED C1 F3 09 3A 1E 22 2C 0A 14 00 78 BB C9 22 04  |....:.",...x..".|
00005EE0  D5 FD 1D D0 3A B9 C0 BC 97 1C 00 00 00 00 12 14  |....:...........|
00005EF0  D3 4D 60 1C F4 D2 70 85 B1 69 38 2B 6F CD 98 9A  |.M`...p..i8+o...|
00005F00  1B 37 54 60 22 2C 0A 14 EA 4F 3B 70 CC 7C C3 DA  |.7T`",...O;p.|..|
00005F10  68 F2 3B 73 9A 09 CA 26 00 00 00 00 12 14 BD 41  |h.;s...&.......A|
00005F20  46 60 A9 11 B5 9F 48 5A 48 81 B0 25 15 2B 58 00  |F`....HZH..%.+X.|
00005F30  F3 B4 22 2C 0A 14 BC 09 90 D4 49 32 5D 71 42 69  |..",......I2]qBi|
00005F40  AA 6C 96 E8 A5 EA 00 00 00 00 12 14 57 02 5D 50  |.l..........W.]P|
00005F50  9B C7 53 35 30 13 04 4A CB 7B 4C 66 29 44 9F BD  |..S50..J.{Lf)D..|
00005F60  22 2C 0A 14 3A 8C 9A C9 7F 27 84 32 EF 9F EA 3B  |",..:....'.2...;|
00005F70  B3 5C 55 A8 00 00 00 00 12 14 26 5E 0A C0 E5 23  |.\U.......&^...#|
00005F80  B6 25 24 05 A9 20 F4 BF 58 A3 CD 1F DE 08 22 2C  |.%$.. ..X.....",|
00005F90  0A 14 BC 09 90 D4 49 32 5D 71 31 E0 E2 A8 0E CA  |......I2]q1.....|
00005FA0  BD 9C 00 00 00 00 12 14 8C AC 8F AB 8C A7 08 9B  |................|
00005FB0  75 3E 42 E5 AB 6A 8B CF 5B 3A A7 C3 22 2C 0A 14  |u>B..j..[:..",..|
00005FC0  2D 0A 88 E6 0F B9 9B 90 90 50 1D B7 34 27 27 6A  |-........P..4''j|
00005FD0  00 00 00 00 12 14 B6 E3 DA 5A 5F B3 45 E8 40 84  |.........Z_.E.@.|
00005FE0  78 DD 5C B9 EA 81 FA 9E C2 77 22 2C 0A 14 CC D2  |x.\......w",....|
00005FF0  CC 0E 17 58 3B FE A9 81 D4 13 E1 56 8F A6 00 00  |...X;......V....|
00006000  00 00 12 14 0A F5 D8 79 7B DC 83 EA 2F CC B7 A4  |.......y{.../...|
00006010  BD 47 3C 2F 38 23 1C 01 22 2C 0A 14 2B 08 9B A6  |.G</8#..",..+...|
00006020  40 86 CE B7 7E 77 CA 2A E2 29 E7 86 00 00 00 00  |@...~w.*.)......|
00006030  12 14 18 03 16 66 8F 78 88 0B 82 1D C9 60 E6 07  |.....f.x.....`..|
00006040  84 AE A5 6A 71 38 22 2C 0A 14 2D 0A 88 E6 0F B9  |...jq8",..-.....|
00006050  9B 90 49 6F 1F 11 6A 46 86 61 00 00 00 00 12 14  |..Io..jF.a......|
00006060  FD 52 BA 5C EB 0A 42 6B 20 60 16 7C A8 B9 4A A5  |.R.\..Bk `.|..J.|
00006070  E9 7D 6E B7 22 2C 0A 14 4F 1B 39 B4 41 45 8D 69  |.}n.",..O.9.AE.i|
00006080  37 2D 95 92 6B 45 39 EE 00 00 00 00 12 14 25 71  |7-..kE9.......%q|
00006090  F0 32 FD 33 37 35 79 EF D0 8B E5 AB 72 B6 AD BA  |.2.375y.....r...|
000060A0  30 6F 22 2C 0A 14 B4 60 A8 B7 B0 FD 39 D8 01 3C  |0o",...`....9..<|
000060B0  87 07 51 4D C6 8B 00 00 00 00 12 14 C7 4E 43 57  |..QM.........NCW|
000060C0  52 7D 39 1C 6F 78 A1 2B 15 D0 CF D7 49 87 F6 0B  |R}9.ox.+....I...|
000060D0  22 2C 0A 14 9C 5C 1B 35 56 78 98 8F BF BD FA AF  |",...\.5Vx......|
000060E0  24 0B 34 BB 00 00 00 00 12 14 03 79 27 64 03 6D  |$.4........y'd.m|
000060F0  BC 88 CA A0 FF 6F 7E 0E A3 6A 3D CC AF 5D 22 2C  |.....o~..j=..]",|
00006100  0A 14 CE AA C3 A0 3F 1A 96 98 A9 16 57 DC E6 3C  |......?.....W..<|
00006110  91 87 00 00 00 00 12 14 91 36 49 4E 95 56 8E BD  |.........6IN.V..|
00006120  99 54 FD D0 2F C0 AF 9F 66 E8 B3 F6 22 2C 0A 14  |.T../...f...",..|
00006130  35 83 44 78 4D 84 29 2B A7 C8 53 DD 0B 59 4C 7F  |5.DxM.)+..S..YL.|
00006140  00 00 00 00 12 14 20 58 05 06 AC 1D B7 E6 30 4B  |...... X......0K|
00006150  06 7A 39 29 2B 18 31 AA 8D C1 22 2C 0A 14 39 82  |.z9)+.1...",..9.|
00006160  BD BB 6C 68 DA 5D A7 C8 53 DD 0B 59 4C 7F 00 00  |..lh.]..S..YL...|
00006170  00 00 12 14 00 CE B1 23 37 2C 1C 52 F8 02 04 DD  |.......#7,.R....|
00006180  F8 E7 2F 24 D7 D8 C9 82 22 2C 0A 14 BA DF 5D 1B  |../$....",....].|
00006190  71 54 48 D9 90 06 D1 75 09 F4 01 83 00 00 00 00  |qTH....u........|
000061A0  12 14 A9 FD 69 F4 FA B5 27 CE 64 4C 07 FF 9D DF  |....i...'.dL....|
000061B0  86 C1 F0 7D 35 A5 22 2C 0A 14 93 7D 12 21 28 7F  |...}5.",...}.!(.|
000061C0  94 91 0A C1 4F 0E A2 E4 37 8F 00 00 00 00 12 14  |....O...7.......|
000061D0  1A 75 9C 73 21 69 8C E0 4E E4 52 B8 E1 C0 B5 DE  |.u.s!i..N.R.....|
000061E0  4C 89 C1 58 22 2C 0A 14 A0 7B 9B E6 D4 FB F3 11  |L..X",...{......|
000061F0  17 30 18 D0 51 93 F5 F9 00 00 00 00 12 14 71 CE  |.0..Q.........q.|
00006200  A2 18 87 AA 2A 6C F9 94 B0 83 F2 BA DA 6E D1 D3  |....*l.......n..|
00006210  B4 D6 22 2C 0A 14 94 54 D3 EC 94 10 AF B3 98 3A  |..",...T.......:|
00006220  E7 16 DA C1 A2 18 00 00 00 00 12 14 CA 60 02 C3  |.............`..|
00006230  9C 5C C1 12 96 42 69 3A 4B A5 10 5C 9E C2 C7 C1  |.\...Bi:K..\....|
00006240  22 2C 0A 14 A0 DA 2E 96 CD BE C6 2D 9C E0 2D 09  |",.........-..-.|
00006250  50 43 12 59 00 00 00 00 12 14 CB D6 4E 43 8F 8D  |PC.Y........NC..|
00006260  ED 19 7B B0 BA 24 26 6E AC FB 21 72 FE 7B 22 2C  |..{..$&n..!r.{",|
00006270  0A 14 65 0E 6E CD 3D 73 F9 BF DE 8B 6D 2E A2 CC  |..e.n.=s....m...|
00006280  09 94 00 00 00 00 12 14 C8 B1 17 6A 22 D3 68 47  |...........j".hG|
00006290  61 5C 1A AA FD 34 02 17 71 1C 2A 1A 22 2C 0A 14  |a\...4..q.*.",..|
000062A0  BF 5C 09 43 09 EF AF 30 D5 54 CE 54 8D 0D 1D 8E  |.\.C...0.T.T....|
000062B0  00 00 00 00 12 14 54 0A 52 E5 A4 D3 1E 72 44 1D  |......T.R....rD.|
000062C0  AA AD 1B 73 78 C1 59 76 D0 B0 22 2C 0A 14 85 4B  |...sx.Yv..",...K|
000062D0  B2 47 DA ED 62 22 BF 5D 54 BF 1A FD 89 22 00 00  |.G..b".]T...."..|
000062E0  00 00 12 14 AC B5 F9 FF 81 AB 10 70 36 2C B2 87  |...........p6,..|
000062F0  DB 74 88 F2 25 5E 6B 57 22 2C 0A 14 7C C8 38 CF  |.t..%^kW",..|.8.|
00006300  6A 7A AC 56 C3 78 B6 42 F8 61 A6 5E 00 00 00 00  |jz.V.x.B.a.^....|
00006310  12 14 BE 50 D8 D3 AD E5 BA 65 ED 9E C9 4B 2C 2C  |...P.....e...K,,|
00006320  F8 FF DC CA DB 5B 22 2C 0A 14 B7 2C 37 52 EF C5  |.....[",...,7R..|
00006330  C6 55 B8 02 63 DD 55 33 4F 3D 00 00 00 00 12 14  |.U..c.U3O=......|
00006340  60 3E 9E E3 61 0E 80 BE 23 4A 3F 85 FB E7 FD B4  |`>..a...#J?.....|
00006350  45 A7 8E A2 22 2C 0A 14 16 CC 64 C1 9A B6 4D 75  |E...",....d...Mu|
00006360  7E F0 38 A5 C3 ED 36 CA 00 00 00 00 12 14 58 1B  |~.8...6.......X.|
00006370  F0 B0 A3 76 A9 2D 49 05 97 2A 75 75 A7 C7 80 40  |...v.-I..*uu...@|
00006380  B6 24 22 2C 0A 14 45 F7 2F 4C E9 32 A2 70 C5 86  |.$",..E./L.2.p..|
00006390  53 A4 28 41 4B 16 00 00 00 00 12 14 55 D4 FF 3D  |S.(AK.......U..=|
000063A0  07 F9 4F 73 6C D0 27 C7 10 55 10 BA C9 7A BF 8B  |..Osl.'..U...z..|
000063B0  22 2C 0A 14 3A 37 15 98 0D 59 D0 B5 A0 07 BA 04  |",..:7...Y......|
000063C0  6C BF 74 C1 00 00 00 00 12 14 DE 19 82 D6 8A 62  |l.t............b|
000063D0  66 14 74 54 D2 DD D5 7D 1F 7D 1C 02 DB 98 22 2C  |f.tT...}.}....",|
000063E0  0A 14 08 85 62 69 1C 5E BE 34 5E E0 E5 80 42 CC  |....bi.^.4^...B.|
000063F0  6A 07 00 00 00 00 12 14 9F C6 52 00 B9 05 37 C5  |j.........R...7.|
00006400  50 78 0C DD 64 EB 13 98 9F 2E FB 83 22 2C 0A 14  |Px..d.......",..|
00006410  DD 81 32 65 82 9B F6 F9 D4 DF D2 79 5B 99 B5 A8  |..2e.......y[...|
00006420  00 00 00 00 12 14 85 2D 43 1A 0F 96 53 8F 73 19  |.......-C...S.s.|
00006430  2C 91 3E 46 FB 9C B4 CF 73 FB 22 2C 0A 14 85 4B  |,.>F....s.",...K|
00006440  B2 47 DA ED 62 22 9D 27 3F DC 9A D6 AD 82 00 00  |.G..b".'?.......|
00006450  00 00 12 14 92 D9 25 87 19 5D CC A4 41 8E C2 AF  |......%..]..A...|
00006460  C6 3B 12 AD 9F 4D 68 0E 22 2C 0A 14 CB 51 EC C3  |.;...Mh.",...Q..|
00006470  47 AB ED 2B 85 BD 64 00 E8 E0 A1 14 00 00 00 00  |G..+..d.........|
00006480  12 14 5D EE 2D D9 6A 00 D3 A5 F7 FD 5B 3F 60 D2  |..].-.j.....[?`.|
00006490  84 5D 39 DF 33 C8 22 2C 0A 14 05 06 99 A9 B1 A6  |.]9.3.",........|
000064A0  9A 20 BC D8 33 B0 C4 3C 01 10 00 00 00 00 12 14  |. ..3..<........|
000064B0  AD 76 55 6C 70 BB 04 4A CF D9 4D 11 17 37 BA 7C  |.vUlp..J..M..7.||
000064C0  34 07 74 CA 22 2C 0A 14 7C C8 38 CF 6A 7A AC 56  |4.t.",..|.8.jz.V|
000064D0  F9 6B 26 81 4D 76 50 B4 00 00 00 00 12 14 00 4E  |.k&.MvP........N|
000064E0  F8 DD 8E 5A 71 98 CC 42 6A D7 7F 4E E2 4D EF D4  |...Zq..Bj..N.M..|
000064F0  75 BD 22 2C 0A 14 BF 5C 09 43 09 EF AF 30 F6 19  |u.",...\.C...0..|
00006500  F0 30 59 20 98 BB 00 00 00 00 12 14 9B 8A 57 6F  |.0Y ..........Wo|
00006510  53 FD DB 78 43 A8 FF E1 95 F5 93 18 B1 A4 9E 3F  |S..xC..........?|
00006520  22 2C 0A 14 5D 65 82 6A C4 33 78 4D C1 D6 C2 38  |",..]e.j.3xM...8|
00006530  36 36 55 0C 00 00 00 00 12 14 7E C4 AE C5 EE F7  |66U.......~.....|
00006540  19 31 C4 CA 5D 80 C8 2D B7 10 E3 79 C9 52 22 2C  |.1..]..-...y.R",|
00006550  0A 14 CB 51 EC C3 47 AB ED 2B 05 ED 24 D2 2B 0E  |...Q..G..+..$.+.|
00006560  E2 5B 00 00 00 00 12 14 FB 43 3C 96 00 71 DC 3A  |.[.......C<..q.:|
00006570  A5 65 E0 A5 00 20 1E 7A CF B4 48 CA 22 2C 0A 14  |.e... .z..H.",..|
00006580  7C C8 38 CF 6A 7A AC 56 7F B0 E5 09 6F 01 A1 08  ||.8.jz.V....o...|
00006590  00 00 00 00 12 14 71 BF 12 42 84 61 60 D6 25 EC  |......q..B.a`.%.|
000065A0  F6 04 88 65 82 B3 47 D1 F3 99 22 2C 0A 14 4E D1  |...e..G...",..N.|
000065B0  B7 02 58 1E 11 34 8C 10 B1 73 D0 EA 26 02 00 00  |..X..4...s..&...|
000065C0  00 00 12 14 A0 CE 19 22 AA 23 FC 7C E8 E6 81 36  |.......".#.|...6|
000065D0  79 CA 1F 16 C0 D3 B8 B2 22 2C 0A 14 05 06 99 A9  |y.......",......|
000065E0  B1 A6 9A 20 68 AD D8 2C 27 86 B9 CF 00 00 00 00  |... h..,'.......|
000065F0  12 14 84 64 45 F1 60 A9 81 8D 45 3F BD DF 04 6B  |...dE.`...E?...k|
00006600  C0 1F 74 6A 77 12 22 2C 0A 14 25 45 A5 1B 1C D3  |..tjw.",..%E....|
00006610  AB C6 6B 00 DE 1D 72 41 AF A3 00 00 00 00 12 14  |..k...rA........|
00006620  71 D4 87 6C 25 7E FB F0 C6 89 42 56 FF F8 5C 1E  |q..l%~....BV..\.|
00006630  D7 ED E7 9D 22 2C 0A 14 DD 81 32 65 82 9B F6 F9  |....",....2e....|
00006640  89 8D D2 61 84 90 89 0C 00 00 00 00 12 14 84 13  |...a............|
00006650  67 5E C4 7B 8D D0 A5 4C AF 63 B3 CC C2 26 94 6C  |g^.{...L.c...&.l|
00006660  10 06 22 2C 0A 14 BF 5C 09 43 09 EF AF 30 5F 3A  |..",...\.C...0_:|
00006670  EA 82 3B 60 8E 7C 00 00 00 00 12 14 54 B8 6D 71  |..;`.|......T.mq|
00006680  1B 04 AC 67 77 27 70 6F A9 0B 83 E7 1E 15 D6 0C  |...gw'po........|
00006690  22 2C 0A 14 B9 6C E3 AE 86 39 0A 5C CD F8 FF 19  |",...l...9.\....|
000066A0  8F 41 C6 82 00 00 00 00 12 14 96 A1 D8 1C 03 79  |.A.............y|
000066B0  88 87 CD 22 93 2A 9E 24 2A E4 38 00 24 8E 22 2C  |...".*.$*.8.$.",|
000066C0  0A 14 3C 4D CB 0E 83 8A A0 59 7D FD 85 4B 3F C4  |..<M.....Y}..K?.|
000066D0  11 B4 00 00 00 00 12 14 98 51 40 0F 68 51 96 18  |.........Q@.hQ..|
000066E0  A8 98 0E 6A 19 42 37 33 F7 9D EA 1E 22 2C 0A 14  |...j.B73....",..|
000066F0  BF 5C 09 43 09 EF AF 30 23 5A 85 1D 2A 27 2C FA  |.\.C...0#Z..*',.|
00006700  00 00 00 00 12 14 C1 E6 F7 47 7E 30 30 8D 5E 16  |.........G~00.^.|
00006710  03 96 5B 33 87 CF 72 A9 4B E7 22 2C 0A 14 05 06  |..[3..r.K.",....|
00006720  99 A9 B1 A6 9A 20 E4 4D 77 4A B3 00 B0 0C 00 00  |..... .MwJ......|
00006730  00 00 12 14 20 96 D6 C6 E4 72 3F 3A 35 0C 30 21  |.... ....r?:5.0!|
00006740  26 AB 82 DF 78 12 DA 27 22 2C 0A 14 12 26 06 DE  |&...x..'",...&..|
00006750  4B C9 67 BA 48 BB C5 AF BB 9E C9 0C 00 00 00 00  |K.g.H...........|
00006760  12 14 CF E8 27 D0 6C 38 2E E1 ED F3 87 B9 38 A8  |....'.l8......8.|
00006770  6E 18 8C 99 6C 0F 22 2C 0A 14 7C C8 38 CF 6A 7A  |n...l.",..|.8.jz|
00006780  AC 56 2B 34 A9 42 09 7E C4 12 00 00 00 00 12 14  |.V+4.B.~........|
00006790  86 A2 03 7F EC BA 1F 6B 7A 25 8E 2E 28 F1 38 B7  |.......kz%..(.8.|
000067A0  5D 8F 97 EE 22 2C 0A 14 DD 81 32 65 82 9B F6 F9  |]...",....2e....|
000067B0  8A 2D 78 A8 88 4D 8A 53 00 00 00 00 12 14 D5 B0  |.-x..M.S........|
000067C0  51 1E B6 C8 9C 95 51 AF F0 AE 29 D9 6C 10 08 28  |Q.....Q...).l..(|
000067D0  81 E4 22 2C 0A 14 17 44 5F F8 01 02 F2 24 58 99  |..",...D_....$X.|
000067E0  A0 8E 56 DF D3 C9 00 00 00 00 12 14 9C FF 2D D4  |..V...........-.|
000067F0  0C E6 5A C4 84 03 94 FD 19 DA C8 06 50 7A B7 51  |..Z.........Pz.Q|
00006800  22 2C 0A 14 05 06 99 A9 B1 A6 9A 20 05 3A 65 3F  |",......... .:e?|
00006810  80 CC F0 81 00 00 00 00 12 14 B7 74 C1 7C 67 68  |...........t.|gh|
00006820  67 61 F4 4C F7 CF E9 E5 98 41 51 0B 50 DE 22 2C  |ga.L.....AQ.P.",|
00006830  0A 14 5D 65 82 6A C4 33 78 4D A8 35 CA 89 F3 AC  |..]e.j.3xM.5....|
00006840  9A 7D 00 00 00 00 12 14 3E 7B 2D 73 A6 41 11 22  |.}......>{-s.A."|
00006850  6C 8D 3C A5 47 C0 47 CD DF F4 07 35 22 2C 0A 14  |l.<.G.G....5",..|
00006860  90 3A 66 D5 D4 D2 6E B9 A4 79 5A CC B6 56 2D 0F  |.:f...n..yZ..V-.|
00006870  00 00 00 00 12 14 AF E0 66 E6 82 A3 D0 68 3B 50  |........f....h;P|
00006880  7B 6A AB 2E 92 E6 55 D6 47 2A 22 2C 0A 14 17 44  |{j....U.G*",...D|
00006890  5F F8 01 02 F2 24 1F 57 BD 34 51 C1 C5 8A 00 00  |_....$.W.4Q.....|
000068A0  00 00 12 14 5C 22 BA 1C EE 59 C4 D7 CA B9 56 EF  |....\"...Y....V.|
000068B0  2D 70 62 A9 10 50 18 4A 22 2C 0A 14 EF 39 47 05  |-pb..P.J",...9G.|
000068C0  0F FB 85 FC 7F BA 0F EB 93 B8 0D 9C 00 00 00 00  |................|
000068D0  12 14 6B 2D 93 32 C2 72 D7 F4 ED 12 5A CE 66 73  |..k-.2.r....Z.fs|
000068E0  70 86 CF AB 59 03 22 2C 0A 14 25 45 A5 1B 1C D3  |p...Y.",..%E....|
000068F0  AB C6 A9 FD 0D 80 A8 F5 AD CA 00 00 00 00 12 14  |................|
00006900  BB E2 79 8E 2B A6 1D 4E 35 20 A2 17 E4 CE 24 C3  |..y.+..N5 ....$.|
00006910  5D 70 5D 11 22 2C 0A 14 05 06 99 A9 B1 A6 9A 20  |]p].",......... |
00006920  5A 81 98 B3 60 0D B9 EC 00 00 00 00 12 14 CC C3  |Z...`...........|
00006930  A4 0D A8 18 05 7F F8 05 D7 82 B3 3B 66 F6 DD 3D  |...........;f..=|
00006940  29 74 22 2C 0A 14 7C C8 38 CF 6A 7A AC 56 6E 3C  |)t",..|.8.jz.Vn<|
00006950  20 3E 4B 22 11 5F 00 00 00 00 12 14 9A 40 CB 56  | >K"._.......@.V|
00006960  2F 20 C0 B6 F7 C3 A8 6B A8 F8 94 44 BB CA 1E 9C  |/ .....k...D....|
00006970  22 2C 0A 14 DD 81 32 65 82 9B F6 F9 45 EC 98 44  |",....2e....E..D|
00006980  2F 19 6C 62 00 00 00 00 12 14 AB 49 F0 DE BA 84  |/.lb.......I....|
00006990  44 4B FB 4C 62 05 71 D3 10 34 8F 74 AC F1 22 2C  |DK.Lb.q..4.t..",|
000069A0  0A 14 BF 5C 09 43 09 EF AF 30 C1 66 E3 A5 27 AA  |...\.C...0.f..'.|
000069B0  97 9A 00 00 00 00 12 14 03 11 A1 D9 7C 25 7A 52  |............|%zR|
000069C0  CB D9 57 59 C6 13 29 DC DB 78 19 4F 22 2C 0A 14  |..WY..)..x.O",..|
000069D0  DD 81 32 65 82 9B F6 F9 6F 7F BE F9 EF 78 EB 5C  |..2e....o....x.\|
000069E0  00 00 00 00 12 14 78 9D BF F5 F2 AB DD 19 96 3D  |......x........=|
000069F0  96 46 D9 89 FE FD 7C 7F C5 F3 22 2C 0A 14 EF 39  |.F....|...",...9|
00006A00  47 05 0F FB 85 FC 59 9A 47 75 87 78 4B D5 00 00  |G.....Y.Gu.xK...|
00006A10  00 00 12 14 3D E9 78 99 0A 70 62 1A 95 E7 1B 89  |....=.x..pb.....|
00006A20  94 77 E8 E4 26 9D 36 4F 22 2C 0A 14 19 A3 46 FB  |.w..&.6O",....F.|
00006A30  89 6E B5 58 AD 26 E8 80 79 83 1E 57 00 00 00 00  |.n.X.&..y..W....|
00006A40  12 14 F6 7E D9 45 CF 1A 7F 6B 0D 48 06 D5 BD 23  |...~.E...k.H...#|
00006A50  13 C3 82 31 9B C4 22 2C 0A 14 EF 39 47 05 0F FB  |...1..",...9G...|
00006A60  85 FC FF F2 BB 14 73 F2 7A C0 00 00 00 00 12 14  |......s.z.......|
00006A70  6B 42 3B 0A 64 F8 C6 A8 35 A9 96 E0 38 D2 1B B1  |kB;.d...5...8...|
00006A80  EB FA CE 56 22 2C 0A 14 05 06 99 A9 B1 A6 9A 20  |...V",......... |
00006A90  EB C6 DA 6D C1 FA 18 9B 00 00 00 00 12 14 92 BE  |...m............|
00006AA0  DE 68 2D 52 D1 3E 0C 1B 87 46 85 03 C5 27 4C 48  |.h-R.>...F...'LH|
00006AB0  14 24 22 2C 0A 14 6E B2 49 3D F2 0C 36 85 2A F4  |.$",..n.I=..6.*.|
00006AC0  C5 F3 B8 0D 8C F4 00 00 00 00 12 14 C2 A8 D6 34  |...............4|
00006AD0  40 14 1D 4A 13 EF A5 40 8F 78 A7 B8 05 09 81 F5  |@..J...@.x......|
00006AE0  22 2C 0A 14 DD 81 32 65 82 9B F6 F9 B2 B0 D9 D3  |",....2e........|
00006AF0  32 C3 35 45 00 00 00 00 12 14 DB 94 6D F4 B3 DB  |2.5E........m...|
00006B00  2E 70 4C 7C 2D 94 EE C6 8A 96 2D 15 2D E5 22 2C  |.pL|-.....-.-.",|
00006B10  0A 14 BF 5C 09 43 09 EF AF 30 91 BE A8 0D A4 F9  |...\.C...0......|
00006B20  19 3E 00 00 00 00 12 14 D4 B3 8D 92 4B D4 9F 08  |.>..........K...|
00006B30  11 35 AD 3B E8 AE C7 FD 14 B7 26 8F 22 2C 0A 14  |.5.;......&.",..|
00006B40  DD 81 32 65 82 9B F6 F9 98 03 67 8F 9E F0 9C E8  |..2e......g.....|
00006B50  00 00 00 00 12 14 69 FC 53 52 15 1A A1 65 1C 69  |......i.SR...e.i|
00006B60  4B 7D CD 6C F6 7C 84 9E 5F CC 22 2C 0A 14 D4 58  |K}.l.|.._.",...X|
00006B70  F3 C4 F9 40 63 71 F5 E6 8D 5C 64 6F E9 71 00 00  |...@cq...\do.q..|
00006B80  00 00 12 14 0A BA 38 FF CA 57 B3 68 6D 59 8C 51  |......8..W.hmY.Q|
00006B90  8A 7E 28 6B 8E 0B 9F A9 22 2C 0A 14 EF 24 21 05  |.~(k....",...$!.|
00006BA0  C5 8D 89 92 24 A6 8B B3 C0 36 AF 87 00 00 00 00  |....$....6......|
00006BB0  12 14 B3 52 BF 71 DA B2 FD 26 94 45 1C 9F 78 68  |...R.q...&.E..xh|
00006BC0  DB 57 56 81 54 D0 22 2C 0A 14 EF 39 47 05 0F FB  |.WV.T.",...9G...|
00006BD0  85 FC 7D 87 5B F8 17 F7 6F 57 00 00 00 00 12 14  |..}.[...oW......|
00006BE0  56 FE 65 7E EA 87 01 CD 5C 73 14 57 68 44 2B 42  |V.e~....\s.WhD+B|
00006BF0  AC 1F DC E8 22 2C 0A 14 05 06 99 A9 B1 A6 9A 20  |....",......... |
00006C00  7C 3C EF 2A 9D BD D0 5C 00 00 00 00 12 14 A2 47  ||<.*...\.......G|
00006C10  13 CC 89 6F 6F 79 AB E9 D6 68 B5 B1 A0 14 F7 54  |...ooy...h.....T|
00006C20  8D B6 22 2C 0A 14 CB 51 EC C3 47 AB ED 2B 6D 5B  |..",...Q..G..+m[|
00006C30  B4 64 CC 3D 83 12 00 00 00 00 12 14 36 6F E8 1F  |.d.=........6o..|
00006C40  3D 9F 52 C8 19 19 6F BB BE E8 77 F9 56 1A D3 A2  |=.R...o...w.V...|
00006C50  22 2C 0A 14 BF 5C 09 43 09 EF AF 30 34 D1 80 43  |",...\.C...04..C|
00006C60  F2 3A BF 73 00 00 00 00 12 14 DC 34 15 7B 2C 3C  |.:.s.......4.{,<|
00006C70  51 CE 13 BD 19 F6 27 32 FC 1E 4B A7 BD 35 22 2C  |Q.....'2..K..5",|
00006C80  0A 14 C8 29 57 0F 72 D6 B8 96 C8 F4 AD B6 5D 6A  |...)W.r.......]j|
00006C90  E5 F1 00 00 00 00 12 14 9A DE 6F 38 2B 61 11 B6  |..........o8+a..|
00006CA0  B7 1B 13 D9 74 B2 1F 8E 81 34 92 3B 22 2C 0A 14  |....t....4.;",..|
00006CB0  BF 5C 09 43 09 EF AF 30 87 B0 64 F1 24 93 36 BB  |.\.C...0..d.$.6.|
00006CC0  00 00 00 00 12 14 F5 37 49 3D F2 06 DB 52 01 D1  |.......7I=...R..|
00006CD0  99 6A 19 FF 55 5E 0B C3 CA 07 22 2C 0A 14 D4 58  |.j..U^....",...X|
00006CE0  F3 C4 F9 40 63 71 5B 05 E8 11 71 E1 D1 1E 00 00  |...@cq[...q.....|
00006CF0  00 00 12 14 0C 08 8B 5E 8F 3E B9 1A 2E 65 3A 9F  |.......^.>...e:.|
00006D00  F0 5E B6 FC 5E 89 7B B6 22 2C 0A 14 05 06 99 A9  |.^..^.{.",......|
00006D10  B1 A6 9A 20 63 AB 8A EC 09 A2 C0 32 00 00 00 00  |... c......2....|
00006D20  12 14 A1 33 07 10 DD 8A 5E A0 A5 6B 16 66 31 95  |...3....^..k.f1.|
00006D30  E8 88 91 87 34 D5 22 2C 0A 14 7C C8 38 CF 6A 7A  |....4.",..|.8.jz|
00006D40  AC 56 9A DD C9 78 A7 25 18 FE 00 00 00 00 12 14  |.V...x.%........|
00006D50  6A 05 A3 C8 53 8E 1D 28 3D BF A8 B3 0B 61 39 57  |j...S..(=....a9W|
00006D60  0D 0B F6 78 22 2C 0A 14 BF 5C 09 43 09 EF AF 30  |...x",...\.C...0|
00006D70  D2 A6 9E 67 38 23 86 8E 00 00 00 00 12 14 C0 A9  |...g8#..........|
00006D80  C9 00 A1 E0 03 06 D2 EA BD 00 69 D9 54 A1 11 E8  |..........i.T...|
00006D90  4A 2C 22 2C 0A 14 EA 4F 3B 70 CC 7C C3 DA C7 04  |J,",...O;p.|....|
00006DA0  10 AC 88 AF 55 8E 00 00 00 00 12 14 92 56 9D 98  |....U........V..|
00006DB0  0F 4E 35 DE 68 7E 71 E9 25 57 98 B8 15 1B 20 A6  |.N5.h~q.%W.... .|
00006DC0  22 2C 0A 14 BC 18 37 69 13 62 BD 13 A5 12 66 84  |",....7i.b....f.|
00006DD0  14 90 AB 6B 00 00 00 00 12 14 A4 9B 6A C7 08 D6  |...k........j...|
00006DE0  9D F7 B8 49 F8 D8 0A F5 A3 FA BD A5 43 42 22 2C  |...I........CB",|
00006DF0  0A 14 5D 65 82 6A C4 33 78 4D C5 64 53 90 7A 82  |..]e.j.3xM.dS.z.|
00006E00  DD AE 00 00 00 00 12 14 EA F2 53 34 94 A6 6E 1F  |..........S4..n.|
00006E10  2B E1 79 14 79 19 47 04 E2 39 CC 37 22 2C 0A 14  |+.y.y.G..9.7",..|
00006E20  85 4B B2 47 DA ED 62 22 64 B4 EF 1F F7 DC B5 E9  |.K.G..b"d.......|
00006E30  00 00 00 00 12 14 B8 19 50 26 BD EF 9C D8 74 F2  |........P&....t.|
00006E40  28 4D 70 36 2E 6B F5 64 E8 57 22 2C 0A 14 DD 81  |(Mp6.k.d.W",....|
00006E50  32 65 82 9B F6 F9 55 F7 CC A0 2D 0E FF D0 00 00  |2e....U...-.....|
00006E60  00 00 12 14 8D F6 CC 61 73 03 F0 87 14 29 EF 0B  |.......as....)..|
00006E70  A5 3B CD D6 27 B5 A3 3A 22 2C 0A 14 EA 4F 3B 70  |.;..'..:",...O;p|
00006E80  CC 7C C3 DA 87 99 71 13 93 9F AF 09 00 00 00 00  |.|....q.........|
00006E90  12 14 E4 38 BC 5D 4F 91 EC 07 CC DD 51 59 42 BC  |...8.]O.....QYB.|
00006EA0  7C 7B 3C 46 A2 F4 22 2C 0A 14 85 4B B2 47 DA ED  ||{<F..",...K.G..|
00006EB0  62 22 D8 AC F7 EE DA 4E 79 A9 00 00 00 00 12 14  |b".....Ny.......|
00006EC0  FE EC 64 39 2A 36 0C F3 E0 C5 0D 67 0C CA 2B 01  |..d9*6.....g..+.|
00006ED0  82 19 E2 E8 22 2C 0A 14 D4 58 F3 C4 F9 40 63 71  |....",...X...@cq|
00006EE0  19 26 4E DD B3 41 3F 55 00 00 00 00 12 14 E5 E8  |.&N..A?U........|
00006EF0  58 AB A6 A1 7D 34 B7 2E F7 53 36 27 BA 60 B1 E5  |X...}4...S6'.`..|
00006F00  5D 34 22 2C 0A 14 B7 2C 37 52 EF C5 C6 55 79 41  |]4",...,7R...UyA|
00006F10  D6 C1 9D 88 A3 C6 00 00 00 00 12 14 96 D1 F7 32  |...............2|
00006F20  47 E5 F4 66 6E 2A 4D BD 14 53 3C D7 42 6D 98 E6  |G..fn*M..S<.Bm..|
00006F30  22 2C 0A 14 EA 4F 3B 70 CC 7C C3 DA EB 81 84 19  |",...O;p.|......|
00006F40  5B 91 30 56 00 00 00 00 12 14 AA 0F B2 ED 6B EA  |[.0V..........k.|
00006F50  0C D0 D6 37 BE B7 6A B4 35 AE A8 11 A3 F5 22 2C  |...7..j.5.....",|
00006F60  0A 14 BF 5C 09 43 09 EF AF 30 15 69 FE 3A E2 A9  |...\.C...0.i.:..|
00006F70  40 22 00 00 00 00 12 14 68 CE 60 26 36 3D 76 16  |@"......h.`&6=v.|
00006F80  7F 29 F9 67 66 F9 94 BA 7D 39 D9 19 22 2C 0A 14  |.).gf...}9..",..|
00006F90  EA 4F 3B 70 CC 7C C3 DA C8 55 10 05 09 E9 82 04  |.O;p.|...U......|
00006FA0  00 00 00 00 12 14 B4 BB 7B 95 B0 F0 44 FD FE 60  |........{...D..`|
00006FB0  7F 70 A8 52 69 CB 5E 57 C4 FC 22 2C 0A 14 EA 4F  |.p.Ri.^W..",...O|
00006FC0  3B 70 CC 7C C3 DA 20 2A 20 7A 39 B4 37 48 00 00  |;p.|.. * z9.7H..|
00006FD0  00 00 12 14 F9 A3 8C 15 4C E6 A3 31 6D 9C 5F CD  |........L..1m._.|
00006FE0  6B 14 A6 C2 95 B5 DB 5E 22 2C 0A 14 08 85 62 69  |k......^",....bi|
00006FF0  1C 5E BE 34 5C B8 86 00 DE 89 1E 10 00 00 00 00  |.^.4\...........|
00007000  12 14 33 3A 55 F0 79 09 57 C3 9F 2D 4B 0A EF F4  |..3:U.y.W..-K...|
00007010  E5 15 5E 77 DD C2 22 2C 0A 14 E1 C1 B8 2A 68 C2  |..^w..",.....*h.|
00007020  9A FD 5A 93 80 FF F1 CC 4D 2A 00 00 00 00 12 14  |..Z.....M*......|
00007030  E4 73 1A A6 29 46 F6 BC 7F D3 7F 97 38 8B 1D 64  |.s..)F......8..d|
00007040  95 5D CE E8 22 2C 0A 14 C5 88 0B FC 6A 35 F7 9C  |.]..",......j5..|
00007050  9F 78 89 13 7D 4F 83 83 00 00 00 00 12 14 B7 B7  |.x..}O..........|
00007060  DE 14 42 B4 ED DD 8C B3 2A E8 FD CE 7D AC 09 52  |..B.....*...}..R|
00007070  6B EA 22 2C 0A 14 EA 4F 3B 70 CC 7C C3 DA 92 07  |k.",...O;p.|....|
00007080  15 63 8F EB 9C D6 00 00 00 00 12 14 9F F4 98 22  |.c............."|
00007090  29 4C 24 FA C9 46 97 10 1A 79 45 16 EB D5 56 27  |)L$..F...yE...V'|
000070A0  22 2C 0A 14 BF 5C 09 43 09 EF AF 30 A9 2F 14 3C  |",...\.C...0./.<|
000070B0  16 07 EA 1A 00 00 00 00 12 14 EB C7 13 8E 31 E9  |..............1.|
000070C0  4F 54 4F BD C2 AF 73 50 D4 90 24 14 5E 4C 22 2C  |OTO...sP..$.^L",|
000070D0  0A 14 3A 8C 9A C9 7F 27 84 32 5F 5A D4 FB 44 25  |..:....'.2_Z..D%|
000070E0  40 E9 00 00 00 00 12 14 A0 A3 96 9E EB B4 F5 9D  |@...............|
000070F0  C0 38 8D B1 45 45 D6 44 01 B9 57 41 22 2C 0A 14  |.8..EE.D..WA",..|
00007100  EA 4F 3B 70 CC 7C C3 DA D1 6D 04 36 89 BA EB 4D  |.O;p.|...m.6...M|
00007110  00 00 00 00 12 14 D7 0E E8 2C 94 09 AD E9 99 37  |.........,.....7|
00007120  4A 71 54 4A 0B 8D 35 E0 CE A3 22 2C 0A 14 D8 2A  |JqTJ..5...",...*|
00007130  45 84 FD CB 2D 37 1E 3D 9E C9 E4 D0 4E 36 00 00  |E...-7.=....N6..|
00007140  00 00 12 14 8D 28 1E E1 C9 04 3B 7D DC A1 47 DD  |.....(....;}..G.|
00007150  F3 26 B9 66 A1 F0 64 C5 22 2C 0A 14 02 1E 0C 9E  |.&.f..d.",......|
00007160  C5 0D 50 A2 99 18 59 C7 65 89 E9 2C 00 00 00 00  |..P...Y.e..,....|
00007170  12 14 3C 9A F7 A7 32 D3 E2 10 0F 3D FA F3 8A B7  |..<...2....=....|
00007180  22 82 F1 2B BD B2 22 2C 0A 14 00 78 BB C9 22 04  |"..+..",...x..".|
00007190  D5 FD 23 6B BF 76 9C DE FD EA 00 00 00 00 12 14  |..#k.v..........|
000071A0  4E BC 2B B8 00 43 F1 DB C9 99 32 F5 33 DA D4 2F  |N.+..C....2.3../|
000071B0  50 89 97 D9 22 2C 0A 14 19 CA C0 54 41 C7 38 52  |P...",.....TA.8R|
000071C0  B2 76 4D E0 8E 3F 11 56 00 00 00 00 12 14 CD C4  |.vM..?.V........|
000071D0  42 9C E6 5C 67 37 E4 B3 1E 01 55 EE EC 8F 25 E4  |B..\g7....U...%.|
000071E0  2F EB 22 2C 0A 14 00 78 BB C9 22 04 D5 FD ED 04  |/.",...x..".....|
000071F0  51 3A 98 C6 2F D7 00 00 00 00 12 14 6F F9 49 CF  |Q:../.......o.I.|
00007200  53 91 35 22 41 AF DE 6C 6B 45 F6 08 16 41 C9 F9  |S.5"A..lkE...A..|
00007210  22 2C 0A 14 02 1E 0C 9E C5 0D 50 A2 CE 16 15 79  |",........P....y|
00007220  9F D1 15 B5 00 00 00 00 12 14 0A F2 62 20 68 24  |............b h$|
00007230  D4 0F 96 E4 C9 F7 E9 F8 1D 42 C4 92 C8 43 22 2C  |.........B...C",|
00007240  0A 14 3A 8C 9A C9 7F 27 84 32 E5 92 FC 17 B7 AF  |..:....'.2......|
00007250  74 A4 00 00 00 00 12 14 3B F2 82 97 FC 88 9F 2C  |t.......;......,|
00007260  C4 53 A0 4C 6C FF 63 C3 EB A9 5E 9A 22 2C 0A 14  |.S.Ll.c...^.",..|
00007270  19 CA C0 54 41 C7 38 52 6F BB 10 81 68 19 B1 93  |...TA.8Ro...h...|
00007280  00 00 00 00 12 14 81 CC 91 2D 81 C4 3E 7F 19 3C  |.........-..>..<|
00007290  63 9C A8 C3 30 E5 86 CF BB 1E 22 2C 0A 14 57 20  |c...0.....",..W |
000072A0  83 23 DF D2 BE 64 C4 AC C4 47 8B E9 97 F7 00 00  |.#...d...G......|
000072B0  00 00 12 14 C1 79 02 EA A4 21 82 09 CF F6 11 69  |.....y...!.....i|
000072C0  B9 33 C8 F7 22 B3 A7 B5 22 2C 0A 14 02 1E 0C 9E  |.3.."...",......|
000072D0  C5 0D 50 A2 AB 4E 49 68 66 C7 36 27 00 00 00 00  |..P..NIhf.6'....|
000072E0  12 14 95 F8 ED F9 16 9C 6D 35 C5 6B 21 BD 05 F3  |........m5.k!...|
000072F0  56 A7 58 5E 5D 05 22 2C 0A 14 2B 08 9B A6 40 86  |V.X^].",..+...@.|
00007300  CE B7 2A 7A 70 A1 49 65 C0 FC 00 00 00 00 12 14  |..*zp.Ie........|
00007310  25 C4 AD C4 8E DC 04 9E D2 C4 31 F8 F2 03 D2 05  |%.........1.....|
00007320  82 CC 64 D2 22 2C 0A 14 2B 08 9B A6 40 86 CE B7  |..d.",..+...@...|
00007330  C4 12 9C 82 97 DA 42 90 00 00 00 00 12 14 55 2D  |......B.......U-|
00007340  96 92 08 31 39 E5 9B 29 6D 6D C0 57 2A 9A F3 78  |...19..)mm.W*..x|
00007350  2B C5 22 2C 0A 14 08 85 62 69 1C 5E BE 34 35 1B  |+.",....bi.^.45.|
00007360  26 D5 18 85 85 9B 00 00 00 00 12 14 41 63 25 9A  |&...........Ac%.|
00007370  B2 17 48 A2 47 BE 2B 69 1F 7C 4B C6 0C 7F 70 F8  |..H.G.+i.|K...p.|
00007380  22 2C 0A 14 EA 4F 3B 70 CC 7C C3 DA 2F C9 AF CD  |",...O;p.|../...|
00007390  BE 96 7C 5F 00 00 00 00 12 14 79 5A 04 21 60 E1  |..|_......yZ.!`.|
000073A0  28 EE 1A DC 99 20 0F E7 7F 95 D9 09 E4 F3 22 2C  |(.... ........",|
000073B0  0A 14 1F E9 4B 5D 1C EF 7C E6 F8 EF 82 56 59 8C  |....K]..|....VY.|
000073C0  3C BA 00 00 00 00 12 14 27 B8 82 9F 00 5B E0 9D  |<.......'....[..|
000073D0  EC F3 59 3F 8D 52 3E 24 88 7D 25 0A 22 2C 0A 14  |..Y?.R>$.}%.",..|
000073E0  DA EE 4B 34 BC 87 E2 14 CB 56 C6 D6 31 32 06 6A  |..K4.....V..12.j|
000073F0  00 00 00 00 12 14 66 9A B4 64 5B 05 84 01 40 53  |......f..d[...@S|
00007400  20 EA 42 23 10 C0 84 51 B4 20 22 2C 0A 14 22 90  | .B#...Q. ",..".|
00007410  12 C5 94 81 6C 2E 72 BD C8 2A 56 6A 3B 0F 00 00  |....l.r..*Vj;...|
00007420  00 00 12 14 72 B0 17 C7 9D DF 3D 3B 33 5A 0A 4D  |....r.....=;3Z.M|
00007430  DB 67 1B 2E 3B 03 2C EF 22 2C 0A 14 59 93 D1 35  |.g..;.,.",..Y..5|
00007440  9A 7C C1 95 8A 84 6C 38 8D DC 1B CB 00 00 00 00  |.|....l8........|
00007450  12 14 B2 F5 E9 BF 31 4C 0A 8A 01 5E E8 E2 76 0F  |......1L...^..v.|
00007460  6D 17 DF 5D 50 56 22 2C 0A 14 1E F1 17 03 E3 13  |m..]PV",........|
00007470  6C 9F 3A D2 FC 50 A7 DF 4E 74 00 00 00 00 12 14  |l.:..P..Nt......|
00007480  2D 38 83 89 46 B0 40 34 D2 6D 4E 54 09 8F 08 B7  |-8..F.@4.mNT....|
00007490  9F 7C 15 58 22 2C 0A 14 A3 0A B3 47 00 D9 E7 CE  |.|.X",.....G....|
000074A0  A9 B7 66 A4 3C 0E 0B 95 00 00 00 00 12 14 7E C9  |..f.<.........~.|
000074B0  0E D8 A4 B6 82 8A 0E 01 1D 94 08 39 B4 A4 0D D5  |...........9....|
000074C0  03 72 22 2C 0A 14 1F E9 4B 5D 1C EF 7C E6 6C 10  |.r",....K]..|.l.|
000074D0  8E AF 68 F0 2F 46 00 00 00 00 12 14 59 8D 02 85  |..h./F......Y...|
000074E0  C0 46 F2 5E 22 40 18 1E 36 89 6F 1A 5C DB 49 37  |.F.^"@..6.o.\.I7|
000074F0  22 2C 0A 14 1E F1 17 03 E3 13 6C 9F E2 AC E5 7E  |",........l....~|
00007500  CC AE 0E B4 00 00 00 00 12 14 A9 46 E6 D0 FE 94  |...........F....|
00007510  BC BC 38 08 2D 8D DE DF AA C0 2F EB 13 DA 22 2C  |..8.-...../...",|
00007520  0A 14 AC 10 43 4B 47 BB 49 0C C4 CF 46 C8 54 2E  |....CKG.I...F.T.|
00007530  3A D1 00 00 00 00 12 14 53 82 57 04 23 81 DB 3D  |:.......S.W.#..=|
00007540  48 09 50 2E 6A DB 5A FE 00 B2 B4 4C 22 2C 0A 14  |H.P.j.Z....L",..|
00007550  2D BE 77 1D EC B2 07 10 43 2C 0E 28 E8 8A 2F BC  |-.w.....C,.(../.|
00007560  00 00 00 00 12 14 0B 8E 26 2B 2A CC EC 5D F4 08  |........&+*..]..|
00007570  E2 2A 3E 27 14 9E 3B 61 41 2E 22 2C 0A 14 AC 10  |.*>'..;aA.",....|
00007580  43 4B 47 BB 49 0C 72 BE E9 72 F0 A2 66 AD 00 00  |CKG.I.r..r..f...|
00007590  00 00 12 14 CE D1 46 7F C4 75 A3 F6 52 40 77 98  |......F..u..R@w.|
000075A0  C1 D8 17 E1 41 CF 7F 10 22 2C 0A 14 3A 8C 9A C9  |....A...",..:...|
000075B0  7F 27 84 32 FC BF DB 04 9D 2B 00 52 00 00 00 00  |.'.2.....+.R....|
000075C0  12 14 97 54 58 C4 EA 6C D0 B1 8C 5E 7C 7C CF 8C  |...TX..l...^||..|
000075D0  EE E0 EE A5 BD 6B 22 2C 0A 14 76 0C E6 7A 4C C7  |.....k",..v..zL.|
000075E0  9D 1C AF 0B 7D 6A 9A 92 D3 CC 00 00 00 00 12 14  |....}j..........|
000075F0  EE 80 2F 25 4E 8A BB 44 1A 12 D5 DA 5C B1 7F C9  |../%N..D....\...|
00007600  20 68 23 BC 22 2C 0A 14 57 2C 08 F1 42 95 67 A9  | h#.",..W,..B.g.|
00007610  AD A4 5D 55 7B F2 5C F0 00 00 00 00 12 14 C3 CC  |..]U{.\.........|
00007620  6C 99 C4 AF 7F 5E CA C9 1A 41 BF 1A BB BE F3 8B  |l....^...A......|
00007630  E0 B7 22 2C 0A 14 BC BC D9 FB E3 F5 4C 0D C0 AA  |..",........L...|
00007640  E5 BD 6B BC 70 93 00 00 00 00 12 14 14 DD 8E AD  |..k.p...........|
00007650  CD 17 05 44 59 24 83 FC 9C 9F AB 10 9F 2D 6E 4D  |...DY$.......-nM|
00007660  22 2C 0A 14 4E 83 C0 4E 87 58 98 72 CA FC E2 F9  |",..N..N.X.r....|
00007670  74 EF 7C DA 00 00 00 00 12 14 09 4F F0 0B D5 E4  |t.|........O....|
00007680  20 40 22 8C 4C 84 F6 B6 8F 91 31 FD FE AF 22 2C  | @".L.....1...",|
00007690  0A 14 00 78 BB C9 22 04 D5 FD 9E 31 80 FC 0A 00  |...x.."....1....|
000076A0  17 E9 00 00 00 00 12 14 2E 5A 7D B0 C1 D9 5A 37  |.........Z}...Z7|
000076B0  C0 21 A9 FA 95 75 32 BF 09 D9 1F CB 22 2C 0A 14  |.!...u2.....",..|
000076C0  2B 08 9B A6 40 86 CE B7 96 36 15 E5 01 5F 92 74  |+...@....6..._.t|
000076D0  00 00 00 00 12 14 67 00 89 46 47 6D 99 4A 67 5C  |......g..FGm.Jg\|
000076E0  86 0C 86 F7 10 55 F4 A4 3D 1B 22 2C 0A 14 EA 4F  |.....U..=.",...O|
000076F0  3B 70 CC 7C C3 DA 77 C3 18 FA B6 D2 0D 82 00 00  |;p.|..w.........|
00007700  00 00 12 14 A4 D4 F5 71 D2 5F 45 0D A6 49 F3 C6  |.......q._E..I..|
00007710  5C 31 D5 84 F2 61 EC 32 22 2C 0A 14 19 CA C0 54  |\1...a.2",.....T|
00007720  41 C7 38 52 A6 08 79 9E 41 55 E4 1E 00 00 00 00  |A.8R..y.AU......|
00007730  12 14 07 0B 22 DA 9A 8C 70 50 DE C6 C5 44 88 FD  |...."...pP...D..|
00007740  12 A1 B6 52 43 F1 22 2C 0A 14 2B 08 9B A6 40 86  |...RC.",..+...@.|
00007750  CE B7 6F 4E 8E 8F C2 5B D6 0E 00 00 00 00 12 14  |..oN...[........|
00007760  2A E7 7C EF C1 A6 F9 E9 C8 A5 2E E4 80 3C 43 6B  |*.|..........<Ck|
00007770  DF 1A C6 E5 22 2C 0A 14 2B 08 9B A6 40 86 CE B7  |....",..+...@...|
00007780  B1 4B E9 73 8A F9 AB 06 00 00 00 00 12 14 2D D4  |.K.s..........-.|
00007790  95 5F 54 08 62 CC F8 D1 23 D0 2F 3F E7 2E 64 CE  |._T.b...#./?..d.|
000077A0  C1 3D 22 2C 0A 14 2B 08 9B A6 40 86 CE B7 7E 1E  |.=",..+...@...~.|
000077B0  F6 2D 60 C6 D2 42 00 00 00 00 12 14 83 12 5C B7  |.-`..B........\.|
000077C0  50 75 05 CF FC F2 86 86 DA C0 8C BB F4 6E 87 C8  |Pu...........n..|
000077D0  22 2C 0A 14 3A 8C 9A C9 7F 27 84 32 64 A4 5B 66  |",..:....'.2d.[f|
000077E0  E9 AE B7 59 00 00 00 00 12 14 8B F1 CE 52 5D 73  |...Y.........R]s|
000077F0  55 C4 D6 0D 6C 01 91 22 A8 01 F9 B5 60 70 22 2C  |U...l.."....`p",|
00007800  0A 14 EA D6 C1 17 5B 76 5F F7 3B 6E 81 F6 C8 B7  |......[v_.;n....|
00007810  5B B7 00 00 00 00 12 14 F1 37 CE 4C 6F EB 1A 90  |[........7.Lo...|
00007820  42 7F B2 2B 13 F0 2F 32 B3 8A 58 08 22 2C 0A 14  |B..+../2..X.",..|
00007830  CC F5 FF 68 79 E2 4F 3C D8 2E C1 EC BF B9 5B EC  |...hy.O<......[.|
00007840  00 00 00 00 12 14 07 A5 F4 2E 35 FC D6 56 AD BA  |..........5..V..|
00007850  0E F7 C6 65 44 FF A1 4F 67 BE 22 2C 0A 14 3A 8C  |...eD..Og.",..:.|
00007860  9A C9 7F 27 84 32 10 B7 63 FA A8 BD 8A 84 00 00  |...'.2..c.......|
00007870  00 00 12 14 17 24 D2 14 87 02 62 D8 2D A8 D0 F1  |.....$....b.-...|
00007880  9A 6A 5B 4C 0D 7E 87 94 22 2C 0A 14 80 BC 35 84  |.j[L.~..",....5.|
00007890  6E 4C D4 3E F0 0B 34 A3 77 AF 67 C0 00 00 00 00  |nL.>..4.w.g.....|
000078A0  12 14 00 56 BC 09 D6 89 DA AF 25 61 22 FD A7 AE  |...V......%a"...|
000078B0  A9 D5 8B 66 5A 6F 22 2C 0A 14 80 BC 35 84 6E 4C  |...fZo",....5.nL|
000078C0  D4 3E BC 9B A7 92 99 A5 F8 3E 00 00 00 00 12 14  |.>.......>......|
000078D0  26 17 A5 55 4B 5D 04 8B C6 30 28 90 1C 96 BC 62  |&..UK]...0(....b|
000078E0  67 45 78 F9 22 2C 0A 14 00 E7 AB 61 BF F6 C0 AC  |gEx.",.....a....|
000078F0  18 7E BA A9 BF 0B FA BA 00 00 00 00 12 14 71 0F  |.~............q.|
00007900  9A 5E FF 4D BF DE 81 9E 5B EC 61 C0 08 64 CE 36  |.^.M....[.a..d.6|
00007910  06 4C 22 2C 0A 14 3B FB E9 D1 D5 07 17 8A F8 7E  |.L",..;........~|
00007920  2B 3A D5 A1 78 4D 00 00 00 00 12 14 04 17 86 72  |+:..xM.........r|
00007930  59 FF 1E CE CF 2A A1 F6 DE 63 D1 D8 D3 E8 33 D2  |Y....*...c....3.|
00007940  22 2C 0A 14 89 85 7C 18 2A 4C 44 C3 A7 C8 53 DD  |",....|.*LD...S.|
00007950  0B 59 4C 7F 00 00 00 00 12 14 16 5D 47 13 B1 C6  |.YL........]G...|
00007960  CF 2E B6 55 15 73 31 25 6C 69 DD E7 42 5C 22 2C  |...U.s1%li..B\",|
00007970  0A 14 5B 0A 1E F1 31 E3 F2 7C A7 C8 53 DD 0B 59  |..[...1..|..S..Y|
00007980  4C 7F 00 00 00 00 12 14 BE D5 CD 05 DB 99 69 A3  |L.............i.|
00007990  1D 2D AA 2B 31 55 6B 8B C5 93 CC 22 22 2C 0A 14  |.-.+1Uk...."",..|
000079A0  81 6A 6B A5 45 02 C4 47 C7 B0 A8 43 A2 57 AE 37  |.jk.E..G...C.W.7|
000079B0  00 00 00 00 12 14 57 6D 3A 96 A9 AE 8E 45 19 E6  |......Wm:....E..|
000079C0  47 8E 6F E6 14 98 4B 01 F2 DF 22 2C 0A 14 E2 C2  |G.o...K...",....|
000079D0  44 3A 9F 02 F1 BB C6 14 E0 46 F0 B1 3B 7B 00 00  |D:.......F..;{..|
000079E0  00 00 12 14 3E EC E9 CB 94 5C 35 05 C8 B6 DA 1A  |....>....\5.....|
000079F0  1B 08 79 56 C7 07 2F 5D 22 2C 0A 14 78 49 58 BE  |..yV../]",..xIX.|
00007A00  78 9E 0C EF 7D 22 E0 06 F8 15 DC C5 00 00 00 00  |x...}"..........|
00007A10  12 14 AA D2 F3 5D 34 17 E1 99 DA DC 38 8E 8F 41  |.....]4.....8..A|
00007A20  55 B1 0C 9F AF EF 22 2C 0A 14 2C EE 74 81 65 0E  |U.....",..,.t.e.|
00007A30  34 45 9A 2D B2 E2 37 B3 26 A2 00 00 00 00 12 14  |4E.-..7.&.......|
00007A40  3F B8 A2 14 F5 8B CC AD 34 ED 86 9D 7B 5A 69 75  |?.......4...{Ziu|
00007A50  1B 9E 9F A7 22 2C 0A 14 8C 78 D3 C5 26 C0 B5 D9  |....",...x..&...|
00007A60  A9 AD 61 54 4E A8 14 13 00 00 00 00 12 14 0B 43  |..aTN..........C|
00007A70  12 3C F0 32 09 35 C8 D8 49 09 9B 85 D5 31 A2 9F  |.<.2.5..I....1..|
00007A80  10 32 22 2C 0A 14 EE F0 BC FA AD EB C3 C5 88 35  |.2",...........5|
00007A90  83 11 51 24 D7 AC 00 00 00 00 12 14 D8 00 3B 9C  |..Q$..........;.|
00007AA0  E1 2C 94 D8 2D 29 B1 01 6C 37 3E B9 BB C1 C9 04  |.,..-)..l7>.....|
00007AB0  22 2C 0A 14 B7 2C 37 52 EF C5 C6 55 40 5F 11 D5  |",...,7R...U@_..|
00007AC0  B9 9F 43 B3 00 00 00 00 12 14 60 E5 72 FF 7B 2E  |..C.......`.r.{.|
00007AD0  DD CA F2 D1 EC 7F 26 44 5A D5 F7 B6 4B B7 22 2C  |......&DZ...K.",|
00007AE0  0A 14 BF 31 9C 95 18 D5 F4 55 72 9D 6E 20 2F 0E  |...1.....Ur.n /.|
00007AF0  E6 EA 00 00 00 00 12 14 79 6D 1E FA BE EF 85 52  |........ym.....R|
00007B00  F4 E1 33 64 CF 81 01 F6 B8 28 B3 40 22 2C 0A 14  |..3d.....(.@",..|
00007B10  45 2B 5D E9 EB 1E B0 DF 4B D5 CE 77 B7 1D 21 86  |E+].....K..w..!.|
00007B20  00 00 00 00 12 14 8D F5 06 AF E7 51 24 D3 22 81  |...........Q$.".|
00007B30  EC 08 A9 A7 93 26 41 6F 56 62 22 2C 0A 14 BF 31  |.....&AoVb",...1|
00007B40  9C 95 18 D5 F4 55 9B 03 AA EA BD 14 2C 9E 00 00  |.....U......,...|
00007B50  00 00 12 14 A3 5A EA C2 62 FE 8D CF 62 F3 8E AF  |.....Z..b...b...|
00007B60  7F E4 10 F0 5F 68 10 55 22 2C 0A 14 BF 5C 09 43  |...._h.U",...\.C|
00007B70  09 EF AF 30 C2 DD 6C D2 F8 7D E1 1C 00 00 00 00  |...0..l..}......|
00007B80  12 14 E5 15 AA CC 9F DF D8 BA 4A 36 1C EA 65 D9  |..........J6..e.|
00007B90  CF 07 74 6C DB 28 22 2C 0A 14 BF 31 9C 95 18 D5  |..tl.(",...1....|
00007BA0  F4 55 06 82 54 34 85 16 0F E3 00 00 00 00 12 14  |.U..T4..........|
00007BB0  BC 35 DC 83 8B 3F F0 06 85 41 20 87 F7 39 8B 43  |.5...?...A ..9.C|
00007BC0  F0 E6 7E 40 22 2C 0A 14 EA 4F 3B 70 CC 7C C3 DA  |..~@",...O;p.|..|
00007BD0  3E 12 32 32 84 A1 E6 6F 00 00 00 00 12 14 7C 17  |>.22...o......|.|
00007BE0  0A 0F 40 AD 74 15 21 8E 47 3D C5 C5 77 F3 B1 99  |..@.t.!.G=..w...|
00007BF0  04 6D 22 2C 0A 14 BF 31 9C 95 18 D5 F4 55 67 3C  |.m",...1.....Ug<|
00007C00  42 0F 1A 85 89 3B 00 00 00 00 12 14 2A 0A F5 D8  |B....;......*...|
00007C10  0B 77 4D E1 EE 32 78 30 BC E2 F8 AB 2B AA BA 28  |.wM..2x0....+..(|
00007C20  22 2C 0A 14 00 E7 AB 61 BF F6 C0 AC F7 38 B8 F7  |",.....a.....8..|
00007C30  3B 31 01 1F 00 00 00 00 12 14 A7 59 A5 36 1B 8F  |;1.........Y.6..|
00007C40  F5 F6 8A 4B AD 97 3C 93 41 0C A0 4F 96 7B 22 2C  |...K..<.A..O.{",|
00007C50  0A 14 5C F5 8D 5B 60 51 74 40 21 54 55 98 4D 61  |..\..[`Qt@!TU.Ma|
00007C60  0B E2 00 00 00 00 12 14 92 2D 7F AE CB BB 7D AF  |.........-....}.|
00007C70  A6 AA 84 91 B0 A4 D3 A6 CA 06 40 A7 22 2C 0A 14  |..........@.",..|
00007C80  CC F5 FF 68 79 E2 4F 3C 76 C8 A7 F0 5C 3B 81 CB  |...hy.O<v...\;..|
00007C90  00 00 00 00 12 14 39 05 80 89 F5 FF 67 D1 FB 39  |......9.....g..9|
00007CA0  EB CB 3B 86 0C 26 9B 31 E7 47 22 2C 0A 14 63 35  |..;..&.1.G",..c5|
00007CB0  3C C5 B7 C0 E8 B8 09 96 1A 38 90 D4 84 E8 00 00  |<........8......|
00007CC0  00 00 12 14 93 2A C8 1D 46 9E C7 1F 90 3B DE 67  |.....*..F....;.g|
00007CD0  4E B4 F8 B1 25 80 40 3F 22 2C 0A 14 B0 EC 52 EF  |N...%.@?",....R.|
00007CE0  47 60 FE 24 A4 5C 06 D5 3C 50 D2 14 00 00 00 00  |G`.$.\..<P......|
00007CF0  12 14 F2 27 00 68 4B 06 44 A3 14 60 22 C3 B9 50  |...'.hK.D..`"..P|
00007D00  DF F4 03 C4 09 CE 22 2C 0A 14 CC F5 FF 68 79 E2  |......",.....hy.|
00007D10  4F 3C 76 CE 8F 4C C6 73 82 41 00 00 00 00 12 14  |O<v..L.s.A......|
00007D20  DD 6C DE F0 9D 91 E4 B2 30 12 92 CF 91 A5 E4 33  |.l......0......3|
00007D30  D6 B4 D5 29 22 2C 0A 14 CC F5 FF 68 79 E2 4F 3C  |...)",.....hy.O<|
00007D40  F3 9D AA BE 12 CA 25 21 00 00 00 00 12 14 FF E0  |......%!........|
00007D50  B4 94 F4 5F F0 67 B6 D3 A9 61 25 45 61 91 54 75  |..._.g...a%Ea.Tu|
00007D60  9B 9D 22 2C 0A 14 BF 31 9C 95 18 D5 F4 55 37 D0  |..",...1.....U7.|
00007D70  88 40 12 68 A5 08 00 00 00 00 12 14 A0 71 C2 8F  |.@.h.........q..|
00007D80  35 4F 94 D9 BA A6 08 8E 7E AB 6F FB FC C3 D5 BE  |5O......~.o.....|
00007D90  22 2C 0A 14 57 20 83 23 DF D2 BE 64 0C FC 17 35  |",..W .#...d...5|
00007DA0  56 79 D1 B9 00 00 00 00 12 14 2C 0D FF FC 5D 7E  |Vy........,...]~|
00007DB0  54 77 BE B8 51 33 11 ED DB 29 FD 91 CA 0C 22 2C  |Tw..Q3...)....",|
00007DC0  0A 14 A3 03 CD 05 CC AA 77 6C C5 65 66 64 13 11  |........wl.efd..|
00007DD0  CF F5 00 00 00 00 12 14 7D 53 C1 F9 AF 36 46 33  |........}S...6F3|
00007DE0  40 DC D6 0B DE 78 DD 76 AF 9C 58 75 22 2C 0A 14  |@....x.v..Xu",..|
00007DF0  CC F5 FF 68 79 E2 4F 3C F3 C0 CC A3 13 73 91 05  |...hy.O<.....s..|
00007E00  00 00 00 00 12 14 0B 8D E6 A4 8B AB A3 8A F8 14  |................|
00007E10  D7 C4 E6 84 7F E3 21 97 3F 9B 22 2C 0A 14 8C 78  |......!.?.",...x|
00007E20  D3 C5 26 C0 B5 D9 6F 23 B2 42 E4 0D 7A 21 00 00  |..&...o#.B..z!..|
00007E30  00 00 12 14 30 C7 85 35 3F 50 CC 3A 8E 15 A2 11  |....0..5?P.:....|
00007E40  43 B9 37 BE 74 2D 94 DF 22 2C 0A 14 C5 88 0B FC  |C.7.t-..",......|
00007E50  6A 35 F7 9C 96 4A 39 09 7B 09 5B 37 00 00 00 00  |j5...J9.{.[7....|
00007E60  12 14 21 63 C3 61 0D EB A4 3A 2E C0 15 2D 19 3C  |..!c.a...:...-.<|
00007E70  E8 34 C1 41 FB 68 22 2C 0A 14 BF 31 9C 95 18 D5  |.4.A.h",...1....|
00007E80  F4 55 CE 85 97 7C BF 2E A2 58 00 00 00 00 12 14  |.U...|...X......|
00007E90  D2 CA 26 66 30 67 CC 54 82 19 8D A5 EF CB 3D D3  |..&f0g.T......=.|
00007EA0  3F DD 07 49 22 2C 0A 14 85 4B B2 47 DA ED 62 22  |?..I",...K.G..b"|
00007EB0  60 56 E7 33 71 D5 D8 7F 00 00 00 00 12 14 E7 52  |`V.3q..........R|
00007EC0  77 E1 84 F4 D2 EF 27 92 53 FD 9B C1 31 36 FB F6  |w.....'.S...16..|
00007ED0  DF 4C 22 2C 0A 14 85 4B B2 47 DA ED 62 22 A1 F7  |.L",...K.G..b"..|
00007EE0  BD 0C 1D 99 59 8F 00 00 00 00 12 14 82 65 67 F2  |....Y........eg.|
00007EF0  8F 09 C3 2F DE 98 29 1D 5F 96 A4 4A 3A F1 53 16  |.../..)._..J:.S.|
00007F00  22 2C 0A 14 16 CC 64 C1 9A B6 4D 75 95 A3 85 67  |",....d...Mu...g|
00007F10  FA 56 B1 E2 00 00 00 00 12 14 C4 FD E2 40 DE AD  |.V...........@..|
00007F20  2B C8 99 6A E7 C0 D7 8A BE 1B CF 47 70 6F 22 2C  |+..j.......Gpo",|
00007F30  0A 14 BF 5C 09 43 09 EF AF 30 4D 78 7F 29 EF 3D  |...\.C...0Mx.).=|
00007F40  9A D9 00 00 00 00 12 14 B4 89 E2 C1 3A CA CA 56  |............:..V|
00007F50  18 31 D3 38 EB 16 A0 CF 6D EF 77 94 22 2C 0A 14  |.1.8....m.w.",..|
00007F60  85 4B B2 47 DA ED 62 22 DC 9E 5D 05 B4 1C 06 3E  |.K.G..b"..]....>|
00007F70  00 00 00 00 12 14 B1 85 A2 A4 54 40 69 82 C7 93  |..........T@i...|
00007F80  CD A6 ED E2 FB A2 B7 05 78 04 22 2C 0A 14 85 4B  |........x.",...K|
00007F90  B2 47 DA ED 62 22 40 3B AE 65 39 D3 76 6B 00 00  |.G..b"@;.e9.vk..|
00007FA0  00 00 12 14 42 0C B3 49 BB 49 AF 0B 92 17 A0 3E  |....B..I.I.....>|
00007FB0  F6 AB 8A 5B 76 C6 4F DB 22 2C 0A 14 BF 5C 09 43  |...[v.O.",...\.C|
00007FC0  09 EF AF 30 1C 91 B5 C9 64 31 78 7B 00 00 00 00  |...0....d1x{....|
00007FD0  12 14 9A C0 27 5C D5 1F EF 00 BA 20 8C 5E CB 01  |....'\..... .^..|
00007FE0  8F F3 A0 53 EF DD 22 2C 0A 14 BF 5C 09 43 09 EF  |...S..",...\.C..|
00007FF0  AF 30 07 95 F6 AA D4 06 90 D9 00 00 00 00 12 14  |.0..............|
00008000  8D CA 64 F4 F8 72 B6 F3 3B 72 60 39 35 34 ED C1  |..d..r..;r`954..|
00008010  ED 58 01 3F 22 2C 0A 14 BF 5C 09 43 09 EF AF 30  |.X.?",...\.C...0|
00008020  77 D4 6C B9 F9 35 95 00 00 00 00 00 12 14 A3 76  |w.l..5.........v|
00008030  D6 58 9D A9 DF 86 B6 59 C9 CF BE E0 ED 96 EA 23  |.X.....Y.......#|
00008040  20 36 22 2C 0A 14 68 72 B3 E8 4A CE 8C 2F 4F 93  | 6",..hr..J../O.|
00008050  0B 54 C3 E0 A8 9D 00 00 00 00 12 14 59 E9 68 40  |.T..........Y.h@|
00008060  0A 53 48 44 63 17 76 A5 CD A2 A4 0C FE 91 6E FE  |.SHDc.v.......n.|
00008070  22 2C 0A 14 F6 A0 E4 D8 E4 15 DC 0A 01 42 44 8F  |",...........BD.|
00008080  2B 99 80 D4 00 00 00 00 12 14 F2 89 65 17 BE 52  |+...........e..R|
00008090  59 7B 0A 84 4F AB D7 16 54 69 0A 45 EC 9B 22 2C  |Y{..O...Ti.E..",|
000080A0  0A 14 3A 37 15 98 0D 59 D0 B5 7F 9C BF 8A 3C 80  |..:7...Y......<.|
000080B0  33 E6 00 00 00 00 12 14 37 B8 9B C0 19 71 40 78  |3.......7....q@x|
000080C0  F8 E1 55 D4 04 2D C0 AA 07 51 B9 BB 22 2C 0A 14  |..U..-...Q..",..|
000080D0  EF 24 21 05 C5 8D 89 92 01 1A 57 C4 B8 FF 86 0C  |.$!.......W.....|
000080E0  00 00 00 00 12 14 D8 ED ED 2C 50 38 67 D5 66 B8  |.........,P8g.f.|
000080F0  96 B6 38 9C 9B 34 A7 A9 D8 FF 22 2C 0A 14 85 4B  |..8..4....",...K|
00008100  B2 47 DA ED 62 22 ED D1 7D F8 71 E9 45 6D 00 00  |.G..b"..}.q.Em..|
00008110  00 00 12 14 2E 7C 0B E8 B3 3A 43 B1 42 FA 44 66  |.....|...:C.B.Df|
00008120  DF E1 89 D6 2C 32 E0 D6 22 2C 0A 14 87 F5 AD BE  |....,2..",......|
00008130  85 8C 34 DE 56 04 2A 1C 45 05 7E 2B 00 00 00 00  |..4.V.*.E.~+....|
00008140  12 14 5C A2 DD 6C 11 AB 7B 8F 6F D8 93 4D 44 EB  |..\..l..{.o..MD.|
00008150  B9 E2 29 FF CF 78 22 2C 0A 14 3A 8C 9A C9 7F 27  |..)..x",..:....'|
00008160  84 32 64 BB 97 B0 50 F0 FB 3C 00 00 00 00 12 14  |.2d...P..<......|
00008170  90 21 3A 3F BD AE C1 78 1F 35 38 8E 21 55 1E 3E  |.!:?...x.58.!U.>|
00008180  32 C2 86 A1 22 2C 0A 14 F9 C9 32 FD 04 3C C3 8D  |2...",....2..<..|
00008190  A5 CE 9C 9C 73 7A 83 BB 00 00 00 00 12 14 9D 38  |....sz.........8|
000081A0  32 8A 24 AC FD 23 FF 16 84 08 20 FC 42 D2 10 90  |2.$..#.... .B...|
000081B0  93 02 22 2C 0A 14 80 BC 35 84 6E 4C D4 3E D5 BD  |..",....5.nL.>..|
000081C0  B5 AF 73 E0 C8 FF 00 00 00 00 12 14 BD EF 3D E9  |..s...........=.|
000081D0  DB 98 F3 85 AC 61 BA CE 99 92 D7 B4 FE 47 E7 BE  |.....a.......G..|
000081E0  22 2C 0A 14 0E B6 A2 A9 05 44 C4 33 30 93 9B B5  |",.......D.30...|
000081F0  B4 36 9A C3 00 00 00 00 12 14 4A A6 83 19 D6 22  |.6........J...."|
00008200  C5 F4 97 30 93 89 69 F1 BA A0 8E AC C3 CB 22 2C  |...0..i.......",|
00008210  0A 14 35 27 0E D2 01 AB 05 76 9E D2 CB E8 FF A5  |..5'.....v......|
00008220  A9 D0 00 00 00 00 12 14 79 21 29 E9 9C 3D 4B DD  |........y!)..=K.|
00008230  08 8D 06 C9 F8 24 66 57 60 46 F0 66 22 2C 0A 14  |.....$fW`F.f",..|
00008240  3B E1 67 10 28 66 64 CC C5 44 D2 D1 E0 F3 27 27  |;.g.(fd..D....''|
00008250  00 00 00 00 12 14 1C 15 3D 75 6B CB 40 D4 53 3B  |........=uk.@.S;|
00008260  40 F4 0F FB 64 12 8F D5 49 35 22 2C 0A 14 45 2B  |@...d...I5",..E+|
00008270  5D E9 EB 1E B0 DF DA 11 2B B8 49 06 D3 72 00 00  |].......+.I..r..|
00008280  00 00 12 14 BE 6F 0A 06 34 88 3C 58 6D 26 69 6E  |.....o..4.<Xm&in|
00008290  FE 52 B0 48 AB 72 E2 2F 22 2C 0A 14 CC F5 FF 68  |.R.H.r./",.....h|
000082A0  79 E2 4F 3C 5A E4 B5 4D 81 E9 9D 82 00 00 00 00  |y.O<Z..M........|
000082B0  12 14 A3 EF 8D 16 AA F9 71 29 72 D3 39 67 AC 33  |........q)r.9g.3|
000082C0  16 24 08 BD 17 79 22 2C 0A 14 68 45 EA A0 5D 13  |.$...y",..hE..].|
000082D0  81 81 C6 A0 08 C4 DB 68 76 8C 00 00 00 00 12 14  |.......hv.......|
000082E0  6F 1E 82 AC 48 17 FC 3E 0D 51 91 3F AB 45 6B CB  |o...H..>.Q.?.Ek.|
000082F0  96 9C 40 C2 22 2C 0A 14 7E 32 C1 CF 2C 7C EC DD  |..@.",..~2..,|..|
00008300  50 11 40 1C E0 36 E3 47 00 00 00 00 12 14 17 D6  |P.@..6.G........|
00008310  10 1E BF F5 02 AF 89 B2 4F 4E C3 F3 D8 CE A4 B1  |........ON......|
00008320  32 67 22 2C 0A 14 CD 48 DD 1F 9F 48 7F E5 5D B8  |2g",...H...H..].|
00008330  0D 00 29 1D 8C 2D 00 00 00 00 12 14 7C B5 37 D4  |..)..-......|.7.|
00008340  7D 1F C3 91 DF F4 91 6F 4A C6 FD BE 2E E4 9D DE  |}......oJ.......|
00008350  22 2C 0A 14 A0 61 3F 37 D4 B0 B3 AC 57 B8 73 5E  |",...a?7....W.s^|
00008360  FE BD 63 E2 00 00 00 00 12 14 11 D2 73 89 B7 E5  |..c.........s...|
00008370  83 96 BB 5B 48 37 5C 51 6B 0C F9 F3 7B CA 22 2C  |...[H7\Qk...{.",|
00008380  0A 14 85 4B B2 47 DA ED 62 22 A6 E0 4E 0A 09 4B  |...K.G..b"..N..K|
00008390  32 65 00 00 00 00 12 14 74 B2 34 44 6F 87 6B 2A  |2e......t.4Do.k*|
000083A0  42 77 06 E2 0B 35 C9 24 A5 5F 71 6E 22 2C 0A 14  |Bw...5.$._qn",..|
000083B0  BF 5C 09 43 09 EF AF 30 BE A6 62 18 25 0D 3F 03  |.\.C...0..b.%.?.|
000083C0  00 00 00 00 12 14 A4 F8 E2 E7 05 EF 03 60 A0 F8  |.............`..|
000083D0  76 30 17 42 E4 55 41 28 90 C9 22 2C 0A 14 DD 81  |v0.B.UA(..",....|
000083E0  32 65 82 9B F6 F9 26 7E 3C 8E D0 74 EF F6 00 00  |2e....&~<..t....|
000083F0  00 00 12 14 04 FB 44 3D 42 F3 D0 3E 39 4F D6 82  |......D=B..>9O..|
00008400  AA 0A E5 03 A2 82 C9 11 22 2C 0A 14 00 78 BB C9  |........",...x..|
00008410  22 04 D5 FD 69 A8 D1 8D CD DD 1C 10 00 00 00 00  |"...i...........|
00008420  12 14 06 C6 CF D0 CE 3A 61 8F 05 17 25 C5 74 40  |.......:a...%.t@|
00008430  43 DC 71 17 B8 EB 22 2C 0A 14 DD 81 32 65 82 9B  |C.q...",....2e..|
00008440  F6 F9 70 2F 27 4F 48 7E 87 C9 00 00 00 00 12 14  |..p/'OH~........|
00008450  45 17 72 FF E1 AE 66 B2 A0 4F 54 4C 7D D6 33 A0  |E.r...f..OTL}.3.|
00008460  DB 95 2E E0 22 2C 0A 14 D4 58 F3 C4 F9 40 63 71  |....",...X...@cq|
00008470  0C 08 23 EF 77 5B EB 8B 00 00 00 00 12 14 F0 F2  |..#.w[..........|
00008480  2A 1B 2F 2F B6 6B BD CB 7E 33 D6 FE AF 9D F2 29  |*.//.k..~3.....)|
00008490  C2 E3 22 2C 0A 14 BF 5C 09 43 09 EF AF 30 E6 5E  |..",...\.C...0.^|
000084A0  5D 7F AE 31 D4 D1 00 00 00 00 12 14 00 71 CD 33  |]..1.........q.3|
000084B0  5A 4B 4A 97 C9 69 4B 7E 8D FE BF F2 3D 3B 2F AC  |ZKJ..iK~....=;/.|
000084C0  22 2C 0A 14 EA D6 C1 17 5B 76 5F F7 80 70 9C 96  |",......[v_..p..|
000084D0  9C 54 22 99 00 00 00 00 12 14 0F 0D D6 B7 8D 24  |.T"............$|
000084E0  29 AD 68 D9 48 27 DC 18 8B 6B E1 F2 29 BD 22 2C  |).h.H'...k..).",|
000084F0  0A 14 BF 5C 09 43 09 EF AF 30 E8 95 C9 42 30 11  |...\.C...0...B0.|
00008500  C5 77 00 00 00 00 12 14 DA 32 A8 7E 82 1A B6 AB  |.w.......2.~....|
00008510  72 25 EA 69 B6 90 9A 87 F9 3D B6 10 22 2C 0A 14  |r%.i.....=..",..|
00008520  DA D0 7B 5A 30 0F B6 A2 13 52 10 BD 3E 46 BE DE  |..{Z0....R..>F..|
00008530  00 00 00 00 12 14 2C 41 56 91 C3 0A 96 4F 7D E2  |......,AV....O}.|
00008540  8C 74 46 F2 6C DA B1 78 B7 E4 22 2C 0A 14 C9 4C  |.tF.l..x..",...L|
00008550  B9 DC 45 B6 22 D6 0F 3F 7A 9D 03 89 1F A7 00 00  |..E."..?z.......|
00008560  00 00 12 14 0E C5 57 4D 60 BC 7E A1 B4 F8 F8 21  |......WM`.~....!|
00008570  7D 0E 04 3A 1F 05 12 DA 22 2C 0A 14 63 35 3C C5  |}..:....",..c5<.|
00008580  B7 C0 E8 B8 4E 1D A1 22 07 40 EC 99 00 00 00 00  |....N..".@......|
00008590  12 14 35 F2 9A C3 96 91 C2 41 A4 A6 86 B6 CA C1  |..5......A......|
000085A0  AE 70 6B DD 74 80 22 2C 0A 14 FE 88 FE FD 44 77  |.pk.t.",......Dw|
000085B0  73 2F 97 C9 7C 0C 78 0B 04 22 00 00 00 00 12 14  |s/..|.x.."......|
000085C0  E3 D9 B0 94 AA B1 A6 4D 80 11 52 EA 80 1B 6D F7  |.......M..R...m.|
000085D0  AB ED 46 AE 22 2C 0A 14 F4 4B 5F 4E 9E 73 0E 8F  |..F.",...K_N.s..|
000085E0  6A 36 55 35 0D 55 42 24 00 00 00 00 12 14 C2 10  |j6U5.UB$........|
000085F0  61 E1 6B 31 36 C1 BB 67 DE DC 87 A3 58 3D EB BC  |a.k16..g....X=..|
00008600  A9 44 22 2C 0A 14 E9 42 50 4A 0C 2E 50 0D 83 96  |.D",...BPJ..P...|
00008610  B7 F9 F1 A3 F8 DB 00 00 00 00 12 14 54 AE 49 55  |............T.IU|
00008620  7F 92 47 5A F1 85 FE E7 5F 84 2F D2 A2 EB 35 89  |..GZ...._./...5.|
00008630  22 2C 0A 14 9C A1 A8 26 BA 26 75 8F A7 C8 53 DD  |",.....&.&u...S.|
00008640  0B 59 4C 7F 00 00 00 00 12 14 87 0B 89 19 E0 CC  |.YL.............|
00008650  C6 53 22 C9 98 C5 DA DF 52 25 AC 4E B2 31 22 2C  |.S".....R%.N.1",|
00008660  0A 14 D8 5B 07 C0 DB 23 FE 83 A7 C8 53 DD 0B 59  |...[...#....S..Y|
00008670  4C 7F 00 00 00 00 12 14 82 B6 BB C8 34 51 71 D6  |L...........4Qq.|
00008680  60 E4 4D 5D FD 39 4E 0A 92 4D 25 E4 22 2C 0A 14  |`.M].9N..M%.",..|
00008690  0B AF 49 4A 63 30 74 B3 61 60 8D DD F1 F2 94 10  |..IJc0t.a`......|
000086A0  00 00 00 00 12 14 01 6D B4 FB 40 CB 12 C5 65 F7  |.......m..@...e.|
000086B0  07 F1 68 8D 3B 24 1E DB 32 6A 22 2C 0A 14 30 39  |..h.;$..2j",..09|
000086C0  4E 00 92 36 39 B8 83 2F 57 41 DE 58 C1 CB 00 00  |N..69../WA.X....|
000086D0  00 00 12 14 7B 23 9B 7D B8 BA 0B 58 CB 38 87 7B  |....{#.}...X.8.{|
000086E0  43 FA 7A B6 46 E4 D3 2C 22 2C 0A 14 B0 EC 52 EF  |C.z.F..,",....R.|
000086F0  47 60 FE 24 FC E1 B2 05 DC 90 89 4C 00 00 00 00  |G`.$.......L....|
00008700  12 14 E5 6E 61 9D 28 F5 D9 07 28 C5 BC 18 54 E1  |...na.(...(...T.|
00008710  D1 C0 08 5C C8 85 22 2C 0A 14 F9 C9 32 FD 04 3C  |...\..",....2..<|
00008720  C3 8D 0E 59 64 BB AC 5B DD A6 00 00 00 00 12 14  |...Yd..[........|
00008730  79 44 E7 F0 7B AD 6B 45 73 01 88 30 E2 C0 47 F4  |yD..{.kEs..0..G.|
00008740  96 2B E7 57 22 2C 0A 14 00 E7 AB 61 BF F6 C0 AC  |.+.W",.....a....|
00008750  1D 46 29 B9 07 7F CA 9D 00 00 00 00 12 14 B6 DA  |.F).............|
00008760  E7 C4 6E 0C 01 13 09 65 A7 56 98 30 F5 E9 10 24  |..n....e.V.0...$|
00008770  6D 3B 22 2C 0A 14 7C C8 38 CF 6A 7A AC 56 F3 7B  |m;",..|.8.jz.V.{|
00008780  75 FC 7A 3D 8D 63 00 00 00 00 12 14 CF 46 A6 D5  |u.z=.c.......F..|
00008790  9B D1 37 A4 32 6A 3A 63 32 81 F8 D1 EE 1D 78 F5  |..7.2j:c2.....x.|
000087A0  22 2C 0A 14 05 06 99 A9 B1 A6 9A 20 74 56 A6 F4  |",......... tV..|
000087B0  4E 70 26 6D 00 00 00 00 12 14 8F 3F BF 97 16 B2  |Np&m.......?....|
000087C0  A5 AF A9 57 54 41 54 D6 7B 11 69 C6 92 AA 22 2C  |...WTAT.{.i...",|
000087D0  0A 14 CB 51 EC C3 47 AB ED 2B E8 FF 83 A3 FC B8  |...Q..G..+......|
000087E0  29 BF 00 00 00 00 12 14 6E 5B 98 A0 14 42 3F 25  |).......n[...B?%|
000087F0  33 C4 66 4F 6B F1 00 D6 D3 29 DD 8D 22 2C 0A 14  |3.fOk....)..",..|
00008800  85 4B B2 47 DA ED 62 22 F5 9E EA 38 50 70 D4 75  |.K.G..b"...8Pp.u|
00008810  00 00 00 00 12 14 D7 0C 7C 31 85 D4 6E B2 BC 9C  |........|1..n...|
00008820  33 A5 37 A5 FB C7 86 49 67 B2 22 2C 0A 14 D4 58  |3.7....Ig.",...X|
00008830  F3 C4 F9 40 63 71 F5 B5 96 8F 75 CE 6A CC 00 00  |...@cq....u.j...|
00008840  00 00 12 14 11 33 29 AA 71 8C 3D 06 21 38 4B 3F  |.....3).q.=.!8K?|
00008850  A8 48 CA ED 92 E7 83 07 22 2C 0A 14 16 3C BB 8F  |.H......",...<..|
00008860  59 93 58 22 CB E0 00 B4 7D FA 25 9F 00 00 00 00  |Y.X"....}.%.....|
00008870  12 14 D0 D2 53 B5 31 F8 AC 6B 8B 02 A4 94 DF D1  |....S.1..k......|
00008880  12 17 BE CC FE BA 22 2C 0A 14 16 3C BB 8F 59 93  |......",...<..Y.|
00008890  58 22 D5 54 9A 7C 95 8E 4A C7 00 00 00 00 12 14  |X".T.|..J.......|
000088A0  64 6E 75 8C F5 4E D4 AC 54 6C 31 9F 77 79 80 85  |dnu..N..Tl1.wy..|
000088B0  97 F2 64 90 22 2C 0A 14 BC 09 90 D4 49 32 5D 71  |..d.",......I2]q|
000088C0  3E 57 47 15 2C 81 9F 25 00 00 00 00 12 14 D1 7E  |>WG.,..%.......~|
000088D0  B3 61 E4 8C 16 E3 7E E2 50 24 39 95 99 10 48 A6  |.a....~.P$9...H.|
000088E0  F9 37 22 2C 0A 14 2B 08 9B A6 40 86 CE B7 30 6C  |.7",..+...@...0l|
000088F0  D4 5C 4F 4D 56 25 00 00 00 00 12 14 EB CB 22 03  |.\OMV%........".|
00008900  D1 49 33 5C 72 E1 20 2C F7 A8 88 42 57 5E 9A 38  |.I3\r. ,...BW^.8|
00008910  22 2C 0A 14 3A 8C 9A C9 7F 27 84 32 D1 E6 E4 E8  |",..:....'.2....|
00008920  48 35 F2 3C 00 00 00 00 12 14 AD 9F 50 AF FF 22  |H5.<........P.."|
00008930  48 59 A3 CE CD B6 8F CE 82 C6 75 5B 9E 7B 22 2C  |HY........u[.{",|
00008940  0A 14 81 23 3B 6B 4D AD 24 19 8A 17 F5 0B 37 4C  |...#;kM.$.....7L|
00008950  39 E8 00 00 00 00 12 14 90 4F 31 1B C3 37 76 AE  |9........O1..7v.|
00008960  9D BB CC 6F 14 02 F8 00 90 3A 0E FB 22 2C 0A 14  |...o.....:..",..|
00008970  00 E7 AB 61 BF F6 C0 AC BF 7F 87 A5 1D DC 5F C9  |...a.........._.|
00008980  00 00 00 00 12 14 C4 A7 87 72 03 32 C3 FA 94 CE  |.........r.2....|
00008990  BA 58 CF C5 6B 3A 20 87 83 03 22 2C 0A 14 54 DF  |.X..k: ...",..T.|
000089A0  4C 78 A0 5E 54 03 86 E6 1E E6 71 8F 69 A1 00 00  |Lx.^T.....q.i...|
000089B0  00 00 12 14 B5 D9 D7 E7 64 48 24 46 0E B7 DC 3C  |........dH$F...<|
000089C0  D1 93 B8 B1 C7 0E 19 30 22 2C 0A 14 57 20 83 23  |.......0",..W .#|
000089D0  DF D2 BE 64 9D 0C 56 B9 9C 5F 36 36 00 00 00 00  |...d..V.._66....|
000089E0  12 14 2B D7 C7 57 87 71 C1 DA C7 8E 00 D6 D3 8E  |..+..W.q........|
000089F0  C0 7B 63 E3 C0 DF 22 2C 0A 14 0E B6 A2 A9 05 44  |.{c...",.......D|
00008A00  C4 33 58 A0 E3 76 28 EB 01 4A 00 00 00 00 12 14  |.3X..v(..J......|
00008A10  BA 34 BA C3 C9 06 CE 33 8A C3 5F F3 ED B9 2C D1  |.4.....3.._...,.|
00008A20  BF 89 FE B7 22 2C 0A 14 80 BC 35 84 6E 4C D4 3E  |....",....5.nL.>|
00008A30  92 48 F8 0B 9E 70 4E 58 00 00 00 00 12 14 D6 0E  |.H...pNX........|
00008A40  87 5F 7D 10 C4 AC 71 53 61 B5 E3 FF 00 84 FB 85  |._}...qSa.......|
00008A50  25 5F 22 2C 0A 14 CC F5 FF 68 79 E2 4F 3C F1 29  |%_",.....hy.O<.)|
00008A60  FF 9B 0D 75 D8 60 00 00 00 00 12 14 12 3F 61 9E  |...u.`.......?a.|
00008A70  D8 BA 52 70 47 4A 61 27 D4 34 2D B2 66 97 0D B2  |..RpGJa'.4-.f...|
00008A80  22 2C 0A 14 16 CC 64 C1 9A B6 4D 75 88 8B 35 06  |",....d...Mu..5.|
00008A90  14 9A 0D C0 00 00 00 00 12 14 5B A4 01 BD 5B EC  |..........[...[.|
00008AA0  D0 3E 14 96 8B 61 6E 52 55 B8 26 FD 9E 10 22 2C  |.>...anRU.&...",|
00008AB0  0A 14 3B E1 67 10 28 66 64 CC DF 8C B7 7A AA 5E  |..;.g.(fd....z.^|
00008AC0  6D F6 00 00 00 00 12 14 C8 B5 AE 81 FD C5 87 32  |m..............2|
00008AD0  69 2F F5 63 AF 44 BD E8 6D 01 48 93 22 2C 0A 14  |i/.c.D..m.H.",..|
00008AE0  3B E1 67 10 28 66 64 CC 75 01 3B C2 19 2F 66 4E  |;.g.(fd.u.;../fN|
00008AF0  00 00 00 00 12 14 1A 55 2E C9 6B 56 FC 5C 81 92  |.......U..kV.\..|
00008B00  7A 32 48 FA EF 31 E9 33 BE 7F 22 2C 0A 14 30 B2  |z2H..1.3..",..0.|
00008B10  AD B8 BC 9F 6C C5 BD CC E4 B9 CD 2D 8A 81 00 00  |....l......-....|
00008B20  00 00 12 14 34 EE 00 A7 1C 7D B5 36 CE 4E 82 06  |....4....}.6.N..|
00008B30  8B F4 AA A3 9C EF A7 B3 22 2C 0A 14 3A 37 15 98  |........",..:7..|
00008B40  0D 59 D0 B5 40 30 A4 4C 3E 40 D9 1C 00 00 00 00  |.Y..@0.L>@......|
00008B50  12 14 49 3D DF 0D 1E 69 33 BB A3 65 F2 6A F7 67  |..I=...i3..e.j.g|
00008B60  1A 2C DC C6 D3 D5 22 2C 0A 14 3B E1 67 10 28 66  |.,....",..;.g.(f|
00008B70  64 CC 0D AD 27 93 03 75 30 B8 00 00 00 00 12 14  |d...'..u0.......|
00008B80  B5 16 EF C2 9A 00 90 A0 D4 42 CA 2D 26 6E 3B 5F  |.........B.-&n;_|
00008B90  20 47 0D 22 22 2C 0A 14 3B E1 67 10 28 66 64 CC  | G."",..;.g.(fd.|
00008BA0  3A F0 65 B4 5A 4C 2C 30 00 00 00 00 12 14 2A BB  |:.e.ZL,0......*.|
00008BB0  55 EC C1 FC 22 0B AB 78 09 B3 1F 8E CE 33 36 72  |U..."..x.....36r|
00008BC0  BB A1 22 2C 0A 14 04 2E 5E B0 83 40 E7 27 4B 3B  |..",....^..@.'K;|
00008BD0  BA 8F 0C C5 B8 73 00 00 00 00 12 14 98 16 10 87  |.....s..........|
00008BE0  3D 8B 94 82 B6 6B 97 78 D5 A9 05 66 5F CF 10 93  |=....k.x...f_...|
00008BF0  22 2C 0A 14 2B 08 9B A6 40 86 CE B7 C7 A2 7B 69  |",..+...@.....{i|
00008C00  0F E3 68 85 00 00 00 00 12 14 D4 24 EA A1 C8 4E  |..h........$...N|
00008C10  DA 30 83 52 ED 4F D5 CD 2C F8 A9 08 0F 8F 22 2C  |.0.R.O..,.....",|
00008C20  0A 14 16 CC 64 C1 9A B6 4D 75 39 F5 DD 61 6B 4C  |....d...Mu9..akL|
00008C30  24 D5 00 00 00 00 12 14 8F A5 77 C1 80 5B 95 7A  |$.........w..[.z|
00008C40  AC 2A F6 5D 95 C5 21 FF BE 8C A0 7A 22 2C 0A 14  |.*.]..!....z",..|
00008C50  2B 08 9B A6 40 86 CE B7 EA 0F 33 B7 18 EC 24 3B  |+...@.....3...$;|
00008C60  00 00 00 00 12 14 79 4E 6B CA B1 27 3F 83 88 11  |......yNk..'?...|
00008C70  9B 96 58 F5 99 61 B6 DC 8C 2E 22 2C 0A 14 85 4B  |..X..a....",...K|
00008C80  B2 47 DA ED 62 22 F3 86 77 06 78 70 B7 1D 00 00  |.G..b"..w.xp....|
00008C90  00 00 12 14 6F D4 60 4C 34 48 6E 6A 6C 96 06 95  |....o.`L4Hnjl...|
00008CA0  86 59 B1 37 F7 AB DD 9A 22 2C 0A 14 2B 08 9B A6  |.Y.7....",..+...|
00008CB0  40 86 CE B7 92 9A 87 0F 50 48 9F C9 00 00 00 00  |@.......PH......|
00008CC0  12 14 82 00 50 3C 2B 6D 7B E9 11 3C 01 95 8B 49  |....P<+m{..<...I|
00008CD0  2D 4C 38 83 13 17 22 2C 0A 14 EA 4F 3B 70 CC 7C  |-L8...",...O;p.||
00008CE0  C3 DA CF 8C 3F 9F F3 F6 6F 72 00 00 00 00 12 14  |....?...or......|
00008CF0  B4 CA 8A E8 65 F7 99 72 72 CC DE C3 6E 34 F3 3A  |....e..rr...n4.:|
00008D00  2B 5D 4A B8 22 2C 0A 14 00 E7 AB 61 BF F6 C0 AC  |+]J.",.....a....|
00008D10  D4 4A D2 3E 8C 87 33 3F 00 00 00 00 12 14 8E 28  |.J.>..3?.......(|
00008D20  19 81 85 B3 09 19 89 AF 82 E5 15 78 D2 89 8A E7  |...........x....|
00008D30  A3 F1 22 2C 0A 14 EA 4F 3B 70 CC 7C C3 DA AD E0  |..",...O;p.|....|
00008D40  DA A1 E3 D7 25 B1 00 00 00 00 12 14 1D 90 45 B0  |....%.........E.|
00008D50  6C CB 39 A7 8E 84 BA 24 CF A9 1D 42 F9 5D BB A3  |l.9....$...B.]..|
00008D60  22 2C 0A 14 B7 2C 37 52 EF C5 C6 55 E9 BA 3E 4D  |",...,7R...U..>M|
00008D70  82 99 73 97 00 00 00 00 12 14 8A 2E C4 63 7F 29  |..s..........c.)|
00008D80  CA 4A BC 56 F6 45 4A 5F 5F CE 0A 20 10 ED 22 2C  |.J.V.EJ__.. ..",|
00008D90  0A 14 3A 8C 9A C9 7F 27 84 32 FE 4B 7A C9 B5 D1  |..:....'.2.Kz...|
00008DA0  F6 3C 00 00 00 00 12 14 36 14 BD D0 F6 7B D4 82  |.<......6....{..|
00008DB0  7C 58 E0 56 E3 BC D7 62 CA 82 DE 28 22 2C 0A 14  ||X.V...b...(",..|
00008DC0  8C 78 D3 C5 26 C0 B5 D9 8A C3 06 6A 0C 1A 14 31  |.x..&......j...1|
00008DD0  00 00 00 00 12 14 E5 CE 4E 9C AE 58 25 D3 B3 0D  |........N..X%...|
00008DE0  7A D3 3C 21 96 54 87 17 28 E2 22 2C 0A 14 B7 2C  |z.<!.T..(.",...,|
00008DF0  37 52 EF C5 C6 55 C2 99 DA 33 9E CF 02 E9 00 00  |7R...U...3......|
00008E00  00 00 12 14 BA 1C 4B 56 22 C0 04 A0 02 C0 C5 67  |......KV"......g|
00008E10  F1 74 60 FC 28 2B 40 3E 22 2C 0A 14 3A 8C 9A C9  |.t`.(+@>",..:...|
00008E20  7F 27 84 32 C1 D8 BA 20 E5 86 06 DE 00 00 00 00  |.'.2... ........|
00008E30  12 14 AB EC 84 A4 43 92 7C 03 06 7B 23 EB B3 B0  |......C.|..{#...|
00008E40  06 73 FC 04 83 EF 22 2C 0A 14 EA D6 C1 17 5B 76  |.s....",......[v|
00008E50  5F F7 2A 31 30 4A AC 24 94 2E 00 00 00 00 12 14  |_.*10J.$........|
00008E60  FF 0E 1A 48 35 95 27 00 7F 5E D3 D0 9A 04 77 56  |...H5.'..^....wV|
00008E70  79 E5 9C 25 22 2C 0A 14 45 2B 5D E9 EB 1E B0 DF  |y..%",..E+].....|
00008E80  2F 5F 60 86 82 96 77 64 00 00 00 00 12 14 F2 40  |/_`...wd.......@|
00008E90  33 0C 87 FA 90 88 99 A3 2B 49 08 C6 6A 2D C7 99  |3.......+I..j-..|
00008EA0  A9 03 22 2C 0A 14 BF 5C 09 43 09 EF AF 30 DA E6  |..",...\.C...0..|
00008EB0  06 AA FC 4A D0 3D 00 00 00 00 12 14 3E D1 9D 59  |...J.=......>..Y|
00008EC0  17 32 B6 2F 82 C1 76 78 D0 52 3C 11 82 61 AB B7  |.2./..vx.R<..a..|
00008ED0  22 2C 0A 14 CC F5 FF 68 79 E2 4F 3C 42 28 6A D0  |",.....hy.O<B(j.|
00008EE0  97 52 40 AB 00 00 00 00 12 14 8E 44 96 96 8D 80  |.R@........D....|
00008EF0  13 7E 9A 75 82 9E 2A 0F 24 C8 37 DC 22 62 22 2C  |.~.u..*.$.7."b",|
00008F00  0A 14 BF 5C 09 43 09 EF AF 30 67 36 B9 D1 0D AA  |...\.C...0g6....|
00008F10  28 5C 00 00 00 00 12 14 03 62 23 17 2C E0 46 79  |(\.......b#.,.Fy|
00008F20  F6 07 BE 0D 8A 35 8A 9D 02 D4 D3 CE 22 2C 0A 14  |.....5......",..|
00008F30  BF 5C 09 43 09 EF AF 30 4F 88 53 C9 25 83 9B FF  |.\.C...0O.S.%...|
00008F40  00 00 00 00 12 14 AA 70 A0 36 0A C8 BF 41 A4 F3  |.......p.6...A..|
00008F50  61 B1 94 B6 D7 38 5D 83 A7 09 22 2C 0A 14 BF 31  |a....8]...",...1|
00008F60  9C 95 18 D5 F4 55 68 75 73 AA E8 30 6C 27 00 00  |.....Uhus..0l'..|
00008F70  00 00 12 14 9F B1 14 E4 55 96 5E A8 85 15 25 68  |........U.^...%h|
00008F80  B8 EC 03 0E F8 ED 31 94 22 2C 0A 14 5C F5 8D 5B  |......1.",..\..[|
00008F90  60 51 74 40 5F 3E 59 8F 71 34 EF B7 00 00 00 00  |`Qt@_>Y.q4......|
00008FA0  12 14 4C A4 80 13 24 CC A7 86 81 B0 07 D3 23 85  |..L...$.......#.|
00008FB0  D9 FB 77 10 BD 64 22 2C 0A 14 00 E7 AB 61 BF F6  |..w..d",.....a..|
00008FC0  C0 AC 91 92 5C 01 89 89 E5 D9 00 00 00 00 12 14  |....\...........|
00008FD0  7C 7A 74 09 10 EE 0E 31 43 46 5B 1B DF BF D7 6C  ||zt....1CF[....l|
00008FE0  16 AE 76 5A 22 2C 0A 14 3C 4D CB 0E 83 8A A0 59  |..vZ",..<M.....Y|
00008FF0  29 CC FB 5E 2E 50 1A BD 00 00 00 00 12 14 E0 9C  |)..^.P..........|
00009000  27 0D BF 6F 12 57 75 02 3E 9A 9A 08 B0 FF 0E 5B  |'..o.Wu.>......[|
00009010  38 02 22 2C 0A 14 16 3C BB 8F 59 93 58 22 25 D5  |8.",...<..Y.X"%.|
00009020  D8 AA CF D5 69 9D 00 00 00 00 12 14 E1 9B DF 93  |....i...........|
00009030  B6 19 FA 40 6F 05 85 9F F2 87 F8 3C 2F 85 19 CC  |...@o......</...|
00009040  22 2C 0A 14 78 92 B7 ED 4C 51 62 8C EA 87 BF 10  |",..x...LQb.....|
00009050  F2 F9 DB 96 00 00 00 00 12 14 D3 2E CA 58 34 D1  |.............X4.|
00009060  4E E3 8D A6 B3 62 B0 0C 84 A5 26 77 38 51 22 2C  |N....b....&w8Q",|
00009070  0A 14 6D 29 AA 79 DC 63 0A D2 B2 93 6D 39 D3 3A  |..m).y.c....m9.:|
00009080  4A A7 00 00 00 00 12 14 E1 8C 68 B0 68 B3 82 18  |J.........h.h...|
00009090  AD 5C 49 B9 76 86 0F 11 EF 8F 62 1D 22 2C 0A 14  |.\I.v.....b.",..|
000090A0  4F 71 86 6C BB AA A5 69 90 F1 58 70 76 48 5B 3C  |Oq.l...i..XpvH[<|
000090B0  00 00 00 00 12 14 AB 7B 62 87 0E 7D B8 7A 3B 4B  |.......{b..}.z;K|
000090C0  C4 B1 21 54 BC D2 85 27 DE 3F 22 2C 0A 14 82 57  |..!T...'.?",...W|
000090D0  F0 70 E9 83 60 68 AA 79 AF 2C 47 82 A9 DF 00 00  |.p..`h.y.,G.....|
000090E0  00 00 12 14 0D 2E 2C AE 13 2D C6 92 21 23 93 63  |......,..-..!#.c|
000090F0  D9 A3 A5 F1 41 19 2D 59 22 2C 0A 14 FC 48 CD 87  |....A.-Y",...H..|
00009100  D5 4C 4E D3 CD F6 0E 50 B8 26 C6 46 00 00 00 00  |.LN....P.&.F....|
00009110  12 14 E1 48 13 64 5D 20 67 1D 35 51 2F B1 FE 5F  |...H.d] g.5Q/.._|
00009120  14 2A C8 96 34 E8 22 2C 0A 14 AB CE 2C 3B 7E C8  |.*..4.",....,;~.|
00009130  1A E8 F9 51 7F 4B 17 3B D6 89 00 00 00 00 12 14  |...Q.K.;........|
00009140  CB E5 77 7B 98 9A 07 BB D4 D4 89 12 7B D6 40 FE  |..w{........{.@.|
00009150  D8 81 2B FA 22 2C 0A 14 5C 00 54 5A A9 15 EF AF  |..+.",..\.TZ....|
00009160  9F B7 5D A2 86 50 57 1C 00 00 00 00 12 14 A3 92  |..]..PW.........|
00009170  D8 EA D4 09 40 23 FB 4C 57 72 D1 5B E8 A4 76 8E  |....@#.LWr.[..v.|
00009180  34 7E 22 2C 0A 14 10 D9 47 FA DE 36 8F 42 24 54  |4~",....G..6.B$T|
00009190  AF C6 B5 EE 43 6F 00 00 00 00 12 14 15 DE B6 46  |....Co.........F|
000091A0  EE D5 C5 BB F6 86 15 D2 D7 AB 03 5C BC 83 E9 65  |...........\...e|
000091B0  22 2C 0A 14 26 F2 93 37 7A 98 F7 A8 CB 8C 45 2F  |",..&..7z.....E/|
000091C0  7D 6B 94 46 00 00 00 00 12 14 36 B0 6F A4 4B 83  |}k.F......6.o.K.|
000091D0  73 AA 03 07 0D 9A A8 81 3E 48 8D 41 34 74 22 2C  |s.......>H.A4t",|
000091E0  0A 14 BB 07 C5 EC 85 F1 90 A9 25 2C 2D 87 84 D4  |..........%,-...|
000091F0  9D 5C 00 00 00 00 12 14 15 B3 F3 B9 4A 8E 49 80  |.\..........J.I.|
00009200  7C 12 EF 29 7F 11 EC B6 94 B8 65 86 22 2C 0A 14  ||..)......e.",..|
00009210  58 30 0C 00 B8 A3 7A 7E 3A CC 87 A0 C7 6B 7B 97  |X0....z~:....k{.|
00009220  00 00 00 00 12 14 F9 47 CE 73 D7 5D DC 73 BB 16  |.......G.s.].s..|
00009230  F5 08 89 AB 17 F7 24 7A 95 15 22 2C 0A 14 A3 F1  |......$z..",....|
00009240  81 EC 8D 5B 3E 15 2F 07 3E 90 41 23 00 FA 00 00  |...[>./.>.A#....|
00009250  00 00 12 14 72 04 24 72 87 95 B7 E6 6D 5C 80 7B  |....r.$r....m\.{|
00009260  17 C5 1B 27 C4 8D 99 B3 22 2C 0A 14 40 77 37 68  |...'....",..@w7h|
00009270  BF DF E3 C1 C3 05 71 0F 81 48 BD 1A 00 00 00 00  |......q..H......|
00009280  12 14 36 D0 4A 8E BB 83 AA EB 5B 46 8E 53 06 FE  |..6.J.....[F.S..|
00009290  9B 32 09 EC B1 C3 22 2C 0A 14 BD 5D 1D 95 E4 B0  |.2....",...]....|
000092A0  9F 3B DE 94 5D 06 4F 5B 1A E6 00 00 00 00 12 14  |.;..].O[........|
000092B0  74 52 2B 7E 53 ED BA F4 22 01 77 A1 B2 34 14 05  |tR+~S...".w..4..|
000092C0  0E 90 6F 77 22 2C 0A 14 74 E6 82 0A A0 DF B9 88  |..ow",..t.......|
000092D0  7A 98 2C EE 7A 84 3E 70 00 00 00 00 12 14 87 3B  |z.,.z.>p.......;|
000092E0  F6 1D 27 9B C6 32 C4 96 77 63 A8 73 9E AE BE 50  |..'..2..wc.s...P|
000092F0  DB 68 22 2C 0A 14 27 CD 45 B0 CA 80 1C 59 90 23  |.h",..'.E....Y.#|
00009300  A2 66 EA E3 E6 35 00 00 00 00 12 14 65 0B 41 4B  |.f...5......e.AK|
00009310  98 E1 89 87 0A A5 88 25 10 07 C3 0F 38 CF 88 DA  |.......%....8...|
00009320  22 2C 0A 14 B3 AE 1E 82 60 74 DF A0 E0 98 66 4B  |",......`t....fK|
00009330  69 F7 73 3D 00 00 00 00 12 14 12 10 A4 D8 3A 5C  |i.s=..........:\|
00009340  FD E0 D3 05 4B BA 5F A9 E1 B8 A3 1E 35 5D 22 2C  |....K._.....5]",|
00009350  0A 14 81 23 3B 6B 4D AD 24 19 53 76 8F ED EE 6B  |...#;kM.$.Sv...k|
00009360  8A 23 00 00 00 00 12 14 88 C7 7A 42 4C C2 C2 D7  |.#........zBL...|
00009370  CF B5 BE 66 41 D4 5E 69 8E B4 72 84 22 2C 0A 14  |...fA.^i..r.",..|
00009380  4F 02 7E D7 6D 9E BA 98 09 E1 21 A4 4F 8D D4 A2  |O.~.m.....!.O...|
00009390  00 00 00 00 12 14 93 83 06 EB D5 0E 0B 74 38 7B  |.............t8{|
000093A0  26 11 B1 2F 68 67 A9 50 13 A6 22 2C 0A 14 12 37  |&../hg.P..",...7|
000093B0  3D 0B 82 49 5D 44 04 39 B6 FE F2 C3 2B 7F 00 00  |=..I]D.9....+...|
000093C0  00 00 12 14 E9 BE DA 1A 12 DF DD 2A A4 AF FB AE  |...........*....|
000093D0  49 F0 B2 85 4C 4A 07 33 22 2C 0A 14 76 FD 8C 4E  |I...LJ.3",..v..N|
000093E0  49 5B 32 92 81 BB 09 94 41 6E 3B FC 00 00 00 00  |I[2.....An;.....|
000093F0  12 14 DA D9 44 17 13 0F 76 3E B9 64 09 70 F4 53  |....D...v>.d.p.S|
00009400  A3 CA 74 BA 85 47 22 2C 0A 14 CC 7C C7 E5 AD 83  |..t..G",...|....|
00009410  BE 0A E7 7A 1B 2E 1C 3E A3 13 00 00 00 00 12 14  |...z...>........|
00009420  63 77 0E 97 C5 A0 8E 41 3C 72 7F E9 CF 48 19 E9  |cw.....A<r...H..|
00009430  CB 56 A6 DA 22 2C 0A 14 38 AA 6D 2C 34 34 C9 5D  |.V..",..8.m,44.]|
00009440  9E B0 7D 47 9A EB 9B 0F 00 00 00 00 12 14 C0 1D  |..}G............|
00009450  5F F0 6C 35 3E D8 BC 8C F2 9C 52 43 08 63 53 0A  |_.l5>.....RC.cS.|
00009460  58 1E 22 2C 0A 14 C2 E5 43 C4 B4 B6 34 06 1F 99  |X.",....C...4...|
00009470  77 26 DF 91 DC AC 00 00 00 00 12 14 39 CB 41 D7  |w&..........9.A.|
00009480  68 DA F9 A5 0D AC 81 63 50 1A 8C DE 9C 95 64 09  |h......cP.....d.|
00009490  22 2C 0A 14 48 48 CD EC BD 95 2D 60 BF BA 8B 94  |",..HH....-`....|
000094A0  39 C3 99 28 00 00 00 00 12 14 0F 74 B0 59 87 EF  |9..(.......t.Y..|
000094B0  69 16 9D 40 0E 46 BD AB 80 59 E7 DE BE 5B 22 2C  |i..@.F...Y...[",|
000094C0  0A 14 5E 17 AF DC E1 3E 67 2C 95 4B F5 87 FA 8D  |..^....>g,.K....|
000094D0  83 68 00 00 00 00 12 14 19 DA 77 7C 2D 39 22 02  |.h........w|-9".|
000094E0  CA 44 4B 52 DD 73 AA 2A D8 E5 5A 26 22 2C 0A 14  |.DKR.s.*..Z&",..|
000094F0  B6 46 40 6F 91 CC 21 B0 84 38 9D 5F 67 01 05 73  |.F@o..!..8._g..s|
00009500  00 00 00 00 12 14 2E F1 30 31 AD A1 22 E8 D1 00  |........01.."...|
00009510  99 B5 3A 08 D9 D2 00 03 D9 63 22 2C 0A 14 99 30  |..:......c",...0|
00009520  82 AE DA 2D 80 61 73 8A 70 D7 92 C9 3D AC 00 00  |...-.as.p...=...|
00009530  00 00 12 14 B8 A9 94 A2 9F 5C 92 17 CC 5E FB 49  |.........\...^.I|
00009540  67 04 0F 53 82 2F 35 AC 22 2C 0A 14 C2 E5 43 C4  |g..S./5.",....C.|
00009550  B4 B6 34 06 F8 37 A4 4C 4A CC D8 34 00 00 00 00  |..4..7.LJ..4....|
00009560  12 14 F2 0D 58 25 20 00 3E 47 0E 28 86 78 7E CD  |....X% .>G.(.x~.|
00009570  14 49 9F BE 4D 5C 22 2C 0A 14 E3 E6 DE F6 B9 10  |.I..M\",........|
00009580  C2 AF 0A AB 39 16 2C AE 40 BE 00 00 00 00 12 14  |....9.,.@.......|
00009590  E6 97 35 54 EC 0A 42 33 C6 A0 81 B1 42 8E 0F C4  |..5T..B3....B...|
000095A0  20 32 B5 A8 22 2C 0A 14 80 BC 35 84 6E 4C D4 3E  | 2..",....5.nL.>|
000095B0  46 A9 34 FA 07 E1 1B 86 00 00 00 00 12 14 92 FA  |F.4.............|
000095C0  15 A4 17 F3 AC 4A B3 0F FD 6A 8A 67 28 13 77 F5  |.....J...j.g(.w.|
000095D0  17 1A 22 2C 0A 14 3A 8C 9A C9 7F 27 84 32 D8 57  |..",..:....'.2.W|
000095E0  9A 92 6A 54 3F AC 00 00 00 00 12 14 11 B5 3C 97  |..jT?.........<.|
000095F0  3C F3 EF 30 1B B1 5C B5 C2 19 8F AE 82 FE 9C 2F  |<..0..\......../|
00009600  22 2C 0A 14 23 5F D9 E7 83 73 77 19 0E 36 CC 33  |",..#_...sw..6.3|
00009610  CD 87 5E BF 00 00 00 00 12 14 B0 D6 1A FB AC BB  |..^.............|
00009620  6B 7D 0B 26 D8 C0 05 4A 8E 96 89 FC ED 74 22 2C  |k}.&...J.....t",|
00009630  0A 14 3B D4 1D AE 15 75 3D 51 CC ED E8 9E 46 EE  |..;....u=Q....F.|
00009640  4C 83 00 00 00 00 12 14 4E F9 ED 7E 30 32 B4 27  |L.......N..~02.'|
00009650  57 08 92 DE 00 CD 6F 4F EF 44 10 92 22 2C 0A 14  |W.....oO.D..",..|
00009660  9B A8 1B 52 7E 7E B8 B6 9E AB 82 40 80 B7 61 67  |...R~~.....@..ag|
00009670  00 00 00 00 12 14 5B C0 85 68 9A 26 87 0A 26 A0  |......[..h.&..&.|
00009680  C5 02 A7 6E 85 31 08 95 AD 4B 22 2C 0A 14 63 35  |...n.1...K",..c5|
00009690  3C C5 B7 C0 E8 B8 08 CF A3 53 CD 3E CE 64 00 00  |<........S.>.d..|
000096A0  00 00 12 14 C3 10 58 44 72 2B F1 BD 82 03 5F 9C  |......XDr+...._.|
000096B0  2F DB EB 6F 71 DB C8 21 22 2C 0A 14 3A 8C 9A C9  |/..oq..!",..:...|
000096C0  7F 27 84 32 1D 74 4C A6 8B 91 C2 A1 00 00 00 00  |.'.2.tL.........|
000096D0  12 14 7A 53 88 B5 59 7C 46 42 16 DB E5 6E 4C 74  |..zS..Y|FB...nLt|
000096E0  E0 74 AB 6D 43 04 22 2C 0A 14 3A 8C 9A C9 7F 27  |.t.mC.",..:....'|
000096F0  84 32 1A 3F A6 AD 77 A5 A3 E1 00 00 00 00 12 14  |.2.?..w.........|
00009700  6E AB C3 E6 B8 4F 7E CA BC 41 C3 CB F3 ED C0 BD  |n....O~..A......|
00009710  43 94 53 8F 22 2C 0A 14 C9 4C B9 DC 45 B6 22 D6  |C.S.",...L..E.".|
00009720  DD 0C 21 EA A1 A1 73 EA 00 00 00 00 12 14 33 DE  |..!...s.......3.|
00009730  7A D6 3F 0F 02 D6 31 82 9E F9 21 F1 49 AF 51 14  |z.?...1...!.I.Q.|
00009740  82 11 22 2C 0A 14 80 BC 35 84 6E 4C D4 3E 40 0D  |..",....5.nL.>@.|
00009750  B1 08 11 77 F2 0F 00 00 00 00 12 14 8F B8 88 5A  |...w...........Z|
00009760  6C E7 ED 44 A7 6E 68 43 2A 4C B6 72 5F CF 7B 2A  |l..D.nhC*L.r_.{*|
00009770  22 2C 0A 14 0E B6 A2 A9 05 44 C4 33 B1 18 19 8E  |",.......D.3....|
00009780  66 6F FF 3E 00 00 00 00 12 14 D1 1D 0D F4 4F 35  |fo.>..........O5|
00009790  B0 18 7F 8D F3 20 A0 BB 88 3D 70 C9 82 69 22 2C  |..... ...=p..i",|
000097A0  0A 14 63 35 3C C5 B7 C0 E8 B8 AA 54 A1 00 C2 F5  |..c5<......T....|
000097B0  20 3F 00 00 00 00 12 14 82 90 0D 0D 31 48 1F 83  | ?..........1H..|
000097C0  5A 5E 7E CE AD D8 53 6F 1E AE 02 A6 22 2C 0A 14  |Z^~...So....",..|
000097D0  FE 88 FE FD 44 77 73 2F 8B 23 67 B9 C5 52 FF C9  |....Dws/.#g..R..|
000097E0  00 00 00 00 12 14 A0 9D 10 9B F2 E8 29 A9 60 2D  |............).`-|
000097F0  FD B5 3C 71 6C 4F 2C 70 1D DF 22 2C 0A 14 B0 EC  |..<qlO,p..",....|
00009800  52 EF 47 60 FE 24 99 39 4B 5D B6 D8 3B 00 00 00  |R.G`.$.9K]..;...|
00009810  00 00 12 14 F8 F4 B4 C1 01 C3 04 6C 06 E9 51 5B  |...........l..Q[|
00009820  35 1F 67 0F 13 01 3D CB 22 2C 0A 14 CC F5 FF 68  |5.g...=.",.....h|
00009830  79 E2 4F 3C E1 A6 28 7B 24 BE 84 4B 00 00 00 00  |y.O<..({$..K....|
00009840  12 14 97 6E 8B 15 FF F1 DA A3 B2 B3 3A 83 54 4F  |...n........:.TO|
00009850  59 FA E7 0A 4D 09 22 2C 0A 14 45 2B 5D E9 EB 1E  |Y...M.",..E+]...|
00009860  B0 DF 96 CB 4F 8D ED 6A 9F 87 00 00 00 00 12 14  |....O..j........|
00009870  8B 0E 3E 73 71 A0 84 13 3D 2F 10 B8 CA 5F A8 66  |..>sq...=/..._.f|
00009880  6D 01 61 9C 22 2C 0A 14 57 20 83 23 DF D2 BE 64  |m.a.",..W .#...d|
00009890  83 B6 08 8A 24 C9 87 A5 00 00 00 00 12 14 5B 4D  |....$.........[M|
000098A0  E9 E1 5F E7 5F B7 DE 80 0E D7 1B 75 12 EB 2E C1  |.._._......u....|
000098B0  D6 FE 22 2C 0A 14 CC F5 FF 68 79 E2 4F 3C 22 4B  |..",.....hy.O<"K|
000098C0  CF DD 74 3D B5 27 00 00 00 00 12 14 84 91 19 B8  |..t=.'..........|
000098D0  73 D4 F8 30 F4 EA C8 E2 76 AA 53 83 60 FA 05 A3  |s..0....v.S.`...|
000098E0  22 2C 0A 14 B0 EC 52 EF 47 60 FE 24 2B 88 CB A2  |",....R.G`.$+...|
000098F0  E4 7C 79 2F 00 00 00 00 12 14 32 5C D0 4E 98 DE  |.|y/......2\.N..|
00009900  1E 8F 85 68 DD D3 CD 7A 72 CC E3 E9 B7 E8 22 2C  |...h...zr.....",|
00009910  0A 14 8C 78 D3 C5 26 C0 B5 D9 84 46 B0 1D 13 C8  |...x..&....F....|
00009920  7C 79 00 00 00 00 12 14 67 74 6B 1A E3 8A 90 80  ||y......gtk.....|
00009930  E8 8A CB 7A CC EB BA 4A E8 42 6F BA 22 2C 0A 14  |...z...J.Bo.",..|
00009940  80 BC 35 84 6E 4C D4 3E F9 3E 38 FF 83 FE C1 B6  |..5.nL.>.>8.....|
00009950  00 00 00 00 12 14 BF 93 8F D2 83 3E 34 3C 55 9F  |...........>4<U.|
00009960  85 D4 D0 59 55 46 4F E1 E0 9B 22 2C 0A 14 F9 C9  |...YUFO...",....|
00009970  32 FD 04 3C C3 8D 67 D3 BF B3 A1 D5 B5 07 00 00  |2..<..g.........|
00009980  00 00 12 14 B5 21 0B D8 B9 C6 DA FE D9 02 44 FD  |.....!........D.|
00009990  03 24 AC 5D 42 0F 5C E5 22 2C 0A 14 F4 4B 5F 4E  |.$.]B.\.",...K_N|
000099A0  9E 73 0E 8F AE 6E 33 E9 6B 28 74 9F 00 00 00 00  |.s...n3.k(t.....|
000099B0  12 14 EE 4B 27 DD CE 82 25 A6 E0 19 D6 67 F1 86  |...K'...%....g..|
000099C0  73 CC 9C 6F 6B E9 22 2C 0A 14 BF 5C 09 43 09 EF  |s..ok.",...\.C..|
000099D0  AF 30 2D EE 60 B8 6F AD 8C 26 00 00 00 00 12 14  |.0-.`.o..&......|
000099E0  8D 16 9F 88 14 E7 CC 1D 69 03 79 6A 32 F4 9F 90  |........i.yj2...|
000099F0  EB F2 C6 47 22 2C 0A 14 85 4B B2 47 DA ED 62 22  |...G",...K.G..b"|
00009A00  97 8A FE 65 10 C5 8B 3D 00 00 00 00 12 14 03 DB  |...e...=........|
00009A10  83 6E 9A A3 EF AC 32 E3 E0 A3 C7 5D 19 DF F6 1B  |.n....2....]....|
00009A20  B2 D8 22 2C 0A 14 BF 5C 09 43 09 EF AF 30 C1 BC  |..",...\.C...0..|
00009A30  70 04 44 DC C1 6F 00 00 00 00 12 14 0D D0 2C EF  |p.D..o........,.|
00009A40  4B 66 AB 8F 62 84 6D 3F 7D E9 3A 61 EB 6C 12 0B  |Kf..b.m?}.:a.l..|
00009A50  22 2C 0A 14 05 06 99 A9 B1 A6 9A 20 A0 8A 8A 79  |",......... ...y|
00009A60  0E 1C F6 A5 00 00 00 00 12 14 A9 B2 BE 24 35 7D  |.............$5}|
00009A70  A8 7B 70 BA C9 73 41 F9 DE 2E A7 62 BD B6 22 2C  |.{p..sA....b..",|
00009A80  0A 14 00 78 BB C9 22 04 D5 FD D6 E4 67 1F DB EE  |...x..".....g...|
00009A90  ED 6E 00 00 00 00 12 14 8D C2 0B 4F 97 DD 60 76  |.n.........O..`v|
00009AA0  61 39 23 59 8D 9E D0 6C 85 17 0E 64 22 2C 0A 14  |a9#Y...l...d",..|
00009AB0  BF 5C 09 43 09 EF AF 30 E0 B4 A3 F3 D5 D8 FD E6  |.\.C...0........|
00009AC0  00 00 00 00 12 14 3E 21 5C F9 1A 98 10 D9 A0 1E  |......>!\.......|
00009AD0  18 C7 8E 93 63 E0 E8 09 AA 4A 22 2C 0A 14 DD 81  |....c....J",....|
00009AE0  32 65 82 9B F6 F9 E5 3B 81 EE 5D 76 CB 46 00 00  |2e.....;..]v.F..|
00009AF0  00 00 12 14 59 42 F0 18 49 6E BD 4A 8F 4E C0 8B  |....YB..In.J.N..|
00009B00  E5 91 6C BF 4A 2D 2F 5B 22 2C 0A 14 BF 5C 09 43  |..l.J-/[",...\.C|
00009B10  09 EF AF 30 C5 79 1A 7F 7F 27 26 99 00 00 00 00  |...0.y...'&.....|
00009B20  12 14 5F 69 0F 62 C6 1B 70 C1 71 A6 24 5A 19 7E  |.._i.b..p.q.$Z.~|
00009B30  D3 8C 1A C7 12 A7 22 2C 0A 14 BF 5C 09 43 09 EF  |......",...\.C..|
00009B40  AF 30 41 99 53 52 F2 07 E7 2B 00 00 00 00 12 14  |.0A.SR...+......|
00009B50  CB D3 E2 54 2F 7D 63 26 54 6D 05 3A 9A E0 46 6E  |...T/}c&Tm.:..Fn|
00009B60  54 52 28 A8 22 2C 0A 14 25 42 7D 56 E7 71 1C 9F  |TR(.",..%B}V.q..|
00009B70  89 9A 5D EC 25 EE 3E 8B 00 00 00 00 12 14 11 D2  |..].%.>.........|
00009B80  BE 8F D8 A4 0D 6B A7 0D 97 48 5B DC C5 09 F4 EC  |.....k...H[.....|
00009B90  63 23 22 2C 0A 14 25 42 7D 56 E7 71 1C 9F FF 64  |c#",..%B}V.q...d|
00009BA0  50 88 C6 C7 63 D2 00 00 00 00 12 14 64 D5 A2 91  |P...c.......d...|
00009BB0  24 C4 27 A4 50 FB 97 49 59 DE 95 36 99 8C 47 C7  |$.'.P..IY..6..G.|
00009BC0  22 2C 0A 14 25 42 7D 56 E7 71 1C 9F E3 BE A6 EA  |",..%B}V.q......|
00009BD0  79 94 89 E0 00 00 00 00 12 14 DE 9B E2 C7 0E B5  |y...............|
00009BE0  8E E9 5E 36 7C 6A 2D 3B AA C8 5C 5D 0A EE 22 2C  |..^6|j-;..\]..",|
00009BF0  0A 14 25 42 7D 56 E7 71 1C 9F 46 F0 D0 7B 7E DD  |..%B}V.q..F..{~.|
00009C00  C1 43 00 00 00 00 12 14 82 9F 5C 2E ED A8 B5 34  |.C........\....4|
00009C10  54 29 68 AE 2F D2 19 69 FB D9 AB CF 22 2C 0A 14  |T)h./..i....",..|
00009C20  25 42 7D 56 E7 71 1C 9F 29 79 68 30 64 F7 21 D2  |%B}V.q..)yh0d.!.|
00009C30  00 00 00 00 12 14 D0 98 E3 5F A4 1F 51 B0 C8 5A  |........._..Q..Z|
00009C40  4C AD 6E 4C 05 4C BF 66 47 17 22 2C 0A 14 25 42  |L.nL.L.fG.",..%B|
00009C50  7D 56 E7 71 1C 9F D9 42 C5 60 2E C5 58 4F 00 00  |}V.q...B.`..XO..|
00009C60  00 00 12 14 A4 F8 F4 56 42 AF 68 F5 D8 E0 62 F9  |.......VB.h...b.|
00009C70  6F 22 09 9A C7 09 21 72 22 2C 0A 14 25 42 7D 56  |o"....!r",..%B}V|
00009C80  E7 71 1C 9F FD 8D 96 77 6D 96 92 F7 00 00 00 00  |.q.....wm.......|
00009C90  12 14 C0 CE 6C A5 FE 26 C4 69 78 8B 5F EB 7D 82  |....l..&.ix._.}.|
00009CA0  04 28 A3 9F FF 4E 22 2C 0A 14 25 42 7D 56 E7 71  |.(...N",..%B}V.q|
00009CB0  1C 9F C3 6B 3D 55 7D AA 19 38 00 00 00 00 12 14  |...k=U}..8......|
00009CC0  3E 2C C8 3B D7 90 62 37 88 6E 78 0A 30 C5 F0 3E  |>,.;..b7.nx.0..>|
00009CD0  74 09 CF 58 22 2C 0A 14 25 42 7D 56 E7 71 1C 9F  |t..X",..%B}V.q..|
00009CE0  1B D8 7C AB FA 11 0C 54 00 00 00 00 12 14 65 E4  |..|....T......e.|
00009CF0  87 9E 4E 40 E6 92 07 FB B5 8E A7 19 7C 08 82 93  |..N@........|...|
00009D00  D1 F7 22 2C 0A 14 25 42 7D 56 E7 71 1C 9F 13 0A  |..",..%B}V.q....|
00009D10  58 60 89 A9 8E 62 00 00 00 00 12 14 4D D6 AB F4  |X`...b......M...|
00009D20  5B A4 C0 E5 92 F1 B6 E3 3B EC 2C F1 69 34 D2 DA  |[.......;.,.i4..|
00009D30  22 2C 0A 14 25 42 7D 56 E7 71 1C 9F E2 A9 3F 89  |",..%B}V.q....?.|
00009D40  90 E6 01 B8 00 00 00 00 12 14 19 92 29 CE 1F FB  |............)...|
00009D50  FA 9A CF B3 DF 1F 66 24 0D F5 37 CB 5D D3 22 2C  |......f$..7.].",|
00009D60  0A 14 25 42 7D 56 E7 71 1C 9F F6 20 7D 35 86 F8  |..%B}V.q... }5..|
00009D70  02 AE 00 00 00 00 12 14 F7 49 16 2B 61 73 74 59  |.........I.+astY|
00009D80  5B FC B0 19 35 B1 3F 89 77 06 1A 1C 22 2C 0A 14  |[...5.?.w...",..|
00009D90  25 42 7D 56 E7 71 1C 9F CF 38 68 3E EA B2 45 87  |%B}V.q...8h>..E.|
00009DA0  00 00 00 00 12 14 81 41 0A 1E E6 83 93 93 17 CD  |.......A........|
00009DB0  53 E2 9A 9F 5E A3 17 06 A5 F3 22 2C 0A 14 25 42  |S...^.....",..%B|
00009DC0  7D 56 E7 71 1C 9F 57 CE 7B 69 41 37 BB F3 00 00  |}V.q..W.{iA7....|
00009DD0  00 00 12 14 CB CA BB 0B E7 02 F9 DE 83 0B 16 8D  |................|
00009DE0  23 D5 7E 38 21 9F A5 91 22 2C 0A 14 25 42 7D 56  |#.~8!...",..%B}V|
00009DF0  E7 71 1C 9F 5A 24 B4 62 E9 77 C9 1A 00 00 00 00  |.q..Z$.b.w......|
00009E00  12 14 9B 39 4D E2 7E 64 18 26 74 55 C9 11 10 5F  |...9M.~d.&tU..._|
00009E10  A8 EE 60 4E 5E BB 22 2C 0A 14 25 42 7D 56 E7 71  |..`N^.",..%B}V.q|
00009E20  1C 9F 47 2F 08 C0 99 43 8E 83 00 00 00 00 12 14  |..G/...C........|
00009E30  23 46 8E 0F 29 AE 3E C5 E1 B4 EF 77 FA 74 31 BF  |#F..).>....w.t1.|
00009E40  2F DD FB 47 22 2C 0A 14 25 42 7D 56 E7 71 1C 9F  |/..G",..%B}V.q..|
00009E50  12 15 44 D4 91 79 DE E7 00 00 00 00 12 14 8A 83  |..D..y..........|
00009E60  29 75 AD 97 88 59 EF ED C0 F2 94 04 6F FD D6 FD  |)u...Y......o...|
00009E70  07 A2 22 2C 0A 14 25 42 7D 56 E7 71 1C 9F 83 B1  |..",..%B}V.q....|
00009E80  06 33 72 9A 09 D1 00 00 00 00 12 14 03 12 74 D0  |.3r...........t.|
00009E90  2C 87 56 1C 83 C1 49 C5 25 5D 29 63 76 01 08 AC  |,.V...I.%])cv...|
00009EA0  22 2C 0A 14 6C 85 5E 59 B3 10 F6 24 AD A9 DB C2  |",..l.^Y...$....|
00009EB0  35 9C DA E5 00 00 00 00 12 14 C6 37 4F 4E 07 37  |5..........7ON.7|
00009EC0  6C EC CE F6 36 F2 97 D9 B5 30 8C DB 8C ED 22 2C  |l...6....0....",|
00009ED0  0A 14 6C 85 5E 59 B3 10 F6 24 32 CC 6C 23 0E AC  |..l.^Y...$2.l#..|
00009EE0  B6 61 00 00 00 00 12 14 BE B1 2C C5 2A B4 51 97  |.a........,.*.Q.|
00009EF0  42 5C 7A A4 13 D2 9E 60 82 67 1A EE 22 2C 0A 14  |B\z....`.g..",..|
00009F00  6C 85 5E 59 B3 10 F6 24 14 E9 2E 2A 85 E9 BC 2E  |l.^Y...$...*....|
00009F10  00 00 00 00 12 14 D1 5F 4F 2F CC 17 DA F0 9B DC  |......._O/......|
00009F20  DD F9 34 E9 60 A2 84 E6 30 91 22 2C 0A 14 6C 85  |..4.`...0.",..l.|
00009F30  5E 59 B3 10 F6 24 E4 1B 0F 34 E0 A4 68 B0 00 00  |^Y...$...4..h...|
00009F40  00 00 12 14 4C 1C A8 E5 EE 86 04 1C A3 C5 FC 3C  |....L..........<|
00009F50  6F 40 D5 81 50 D8 10 50 22 2C 0A 14 6C 85 5E 59  |o@..P..P",..l.^Y|
00009F60  B3 10 F6 24 5E 95 D8 22 D9 A2 4A F8 00 00 00 00  |...$^.."..J.....|
00009F70  12 14 7A 0E 51 53 8B FE 55 BC 65 93 23 49 34 88  |..z.QS..U.e.#I4.|
00009F80  D2 A8 E5 6C 1C B4 22 2C 0A 14 6C 85 5E 59 B3 10  |...l..",..l.^Y..|
00009F90  F6 24 4E A4 8F 7F 63 DA FA C4 00 00 00 00 12 14  |.$N...c.........|
00009FA0  CB 65 75 9F 61 05 D3 6E 30 08 D8 2D 09 84 19 DD  |.eu.a..n0..-....|
00009FB0  18 CA 6E 3F 22 2C 0A 14 6C 85 5E 59 B3 10 F6 24  |..n?",..l.^Y...$|
00009FC0  07 A4 0D 52 0D BA 95 7E 00 00 00 00 12 14 09 EB  |...R...~........|
00009FD0  0C 1C 0B 13 9D 8B A3 96 AE 2B EC A8 25 D9 2B 34  |.........+..%.+4|
00009FE0  B0 73 22 2C 0A 14 6C 85 5E 59 B3 10 F6 24 2B E0  |.s",..l.^Y...$+.|
00009FF0  71 57 10 9B 02 5D 00 00 00 00 12 14 A5 3F F6 27  |qW...].......?.'|
0000A000  D9 17 88 EF 3F 1B DA B8 A2 23 BF 32 35 18 CF DC  |....?....#.25...|
0000A010  22 2C 0A 14 6C 85 5E 59 B3 10 F6 24 A3 2C BD E6  |",..l.^Y...$.,..|
0000A020  5B 3F E8 26 00 00 00 00 12 14 E8 1D 08 B2 88 3D  |[?.&...........=|
0000A030  96 6A 06 E0 57 91 86 DE C7 43 85 A0 C6 8C 22 2C  |.j..W....C....",|
0000A040  0A 14 6C 85 5E 59 B3 10 F6 24 61 B1 64 8C 56 D4  |..l.^Y...$a.d.V.|
0000A050  7D EB 00 00 00 00 12 14 5C D5 AC D4 7E 26 75 BD  |}.......\...~&u.|
0000A060  A1 F9 8E 9D 41 2F 2C F9 FD 0D 3D 60 22 2C 0A 14  |....A/,...=`",..|
0000A070  6C 85 5E 59 B3 10 F6 24 6E 1A C8 5A DF 38 51 84  |l.^Y...$n..Z.8Q.|
0000A080  00 00 00 00 12 14 A5 C7 7B 8E 6D 63 3A 6D 6B FE  |........{.mc:mk.|
0000A090  12 A5 70 30 4A 2D D3 2A 6F 16 22 2C 0A 14 6C 85  |..p0J-.*o.",..l.|
0000A0A0  5E 59 B3 10 F6 24 F2 A4 E3 EF BD 1C 40 99 00 00  |^Y...$......@...|
0000A0B0  00 00 12 14 A6 9D D2 70 23 4D 03 98 52 FD 55 B8  |.......p#M..R.U.|
0000A0C0  B5 0A 3E F0 03 BA 62 59 22 2C 0A 14 6C 85 5E 59  |..>...bY",..l.^Y|
0000A0D0  B3 10 F6 24 8F AD 37 E9 4D CD C8 26 00 00 00 00  |...$..7.M..&....|
0000A0E0  12 14 7E 2D 1F A5 19 7E F2 1B 15 DE 3C 9B BF 24  |..~-...~....<..$|
0000A0F0  B8 CD CB E0 06 C0 22 2C 0A 14 6C 85 5E 59 B3 10  |......",..l.^Y..|
0000A100  F6 24 4F F6 F3 3B 7F 35 2D A1 00 00 00 00 12 14  |.$O..;.5-.......|
0000A110  DF 87 9C 15 0B 10 7A 17 EC 11 2D F5 F9 46 BF 4A  |......z...-..F.J|
0000A120  C7 58 5D 3D 22 2C 0A 14 6C 85 5E 59 B3 10 F6 24  |.X]=",..l.^Y...$|
0000A130  A1 E3 8C CC 40 43 88 AE 00 00 00 00 12 14 98 51  |....@C.........Q|
0000A140  52 EE EE A4 32 11 39 15 FE 0B 4B C7 60 09 20 46  |R...2.9...K.`. F|
0000A150  96 78 22 2C 0A 14 6C 85 5E 59 B3 10 F6 24 A1 3B  |.x",..l.^Y...$.;|
0000A160  8B D7 2D 4A 22 46 00 00 00 00 12 14 E5 D3 DC 6D  |..-J"F.........m|
0000A170  05 07 70 FB E3 2E 8C 50 37 08 61 10 65 3A 79 12  |..p....P7.a.e:y.|
0000A180  22 2C 0A 14 6C 85 5E 59 B3 10 F6 24 22 78 B5 B0  |",..l.^Y...$"x..|
0000A190  B8 9B 9C 08 00 00 00 00 12 14 7F 08 14 A2 41 4C  |..............AL|
0000A1A0  0A CB 60 9E A9 A5 E1 25 0C 52 95 BE D8 BF 22 2C  |..`....%.R....",|
0000A1B0  0A 14 6C 85 5E 59 B3 10 F6 24 8C E4 E1 5D 5B 4D  |..l.^Y...$...][M|
0000A1C0  63 71 00 00 00 00 12 14 C5 4F BC 5E 68 AB 4E 79  |cq.......O.^h.Ny|
0000A1D0  81 EC 38 F8 84 72 AD 45 D2 ED 17 7C 22 2C 0A 14  |..8..r.E...|",..|
0000A1E0  DC 87 25 82 23 E4 2A D2 DE 3A E4 8D 4C FE B9 7E  |..%.#.*..:..L..~|
0000A1F0  00 00 00 00 12 14 8C 99 07 EC 01 F7 EE 94 11 10  |................|
0000A200  32 00 D3 CC 02 12 C8 B4 3E 6B 22 2C 0A 14 DC 87  |2.......>k",....|
0000A210  25 82 23 E4 2A D2 92 4D 39 69 C8 9A 7E A6 00 00  |%.#.*..M9i..~...|
0000A220  00 00 12 14 8E 50 2A AB 99 DC BE 63 50 81 65 F1  |.....P*....cP.e.|
0000A230  68 88 3C 66 25 A5 76 AF 22 2C 0A 14 DC 87 25 82  |h.<f%.v.",....%.|
0000A240  23 E4 2A D2 92 6B DE 41 06 4C 2D E8 00 00 00 00  |#.*..k.A.L-.....|
0000A250  12 14 84 08 F5 27 A2 AF AF F5 BF 1F D6 80 C3 A9  |.....'..........|
0000A260  1C 47 57 D8 5B 70 22 2C 0A 14 DC 87 25 82 23 E4  |.GW.[p",....%.#.|
0000A270  2A D2 E3 96 43 8F 77 A8 49 1F 00 00 00 00 12 14  |*...C.w.I.......|
0000A280  05 75 5D 10 7A E2 97 D9 1F 41 6B F0 85 C2 FC 93  |.u].z....Ak.....|
0000A290  DB 86 60 C9 22 2C 0A 14 DC 87 25 82 23 E4 2A D2  |..`.",....%.#.*.|
0000A2A0  E7 4A EB 65 FF 35 99 4F 00 00 00 00 12 14 7B 2F  |.J.e.5.O......{/|
0000A2B0  FE F9 FD 39 44 B9 03 6B 7E 55 52 C1 5D CB C6 0B  |...9D..k~UR.]...|
0000A2C0  52 AE 22 2C 0A 14 DC 87 25 82 23 E4 2A D2 1C B7  |R.",....%.#.*...|
0000A2D0  DF 2F A6 C7 70 44 00 00 00 00 12 14 72 E6 37 26  |./..pD......r.7&|
0000A2E0  C0 19 C1 85 59 85 A8 B6 1C 25 A5 36 9F AB 10 BB  |....Y....%.6....|
0000A2F0  22 2C 0A 14 DC 87 25 82 23 E4 2A D2 50 30 08 06  |",....%.#.*.P0..|
0000A300  17 F8 4E 7E 00 00 00 00 12 14 3D C5 58 54 88 58  |..N~......=.XT.X|
0000A310  F2 E5 89 AD 5D 2D C7 5D 9E 7C E7 91 0C EF 22 2C  |....]-.].|....",|
0000A320  0A 14 DC 87 25 82 23 E4 2A D2 99 59 84 A2 70 3A  |....%.#.*..Y..p:|
0000A330  29 E2 00 00 00 00 12 14 1B 74 98 F3 E5 9E 1D 13  |)........t......|
0000A340  F8 8E 66 BB 90 A1 92 09 B6 BC 7C 02 22 2C 0A 14  |..f.......|.",..|
0000A350  DC 87 25 82 23 E4 2A D2 34 8F E5 50 6D 57 3B E5  |..%.#.*.4..PmW;.|
0000A360  00 00 00 00 12 14 9A 1E AF 7A E2 9F A5 E8 FE 40  |.........z.....@|
0000A370  0D B2 8A 0E 96 92 82 38 9C EE 22 2C 0A 14 DC 87  |.......8..",....|
0000A380  25 82 23 E4 2A D2 CD 70 7A 3B C2 0B 75 AA 00 00  |%.#.*..pz;..u...|
0000A390  00 00 12 14 86 88 5B 84 27 49 FB 36 FD F1 A4 83  |......[.'I.6....|
0000A3A0  3B C1 7A 4F A9 DB DF 43 22 2C 0A 14 DC 87 25 82  |;.zO...C",....%.|
0000A3B0  23 E4 2A D2 8A FD F3 4F 00 37 CA 0A 00 00 00 00  |#.*....O.7......|
0000A3C0  12 14 1A CA 37 03 A4 F2 FD C4 E9 37 30 12 DD EB  |....7......70...|
0000A3D0  F9 0D 37 CA 3F 46 22 2C 0A 14 DC 87 25 82 23 E4  |..7.?F",....%.#.|
0000A3E0  2A D2 25 8A 67 C2 9E 15 46 5E 00 00 00 00 12 14  |*.%.g...F^......|
0000A3F0  1C 8F 24 9B 44 9D 0C 5B 07 CD 40 9D E6 7F BD 68  |..$.D..[..@....h|
0000A400  A7 17 87 FE 22 2C 0A 14 DC 87 25 82 23 E4 2A D2  |....",....%.#.*.|
0000A410  08 46 34 A3 50 84 E3 69 00 00 00 00 12 14 D8 57  |.F4.P..i.......W|
0000A420  EF 9F B4 DC 65 2F 8C 72 2C 5B D3 43 B1 1A 07 92  |....e/.r,[.C....|
0000A430  8E 37 22 2C 0A 14 DC 87 25 82 23 E4 2A D2 3B 0A  |.7",....%.#.*.;.|
0000A440  09 F2 B2 2E 11 53 00 00 00 00 12 14 9E 66 AD 2E  |.....S.......f..|
0000A450  74 1E 92 49 B6 F7 5C 3E 82 47 D3 35 46 D1 D1 B6  |t..I..\>.G.5F...|
0000A460  22 2C 0A 14 DC 87 25 82 23 E4 2A D2 98 EB 75 1B  |",....%.#.*...u.|
0000A470  DF A5 9E CC 00 00 00 00 12 14 15 E7 5E 2B 07 8C  |............^+..|
0000A480  F5 0F 0E 8C 0A 9F E8 2B C0 E0 97 44 6F 39 22 2C  |.......+...Do9",|
0000A490  0A 14 DC 87 25 82 23 E4 2A D2 89 C6 2B A9 FE 10  |....%.#.*...+...|
0000A4A0  26 B7 00 00 00 00 12 14 15 EE 7D 90 9F 2E E6 52  |&.........}....R|
0000A4B0  F4 CA 4E 86 F2 0D FF F6 E2 32 D7 B7 22 2C 0A 14  |..N......2..",..|
0000A4C0  DC 87 25 82 23 E4 2A D2 F1 03 14 18 56 1C 8F 44  |..%.#.*.....V..D|
0000A4D0  00 00 00 00 12 14 18 7D AA 22 4A 21 13 C2 32 CF  |.......}."J!..2.|
0000A4E0  CF 4C E8 10 86 E0 E1 F3 6E 5C 22 2C 0A 14 DC 87  |.L......n\",....|
0000A4F0  25 82 23 E4 2A D2 69 2B A3 6D EF A4 7E EA 00 00  |%.#.*.i+.m..~...|
0000A500  00 00 12 14 90 AA A0 52 E0 96 7B 69 77 87 1A 5A  |.......R..{iw..Z|
0000A510  75 CE 2E 1E 16 EF 21 69 22 2C 0A 14 63 51 BF F9  |u.....!i",..cQ..|
0000A520  1E CE 8D E0 0B 6C F5 D4 55 C2 99 9F 00 00 00 00  |.....l..U.......|
0000A530  12 14 4C A9 04 74 D8 D1 26 E0 71 02 71 F5 FA 1E  |..L..t..&.q.q...|
0000A540  D5 60 32 07 EA A9 22 2C 0A 14 63 51 BF F9 1E CE  |.`2...",..cQ....|
0000A550  8D E0 84 6C C6 59 74 9A 4F 1D 00 00 00 00 12 14  |...l.Yt.O.......|
0000A560  1D 16 BD F5 6D 6F 43 93 9C 6C 03 70 95 00 3A F0  |....moC..l.p..:.|
0000A570  C1 8E 13 B5 22 2C 0A 14 63 51 BF F9 1E CE 8D E0  |....",..cQ......|
0000A580  A8 66 A6 FA 99 26 BB E2 00 00 00 00 12 14 46 AB  |.f...&........F.|
0000A590  76 E9 DB 01 B7 5E 19 FC 30 D4 0F 96 62 4F 15 8B  |v....^..0...bO..|
0000A5A0  A8 47 22 2C 0A 14 63 51 BF F9 1E CE 8D E0 23 AE  |.G",..cQ......#.|
0000A5B0  40 8A 08 D9 FD 98 00 00 00 00 12 14 6B 86 28 3E  |@...........k.(>|
0000A5C0  5C 65 3C B4 39 C3 E9 3C 6A 62 AB 15 E6 41 34 C1  |\e<.9..<jb...A4.|
0000A5D0  22 2C 0A 14 63 51 BF F9 1E CE 8D E0 A1 DB 4D 76  |",..cQ........Mv|
0000A5E0  9C 74 1D 45 00 00 00 00 12 14 BA 0D 24 54 46 03  |.t.E........$TF.|
0000A5F0  23 68 8E FC EF B5 A7 6D 24 6E 38 51 BA B4 22 2C  |#h.....m$n8Q..",|
0000A600  0A 14 63 51 BF F9 1E CE 8D E0 00 48 CE 74 4E 8F  |..cQ.......H.tN.|
0000A610  A8 82 00 00 00 00 12 14 DB 1D F6 56 7C 58 7E FC  |...........V|X~.|
0000A620  E0 CC 4A 95 13 89 42 AE C6 2E 0D 18 22 2C 0A 14  |..J...B.....",..|
0000A630  63 51 BF F9 1E CE 8D E0 EF 08 D5 FB C4 17 9B 10  |cQ..............|
0000A640  00 00 00 00 12 14 6D 36 9F A5 BF A4 60 5A 80 EC  |......m6....`Z..|
0000A650  7D 35 15 56 A2 8E B9 32 6C 24 22 2C 0A 14 63 51  |}5.V...2l$",..cQ|
0000A660  BF F9 1E CE 8D E0 6F 84 13 8E 60 5A 45 82 00 00  |......o...`ZE...|
0000A670  00 00 12 14 A0 9B 25 6A E1 34 1E D5 AC 88 BB 49  |......%j.4.....I|
0000A680  89 65 0E FC E9 9D 1B 07 22 2C 0A 14 63 51 BF F9  |.e......",..cQ..|
0000A690  1E CE 8D E0 C1 23 DC C3 39 5D F2 13 00 00 00 00  |.....#..9]......|
0000A6A0  12 14 1A 42 33 C1 A6 DC B0 25 6A 33 8B 4D 29 AE  |...B3....%j3.M).|
0000A6B0  A5 46 20 09 01 55 22 2C 0A 14 63 51 BF F9 1E CE  |.F ..U",..cQ....|
0000A6C0  8D E0 2D A1 91 25 B3 84 FB 4A 00 00 00 00 12 14  |..-..%...J......|
0000A6D0  94 45 3B DF 59 41 99 49 EC A8 00 04 BD 84 53 08  |.E;.YA.I......S.|
0000A6E0  A9 7D 6E 0D 22 2C 0A 14 63 51 BF F9 1E CE 8D E0  |.}n.",..cQ......|
0000A6F0  EB D6 6F 2A C1 A7 AD D1 00 00 00 00 12 14 CD 37  |..o*...........7|
0000A700  EE E1 3E 1D 53 32 2B 23 5C 47 7D F3 82 60 1B 00  |..>.S2+#\G}..`..|
0000A710  BA E3 22 2C 0A 14 63 51 BF F9 1E CE 8D E0 7E C5  |..",..cQ......~.|
0000A720  03 A3 D1 3C 4D 88 00 00 00 00 12 14 54 34 B7 C3  |...<M.......T4..|
0000A730  F6 F0 A8 83 C9 34 F7 19 3E 6D 87 8E D8 46 37 5D  |.....4..>m...F7]|
0000A740  22 2C 0A 14 63 51 BF F9 1E CE 8D E0 3D 17 6E 36  |",..cQ......=.n6|
0000A750  8A C5 58 21 00 00 00 00 12 14 EE 1B EB 61 77 06  |..X!.........aw.|
0000A760  41 5C 02 E8 3D 16 D0 72 E8 FE D8 77 E4 5C 22 2C  |A\..=..r...w.\",|
0000A770  0A 14 63 51 BF F9 1E CE 8D E0 DD D0 07 24 1A 27  |..cQ.........$.'|
0000A780  4A 4B 00 00 00 00 12 14 C5 FC BD 1E 94 F4 4C CA  |JK............L.|
0000A790  E2 8F 0A 7C 7C D9 22 E4 33 FE D7 B8 22 2C 0A 14  |...||.".3...",..|
0000A7A0  63 51 BF F9 1E CE 8D E0 EF 05 42 F0 29 43 6B 5B  |cQ........B.)Ck[|
0000A7B0  00 00 00 00 12 14 0F A3 7C 9A 53 18 34 C6 D0 8A  |........|.S.4...|
0000A7C0  37 00 C3 F3 90 99 1F 78 0D 51 22 2C 0A 14 63 51  |7......x.Q",..cQ|
0000A7D0  BF F9 1E CE 8D E0 80 43 5A 84 3E F7 C4 5A 00 00  |.......CZ.>..Z..|
0000A7E0  00 00 12 14 E2 A7 AB 8E DF B8 8A 91 E1 73 EC 40  |.............s.@|
0000A7F0  1E A0 DB 33 70 D0 04 A7 22 2C 0A 14 63 51 BF F9  |...3p...",..cQ..|
0000A800  1E CE 8D E0 32 75 AE 7C F4 DF CA 78 00 00 00 00  |....2u.|...x....|
0000A810  12 14 97 D3 93 D3 56 29 AC 30 80 79 0B 02 2A 91  |......V).0.y..*.|
0000A820  E5 B6 99 4C 37 F1 22 2C 0A 14 63 51 BF F9 1E CE  |...L7.",..cQ....|
0000A830  8D E0 57 C9 AF 1F F7 25 D7 6B 00 00 00 00 12 14  |..W....%.k......|
0000A840  9B B2 B5 A5 1B B4 38 26 BF A1 A3 94 A5 C0 52 79  |......8&......Ry|
0000A850  5A B6 2D AB 22 2C 0A 14 D3 9E E4 EF A9 C0 E9 F7  |Z.-.",..........|
0000A860  D2 5C 66 0D 76 05 E4 19 00 00 00 00 12 14 69 EF  |.\f.v.........i.|
0000A870  9C F7 AC 7B 71 3A 8E BD 40 08 44 59 FA CA 17 88  |...{q:..@.DY....|
0000A880  4F B7 22 2C 0A 14 25 42 7D 56 E7 71 1C 9F CF 93  |O.",..%B}V.q....|
0000A890  1E A5 AE C8 1F E8 00 00 00 00 12 14 B5 5D 8C 8D  |.............]..|
0000A8A0  3C AD 78 87 CE 16 D8 3A B0 31 D9 71 E1 0B BE 11  |<.x....:.1.q....|
0000A8B0  22 2C 0A 14 D3 9E E4 EF A9 C0 E9 F7 D1 B7 69 B7  |",............i.|
0000A8C0  54 FE B8 D6 00 00 00 00 12 14 BA D0 E4 F1 A2 D1  |T...............|
0000A8D0  AE 6A 36 02 06 7F FD 5F 25 0C 28 D7 02 55 22 2C  |.j6...._%.(..U",|
0000A8E0  0A 14 D3 9E E4 EF A9 C0 E9 F7 DF 3D 1C CE 73 7D  |...........=..s}|
0000A8F0  0B 72 00 00 00 00 12 14 D3 CF 6A 45 70 54 CA 87  |.r........jEpT..|
0000A900  63 32 17 5C D9 35 E4 5A 6F 41 50 A5 22 2C 0A 14  |c2.\.5.ZoAP.",..|
0000A910  D3 9E E4 EF A9 C0 E9 F7 32 47 30 84 39 F0 60 FB  |........2G0.9.`.|
0000A920  00 00 00 00 12 14 04 B7 83 9E 37 A3 D2 DD 0B 3E  |..........7....>|
0000A930  EF 5F AA FD BF 0B FC 8B 2C EC 22 2C 0A 14 D3 9E  |._......,.",....|
0000A940  E4 EF A9 C0 E9 F7 84 38 AB C2 1C C1 84 81 00 00  |.......8........|
0000A950  00 00 12 14 7A CE 53 27 CB 5F B7 B5 B6 11 79 17  |....z.S'._....y.|
0000A960  EE B0 2A C5 42 94 4B 9E 22 2C 0A 14 76 FD 8C 4E  |..*.B.K.",..v..N|
0000A970  49 5B 32 92 95 8B 41 E6 1A F7 63 B6 00 00 00 00  |I[2...A...c.....|
0000A980  12 14 81 65 6B 71 82 62 CB 3E 85 63 4D 20 A1 F0  |...ekq.b.>.cM ..|
0000A990  E0 E6 6E A6 31 CC 22 2C 0A 14 D3 9E E4 EF A9 C0  |..n.1.",........|
0000A9A0  E9 F7 43 78 E8 59 6D FC E3 6B 00 00 00 00 12 14  |..Cx.Ym..k......|
0000A9B0  4D 4E ED 96 7D FB 4B 13 E5 20 BC 2C 59 D0 CD A6  |MN..}.K.. .,Y...|
0000A9C0  F1 57 F1 3F 22 2C 0A 14 D3 9E E4 EF A9 C0 E9 F7  |.W.?",..........|
0000A9D0  AC 12 B8 11 6E 8E F4 85 00 00 00 00 12 14 54 22  |....n.........T"|
0000A9E0  E9 1B 4F 81 23 51 90 9C 6C D4 04 6C 1E 9A C6 2E  |..O.#Q..l..l....|
0000A9F0  00 FA 22 2C 0A 14 D3 9E E4 EF A9 C0 E9 F7 9D 63  |..",...........c|
0000AA00  3B 08 14 E4 CC 87 00 00 00 00 12 14 7E AF 46 64  |;...........~.Fd|
0000AA10  25 9E 4A E5 71 64 C9 98 A6 3C 05 84 BB 98 B8 5E  |%.J.qd...<.....^|
0000AA20  22 2C 0A 14 D3 9E E4 EF A9 C0 E9 F7 16 87 07 14  |",..............|
0000AA30  E7 E4 2C 74 00 00 00 00 12 14 87 DD D2 7E FC 78  |..,t.........~.x|
0000AA40  ED B2 14 F9 43 5D F1 E7 DF 5C A2 C7 70 83 22 2C  |....C]...\..p.",|
0000AA50  0A 14 D3 9E E4 EF A9 C0 E9 F7 BC A6 84 6B E2 3B  |.............k.;|
0000AA60  FE 45 00 00 00 00 12 14 69 AE A3 91 43 16 EE 8E  |.E......i...C...|
0000AA70  5B 12 82 01 08 5D 05 69 8C CA 75 4A 22 2C 0A 14  |[....].i..uJ",..|
0000AA80  D3 9E E4 EF A9 C0 E9 F7 CF DF AA 70 97 71 72 2B  |...........p.qr+|
0000AA90  00 00 00 00 12 14 0D AB 55 35 27 D3 04 71 AA A0  |........U5'..q..|
0000AAA0  34 C5 47 89 74 8A 2B AB A1 E9 22 2C 0A 14 D3 9E  |4.G.t.+...",....|
0000AAB0  E4 EF A9 C0 E9 F7 0A AA 03 B3 C1 27 20 AC 00 00  |...........' ...|
0000AAC0  00 00 12 14 B6 E3 A8 32 AF 0D BD B7 8E 27 24 79  |.......2.....'$y|
0000AAD0  A9 C1 79 2A 26 3B 72 66 22 2C 0A 14 D3 9E E4 EF  |..y*&;rf",......|
0000AAE0  A9 C0 E9 F7 64 9E 22 5A A2 DC 61 47 00 00 00 00  |....d."Z..aG....|
0000AAF0  12 14 0C BD 98 E9 71 60 42 0A 77 0E 0B 34 74 70  |......q`B.w..4tp|
0000AB00  B9 7F 0E A0 35 0C 22 2C 0A 14 D3 9E E4 EF A9 C0  |....5.",........|
0000AB10  E9 F7 31 E5 F7 74 6C 80 D6 82 00 00 00 00 12 14  |..1..tl.........|
0000AB20  B4 1B 84 D5 8D 77 F9 DB C9 49 04 CD 74 4F 69 74  |.....w...I..tOit|
0000AB30  59 A8 55 87 22 2C 0A 14 D3 9E E4 EF A9 C0 E9 F7  |Y.U.",..........|
0000AB40  FA F3 6B B0 2B 50 90 4F 00 00 00 00 12 14 0E BC  |..k.+P.O........|
0000AB50  4F 0D 47 D3 64 52 37 F8 1F 67 7B D1 36 1F 69 84  |O.G.dR7..g{.6.i.|
0000AB60  35 54 22 2C 0A 14 80 BC 35 84 6E 4C D4 3E 12 61  |5T",....5.nL.>.a|
0000AB70  4B AC 5A 58 37 40 00 00 00 00 12 14 B0 76 94 7F  |K.ZX7@.......v..|
0000AB80  0E 1C 6C D8 AD 80 59 1D 77 34 F4 0C DB CA 39 5B  |..l...Y.w4....9[|
0000AB90  22 2C 0A 14 3A 8C 9A C9 7F 27 84 32 47 0D 44 2E  |",..:....'.2G.D.|
0000ABA0  4F 22 D9 A5 00 00 00 00 12 14 15 AC A6 55 3C 8C  |O"...........U<.|
0000ABB0  C6 49 BC 21 FC F8 FD D6 FF BF BC 6E 11 78 22 2C  |.I.!.......n.x",|
0000ABC0  0A 14 80 BC 35 84 6E 4C D4 3E FA B9 69 10 14 32  |....5.nL.>..i..2|
0000ABD0  A0 DB 00 00 00 00 12 14 3A 0B 6A 37 3A 86 41 CC  |........:.j7:.A.|
0000ABE0  A3 59 74 CB 35 6D 59 C7 E3 92 45 9F 22 2C 0A 14  |.Yt.5mY...E.",..|
0000ABF0  3B E1 67 10 28 66 64 CC 4D DA C1 37 BB E4 ED EE  |;.g.(fd.M..7....|
0000AC00  00 00 00 00 12 14 4B 52 3E 03 8C 27 BA EE 52 06  |......KR>..'..R.|
0000AC10  82 59 1A 62 FE FE F9 CC 39 26 22 2C 0A 14 3B E1  |.Y.b....9&",..;.|
0000AC20  67 10 28 66 64 CC 56 3D DD B0 58 8D CA 89 00 00  |g.(fd.V=..X.....|
0000AC30  00 00 12 14 56 D2 12 81 93 1E 74 5E 13 BB C3 DA  |....V.....t^....|
0000AC40  06 6F 60 79 F4 72 35 36 22 2C 0A 14 57 20 83 23  |.o`y.r56",..W .#|
0000AC50  DF D2 BE 64 0D 9D 2C 9C EF 06 DD C7 00 00 00 00  |...d..,.........|
0000AC60  12 14 71 65 0A CA 50 92 78 A3 88 D2 4A 97 86 7A  |..qe..P.x...J..z|
0000AC70  E7 28 6E 30 31 9F 22 2C 0A 14 3B E1 67 10 28 66  |.(n01.",..;.g.(f|
0000AC80  64 CC 48 05 D3 3F 97 A6 DA F9 00 00 00 00 12 14  |d.H..?..........|
0000AC90  87 8D 68 4C 2F 5F 2A 95 CE EB 60 31 9B 8A F7 01  |..hL/_*...`1....|
0000ACA0  ED 0F 04 FC 22 2C 0A 14 23 5F D9 E7 83 73 77 19  |....",..#_...sw.|
0000ACB0  FC DC F2 C6 1D AB E4 FA 00 00 00 00 12 14 57 78  |..............Wx|
0000ACC0  77 54 CA C7 D0 9E CB 39 67 9B 9F 8F 66 39 EA 0A  |wT.....9g...f9..|
0000ACD0  F8 98 22 2C 0A 14 3B E1 67 10 28 66 64 CC C9 35  |..",..;.g.(fd..5|
0000ACE0  27 CA E6 95 8A CF 00 00 00 00 12 14 83 43 00 01  |'............C..|
0000ACF0  7D CD 37 B5 48 B0 CA 10 E2 4B 22 B4 4A 97 09 49  |}.7.H....K".J..I|
0000AD00  22 2C 0A 14 04 2E 5E B0 83 40 E7 27 EE 2D 97 59  |",....^..@.'.-.Y|
0000AD10  38 35 2B 8D 00 00 00 00 12 14 C0 C2 2D 21 C3 56  |85+.........-!.V|
0000AD20  50 AF AA 42 8B CC 30 C5 F8 E2 DC 14 06 8A 22 2C  |P..B..0.......",|
0000AD30  0A 14 9B A8 1B 52 7E 7E B8 B6 60 BD 2C A6 EE CD  |.....R~~..`.,...|
0000AD40  6C 1A 00 00 00 00 12 14 52 98 28 FB A7 C8 78 B3  |l.......R.(...x.|
0000AD50  99 97 97 65 61 6B B2 31 CD DF 25 FF 22 2C 0A 14  |...eak.1..%.",..|
0000AD60  C9 4C B9 DC 45 B6 22 D6 B5 52 A8 DB 65 87 D1 4E  |.L..E."..R..e..N|
0000AD70  00 00 00 00 12 14 9E 66 E2 BD FD 4F CF 1F B6 ED  |.......f...O....|
0000AD80  0D 40 37 52 A9 B8 27 A2 0B 43 22 2C 0A 14 3A 8C  |.@7R..'..C",..:.|
0000AD90  9A C9 7F 27 84 32 DC 97 41 7C 5E 7F 15 32 00 00  |...'.2..A|^..2..|
0000ADA0  00 00 12 14 11 9A 2F A3 D1 11 06 7E E3 C8 69 E9  |....../....~..i.|
0000ADB0  E5 A9 2A 89 CB D6 1C 02 22 2C 0A 14 8C 78 D3 C5  |..*.....",...x..|
0000ADC0  26 C0 B5 D9 EC 2A 98 5E 0C A8 33 D5 00 00 00 00  |&....*.^..3.....|
0000ADD0  12 14 10 63 20 AB ED F0 20 A2 A4 44 E2 31 AE E5  |...c ... ..D.1..|
0000ADE0  A0 C8 62 93 9B 62 22 2C 0A 14 57 20 83 23 DF D2  |..b..b",..W .#..|
0000ADF0  BE 64 E2 13 51 05 89 0D 8F 5B 00 00 00 00 12 14  |.d..Q....[......|
0000AE00  5A B9 5A B3 7B 69 90 F2 F5 DB 28 7D A9 A7 F0 BE  |Z.Z.{i....(}....|
0000AE10  3A 1F FB 9B 22 2C 0A 14 63 35 3C C5 B7 C0 E8 B8  |:...",..c5<.....|
0000AE20  B4 AB 15 6D 80 BA B9 50 00 00 00 00 12 14 8A 11  |...m...P........|
0000AE30  7B F2 BF 7C 99 E6 09 04 F4 35 81 BB 2C B0 1B 61  |{..|.....5..,..a|
0000AE40  EF 94 22 2C 0A 14 FE 88 FE FD 44 77 73 2F 0E 13  |..",......Dws/..|
0000AE50  D6 9B 70 20 F8 71 00 00 00 00 12 14 CB B7 EF 8E  |..p .q..........|
0000AE60  C8 12 38 CC 26 81 39 D0 19 9F 85 CC 6E 3D 86 E9  |..8.&.9.....n=..|
0000AE70  22 2C 0A 14 B0 EC 52 EF 47 60 FE 24 6F 21 1A 56  |",....R.G`.$o!.V|
0000AE80  D0 95 87 2F 00 00 00 00 12 14 97 73 ED 3A 02 FB  |.../.......s.:..|
0000AE90  40 68 FA F9 F0 58 8D D6 CC 08 3B 63 A5 3F 22 2C  |@h...X....;c.?",|
0000AEA0  0A 14 8C 78 D3 C5 26 C0 B5 D9 1A CC 39 F3 DC 5E  |...x..&.....9..^|
0000AEB0  1F B9 00 00 00 00 12 14 AB A5 73 C5 72 D5 B8 6B  |..........s.r..k|
0000AEC0  41 9B DA 7E BA 04 6D E6 B8 FB CA 28 22 2C 0A 14  |A..~..m....(",..|
0000AED0  BF 31 9C 95 18 D5 F4 55 5B 8D C5 0D 96 DE 0A 35  |.1.....U[......5|
0000AEE0  00 00 00 00 12 14 84 01 77 F1 51 21 9F F0 19 F1  |........w.Q!....|
0000AEF0  0D 9F 2D 8C DA 16 EC 51 86 EE 22 2C 0A 14 3A 8C  |..-....Q..",..:.|
0000AF00  9A C9 7F 27 84 32 BC 89 0A 5E 0C 69 C8 06 00 00  |...'.2...^.i....|
0000AF10  00 00 12 14 25 1C BB 7F 0A 86 0A 65 E4 17 C5 87  |....%......e....|
0000AF20  1A F7 F4 0D E4 A8 90 F2 22 2C 0A 14 2B 08 9B A6  |........",..+...|
0000AF30  40 86 CE B7 F0 D4 56 96 0E 1C 1D 58 00 00 00 00  |@.....V....X....|
0000AF40  12 14 5D 6E 59 E2 39 6B 96 49 D1 20 E5 96 2C 9C  |..]nY.9k.I. ..,.|
0000AF50  63 09 66 71 B8 65 22 2C 0A 14 D3 9E E4 EF A9 C0  |c.fq.e",........|
0000AF60  E9 F7 8D 70 A5 A0 29 4C 2B DF 00 00 00 00 12 14  |...p..)L+.......|
0000AF70  B0 2E 87 F0 FF BD 9D A4 88 5C 61 9A 46 50 93 EA  |.........\a.FP..|
0000AF80  92 20 67 2A 22 2C 0A 14 D3 9E E4 EF A9 C0 E9 F7  |. g*",..........|
0000AF90  96 2A 87 70 4C 14 2C 07 00 00 00 00 12 14 21 9D  |.*.pL.,.......!.|
0000AFA0  14 86 C9 2C 86 49 9E 1A 7E 51 86 84 B3 38 69 28  |...,.I..~Q...8i(|
0000AFB0  84 2B 22 2C 0A 14 D3 9E E4 EF A9 C0 E9 F7 9D AB  |.+",............|
0000AFC0  EA B0 EC 4B 58 C1 00 00 00 00 12 14 CF BF 2C 02  |...KX.........,.|
0000AFD0  19 12 87 B3 61 D3 81 1F CC 72 B0 2A 93 F9 AA 46  |....a....r.*...F|
0000AFE0  22 2C 0A 14 D7 EF 14 E9 56 C4 D5 C4 C3 6B 06 6C  |",......V....k.l|
0000AFF0  1D 40 26 44 00 00 00 00 12 14 3F CA 59 1E 58 C2  |.@&D......?.Y.X.|
0000B000  28 BB E7 B0 92 5A D1 9E 9E 5A 99 73 FC AB 22 2C  |(....Z...Z.s..",|
0000B010  0A 14 D7 EF 14 E9 56 C4 D5 C4 93 76 71 AF 16 AE  |......V....vq...|
0000B020  C7 64 00 00 00 00 12 14 CB E0 59 1C 57 25 4B C0  |.d........Y.W%K.|
0000B030  0A 0D 7C 1F 7B 79 52 EA 18 B4 ED BD 22 2C 0A 14  |..|.{yR.....",..|
0000B040  D7 EF 14 E9 56 C4 D5 C4 C5 80 1A BA 7A 40 00 75  |....V.......z@.u|
0000B050  00 00 00 00 12 14 7C FB 68 8E 87 49 1A 90 4D FA  |......|.h..I..M.|
0000B060  2C 27 0A 03 81 B5 79 8E DB 8B 22 2C 0A 14 D7 EF  |,'....y...",....|
0000B070  14 E9 56 C4 D5 C4 3C 49 93 EB C4 E7 75 AD 00 00  |..V...<I....u...|
0000B080  00 00 12 14 94 3D D0 63 D9 C3 0C AB 1D E6 8A 27  |.....=.c.......'|
0000B090  C4 EC DD 0A 03 1E 09 55 22 2C 0A 14 D7 EF 14 E9  |.......U",......|
0000B0A0  56 C4 D5 C4 12 6C 63 8D 7B CD FC 6D 00 00 00 00  |V....lc.{..m....|
0000B0B0  12 14 0B 2B 72 7C 2F AD B3 9A 1A 09 AC AB A0 32  |...+r|/........2|
0000B0C0  A5 34 84 97 D6 44 22 2C 0A 14 D7 EF 14 E9 56 C4  |.4...D",......V.|
0000B0D0  D5 C4 81 01 2B 06 2D 68 64 48 00 00 00 00 12 14  |....+.-hdH......|
0000B0E0  8C 61 19 53 E1 9E 7B 6D 69 3B 1B A3 E5 EF 0C 00  |.a.S..{mi;......|
0000B0F0  D9 7F C7 4D 22 2C 0A 14 D7 EF 14 E9 56 C4 D5 C4  |...M",......V...|
0000B100  A1 05 6F 6A 21 B2 91 AC 00 00 00 00 12 14 5A 8B  |..oj!.........Z.|
0000B110  BC DE 6D B0 52 C5 A8 00 29 DE 27 ED F8 9D C2 BF  |..m.R...).'.....|
0000B120  A2 A4 22 2C 0A 14 D7 EF 14 E9 56 C4 D5 C4 1B DE  |..",......V.....|
0000B130  DA CB AE F4 7C 9E 00 00 00 00 12 14 3D 05 AA D0  |....|.......=...|
0000B140  8C 5C 68 C1 53 70 A7 1D E2 35 A7 5C 0C 5E E7 E1  |.\h.Sp...5.\.^..|
0000B150  22 2C 0A 14 D7 EF 14 E9 56 C4 D5 C4 18 E1 93 62  |",......V......b|
0000B160  72 F7 00 BB 00 00 00 00 12 14 C6 0A CE 9D FD 04  |r...............|
0000B170  AB FC C1 ED 1C D7 9C 59 17 27 24 1A 33 19 22 2C  |.......Y.'$.3.",|
0000B180  0A 14 D7 EF 14 E9 56 C4 D5 C4 7C 50 6B 43 E8 CC  |......V...|PkC..|
0000B190  C5 6E 00 00 00 00 12 14 40 9A BB 9B F2 8B 99 63  |.n......@......c|
0000B1A0  6C 2A 31 42 EF 42 6A B4 0C E2 D6 CC 22 2C 0A 14  |l*1B.Bj.....",..|
0000B1B0  D7 EF 14 E9 56 C4 D5 C4 C8 C7 E5 98 3B AA 4C 48  |....V.......;.LH|
0000B1C0  00 00 00 00 12 14 32 47 60 55 03 61 72 8F FA 28  |......2G`U.ar..(|
0000B1D0  79 44 E0 F3 D8 FF BD B5 F9 D1 22 2C 0A 14 D7 EF  |yD........",....|
0000B1E0  14 E9 56 C4 D5 C4 99 FC 8B 32 4E BC 72 B6 00 00  |..V......2N.r...|
0000B1F0  00 00 12 14 30 9E C4 2E 55 9D BB 87 FA D7 76 82  |....0...U.....v.|
0000B200  3B A7 75 A2 96 53 1B 5C 22 2C 0A 14 D7 EF 14 E9  |;.u..S.\",......|
0000B210  56 C4 D5 C4 71 FC A6 20 5A F5 D2 B8 00 00 00 00  |V...q.. Z.......|
0000B220  12 14 E1 77 BC 3D 13 83 2C 55 48 B3 B7 05 11 95  |...w.=..,UH.....|
0000B230  AB A1 BD 24 1A BE 22 2C 0A 14 D7 EF 14 E9 56 C4  |...$..",......V.|
0000B240  D5 C4 EF 84 51 72 E0 51 8B A0 00 00 00 00 12 14  |....Qr.Q........|
0000B250  D5 ED 92 B8 F4 5F 82 99 E6 1B DB 1A D1 96 1C A5  |....._..........|
0000B260  D6 BE C6 1C 22 2C 0A 14 D7 EF 14 E9 56 C4 D5 C4  |....",......V...|
0000B270  17 6B BC 34 73 78 BB 3E 00 00 00 00 12 14 BF D8  |.k.4sx.>........|
0000B280  8B 93 3C BC 5E 11 F7 FB F5 79 29 E3 30 BF 4C 93  |..<.^....y).0.L.|
0000B290  3B 4B 22 2C 0A 14 D7 EF 14 E9 56 C4 D5 C4 97 94  |;K",......V.....|
0000B2A0  8C AC EE 93 9A 40 00 00 00 00 12 14 21 92 89 52  |.....@......!..R|
0000B2B0  C3 F4 30 14 8C B2 28 83 8C 3A 97 A8 52 20 98 88  |..0...(..:..R ..|
0000B2C0  22 2C 0A 14 D7 EF 14 E9 56 C4 D5 C4 84 50 E3 D2  |",......V....P..|
0000B2D0  2A DE 94 51 00 00 00 00 12 14 FD 29 E0 C2 D0 8B  |*..Q.......)....|
0000B2E0  BA 1A 13 4D 18 A6 50 A9 EA FA 12 2F FB 33 22 2C  |...M..P..../.3",|
0000B2F0  0A 14 D7 EF 14 E9 56 C4 D5 C4 B3 3C 7B 3B F0 A3  |......V....<{;..|
0000B300  B9 29 00 00 00 00 12 14 20 DE C3 29 68 A2 FA 16  |.)...... ..)h...|
0000B310  4C 8F 08 BC B5 12 69 DF 99 49 12 40 22 2C 0A 14  |L.....i..I.@",..|
0000B320  C3 14 E3 26 EF 00 C6 90 EC D1 3D 4E 38 88 2B DD  |...&......=N8.+.|
0000B330  00 00 00 00 12 14 61 54 5B 84 24 47 61 DD 07 5F  |......aT[.$Ga.._|
0000B340  92 DA 30 7E E8 99 2F 16 E6 E0 22 2C 0A 14 C3 14  |..0~../...",....|
0000B350  E3 26 EF 00 C6 90 5B F1 FB FF E0 C0 8C 9E 00 00  |.&....[.........|
0000B360  00 00 12 14 3B 4D FA 87 EE 37 B0 06 C6 03 02 4C  |....;M...7.....L|
0000B370  5D 02 D6 8A 0B 35 A9 1C 22 2C 0A 14 C3 14 E3 26  |]....5..",.....&|
0000B380  EF 00 C6 90 A6 FD C6 2D F5 05 A4 EF 00 00 00 00  |.......-........|
0000B390  12 14 93 87 AB DA 9A 40 55 E2 1C BC CF DC 8D C7  |.......@U.......|
0000B3A0  D2 33 68 B2 24 02 22 2C 0A 14 C3 14 E3 26 EF 00  |.3h.$.",.....&..|
0000B3B0  C6 90 77 B5 E9 61 F7 E2 A5 F3 00 00 00 00 12 14  |..w..a..........|
0000B3C0  23 F0 6B 26 7D BC 24 A3 D1 4D 92 2E 3A A2 CD 36  |#.k&}.$..M..:..6|
0000B3D0  7A 8F C6 43 22 2C 0A 14 C3 14 E3 26 EF 00 C6 90  |z..C",.....&....|
0000B3E0  60 66 C9 28 AC 01 B1 0A 00 00 00 00 12 14 51 42  |`f.(..........QB|
0000B3F0  27 EE 9E C6 7C 1D AF 3F 1D E7 08 8E 82 E9 78 5F  |'...|..?......x_|
0000B400  C7 2D 22 2C 0A 14 C3 14 E3 26 EF 00 C6 90 9F D8  |.-",.....&......|
0000B410  86 88 25 2D 77 D5 00 00 00 00 12 14 B9 A7 45 3E  |..%-w.........E>|
0000B420  F9 0B 5D B7 F2 23 96 27 64 A2 A6 BE 55 21 D7 84  |..]..#.'d...U!..|
0000B430  22 2C 0A 14 C3 14 E3 26 EF 00 C6 90 F8 6D FC 26  |",.....&.....m.&|
0000B440  50 F4 70 65 00 00 00 00 12 14 60 EA 14 07 34 F2  |P.pe......`...4.|
0000B450  B1 81 4D F2 47 50 0A AE FC 81 ED 5A A0 D0 22 2C  |..M.GP.....Z..",|
0000B460  0A 14 C3 14 E3 26 EF 00 C6 90 8B 17 3D F8 0E 95  |.....&......=...|
0000B470  31 F7 00 00 00 00 12 14 F3 5B 7F 2A 4D 69 EC A6  |1........[.*Mi..|
0000B480  34 59 02 CF DF E2 DD 17 A6 87 F0 9E 22 2C 0A 14  |4Y..........",..|
0000B490  C3 14 E3 26 EF 00 C6 90 96 8A 75 05 F7 E2 97 BC  |...&......u.....|
0000B4A0  00 00 00 00 12 14 4A 14 C4 A7 12 BB 9A B8 52 A7  |......J.......R.|
0000B4B0  BD FB 1D F8 73 12 34 93 48 E6 22 2C 0A 14 C3 14  |....s.4.H.",....|
0000B4C0  E3 26 EF 00 C6 90 59 53 58 0B C6 3B DB 7A 00 00  |.&....YSX..;.z..|
0000B4D0  00 00 12 14 DC CA B8 91 59 18 61 AE 4F 6E 9E 3B  |........Y.a.On.;|
0000B4E0  AB FE 80 6D EE 30 87 28 22 2C 0A 14 C3 14 E3 26  |...m.0.(",.....&|
0000B4F0  EF 00 C6 90 9A 53 C9 1C 99 B9 2A 85 00 00 00 00  |.....S....*.....|
0000B500  12 14 E9 04 F5 FB 0A FD 35 42 2F EE 41 55 0F 6F  |........5B/.AU.o|
0000B510  EA 7F 74 1A CC 3A 22 2C 0A 14 C3 14 E3 26 EF 00  |..t..:",.....&..|
0000B520  C6 90 50 A3 C5 BF E9 A2 B1 BA 00 00 00 00 12 14  |..P.............|
0000B530  03 7B 37 B8 46 B6 C6 E4 F1 1B 5A A0 89 8F C9 8D  |.{7.F.....Z.....|
0000B540  C6 39 9F CF 22 2C 0A 14 C3 14 E3 26 EF 00 C6 90  |.9..",.....&....|
0000B550  F5 F8 5C 93 53 58 9C 8F 00 00 00 00 12 14 CA 0F  |..\.SX..........|
0000B560  D2 0B 96 E4 DA EC 22 BD 5F 1A 90 48 B7 46 70 F3  |......"._..H.Fp.|
0000B570  B6 C7 22 2C 0A 14 C3 14 E3 26 EF 00 C6 90 0F 77  |..",.....&.....w|
0000B580  41 BD 44 6B 59 6D 00 00 00 00 12 14 60 53 F4 B4  |A.DkYm......`S..|
0000B590  6D 1D 4F 50 D3 85 9D A0 48 01 59 B7 C8 59 B6 34  |m.OP....H.Y..Y.4|
0000B5A0  22 2C 0A 14 C3 14 E3 26 EF 00 C6 90 32 40 77 0B  |",.....&....2@w.|
0000B5B0  1B 31 8F AB 00 00 00 00 12 14 DB 96 29 50 91 F0  |.1..........)P..|
0000B5C0  9D 53 24 C8 CE 74 0D 5A EC ED 06 F9 3F 23 22 2C  |.S$..t.Z....?#",|
0000B5D0  0A 14 C3 14 E3 26 EF 00 C6 90 A0 8A 36 D1 12 65  |.....&......6..e|
0000B5E0  08 AB 00 00 00 00 12 14 6E 95 4D 09 53 6B F3 26  |........n.M.Sk.&|
0000B5F0  51 4C DC 77 67 6E FB 93 ED DD 0C A7 22 2C 0A 14  |QL.wgn......",..|
0000B600  C3 14 E3 26 EF 00 C6 90 98 E1 72 24 E9 28 C0 83  |...&......r$.(..|
0000B610  00 00 00 00 12 14 FD 38 72 8D 29 03 CD 28 CE 75  |.......8r.)..(.u|
0000B620  39 EA 2F CD 29 6C 28 76 3C 7E 22 2C 0A 14 C3 14  |9./.)l(v<~",....|
0000B630  E3 26 EF 00 C6 90 98 A5 17 D4 D2 AF 92 C1 00 00  |.&..............|
0000B640  00 00 12 14 94 72 DF 83 4C 27 17 7B 04 C8 AD 9A  |.....r..L'.{....|
0000B650  D6 D4 61 42 83 D4 30 00 22 2C 0A 14 FD 73 B2 41  |..aB..0.",...s.A|
0000B660  E5 54 EC ED 75 04 3E A1 2A C5 44 86 00 00 00 00  |.T..u.>.*.D.....|
0000B670  12 14 1D BB BF 08 CC 99 8D 0D 44 80 6A C1 24 0D  |..........D.j.$.|
0000B680  50 E4 19 1F A2 37 22 2C 0A 14 FD 73 B2 41 E5 54  |P....7",...s.A.T|
0000B690  EC ED 2A E3 94 9A 1F BA B4 CF 00 00 00 00 12 14  |..*.............|
0000B6A0  04 86 16 DE EF 82 A9 F7 54 CE D8 92 51 38 3A CA  |........T...Q8:.|
0000B6B0  AE 89 01 88 22 2C 0A 14 FD 73 B2 41 E5 54 EC ED  |....",...s.A.T..|
0000B6C0  6A DE 05 9B 16 7E 32 DE 00 00 00 00 12 14 FA 57  |j....~2........W|
0000B6D0  01 76 01 92 7E 8B 0F 01 13 51 1F E1 3A 31 7E B7  |.v..~....Q..:1~.|
0000B6E0  39 DA 22 2C 0A 14 FD 73 B2 41 E5 54 EC ED BF B8  |9.",...s.A.T....|
0000B6F0  4D 6F 15 A2 A2 F5 00 00 00 00 12 14 8A 38 66 DA  |Mo...........8f.|
0000B700  A2 7D A7 17 A8 6B 11 15 AC 88 F8 8C F6 67 B4 37  |.}...k.......g.7|
0000B710  22 2C 0A 14 FD 73 B2 41 E5 54 EC ED F9 18 52 09  |",...s.A.T....R.|
0000B720  83 F6 B8 EE 00 00 00 00 12 14 09 7F 2D 42 3A 07  |............-B:.|
0000B730  6A EC 20 2C C9 D9 6A 11 6F 68 39 F7 0B 2C 22 2C  |j. ,..j.oh9..,",|
0000B740  0A 14 FD 73 B2 41 E5 54 EC ED 6B DF 85 EC F9 6F  |...s.A.T..k....o|
0000B750  5E BE 00 00 00 00 12 14 1E B7 66 CC 0F 47 00 74  |^.........f..G.t|
0000B760  14 D0 D7 34 5A 9E 07 40 73 55 49 FF 22 2C 0A 14  |...4Z..@sUI.",..|
0000B770  FD 73 B2 41 E5 54 EC ED 2C 3F BB 7B 1F CF BC 7D  |.s.A.T..,?.{...}|
0000B780  00 00 00 00 12 14 A9 78 33 47 17 EF 36 E7 D8 F7  |.......x3G..6...|
0000B790  9F 22 40 60 05 2F 2A 68 35 EA 22 2C 0A 14 FD 73  |."@`./*h5.",...s|
0000B7A0  B2 41 E5 54 EC ED 12 19 60 ED DB 78 F8 60 00 00  |.A.T....`..x.`..|
0000B7B0  00 00 12 14 F5 B8 51 BE 6F 54 66 CA DA BD A5 A9  |......Q.oTf.....|
0000B7C0  F3 45 1F 7C FA 30 17 F1 22 2C 0A 14 FD 73 B2 41  |.E.|.0..",...s.A|
0000B7D0  E5 54 EC ED 75 67 20 42 B4 5A 04 99 00 00 00 00  |.T..ug B.Z......|
0000B7E0  12 14 38 57 5C 7E 2B E7 86 9E 98 54 7D 6C 32 1B  |..8W\~+....T}l2.|
0000B7F0  72 F6 91 80 FF CF 22 2C 0A 14 FD 73 B2 41 E5 54  |r.....",...s.A.T|
0000B800  EC ED C8 BB 79 E6 EF 82 B9 98 00 00 00 00 12 14  |....y...........|
0000B810  16 3B 67 F0 9A F9 3A 1B 66 FE C1 AB FA 92 1D A4  |.;g...:.f.......|
0000B820  B8 33 37 D7 22 2C 0A 14 FD 73 B2 41 E5 54 EC ED  |.37.",...s.A.T..|
0000B830  66 2F F8 C8 1F 82 13 25 00 00 00 00 12 14 0F 75  |f/.....%.......u|
0000B840  B4 C0 82 6D 3B 59 7F F1 DF 48 2A 1A 4F 64 4C 4E  |...m;Y...H*.OdLN|
0000B850  90 F3 22 2C 0A 14 FD 73 B2 41 E5 54 EC ED 73 2E  |..",...s.A.T..s.|
0000B860  6A EA 8E C6 4A 39 00 00 00 00 12 14 3B DA 89 3F  |j...J9......;..?|
0000B870  4C 55 51 1B 00 33 55 1D 18 4D E4 BA F3 6F DB 7F  |LUQ..3U..M...o..|

================================================================================
FILE: 201_in_147_k_EMsgServiceMethodResponse.txt
================================================================================
File: 201_in_147_k_EMsgServiceMethodResponse.bin
Size: 76 bytes

00000000  93 00 00 80 42 00 00 00 09 D1 5D B5 07 01 00 10  |....B.....].....|
00000010  01 10 A0 FB E9 93 F9 FF FF FF FF 01 59 7A B5 F7  |............Yz..|
00000020  EB 76 31 DF CC 62 1E 43 6C 6F 75 64 2E 43 6C 69  |.v1..b.Cloud.Cli|
00000030  65 6E 74 43 6F 6D 6D 69 74 46 69 6C 65 55 70 6C  |entCommitFileUpl|
00000040  6F 61 64 23 31 68 01 C0 01 01 08 01              |oad#1h......|

================================================================================
FILE: 202_out_151_k_EMsgServiceMethodCallFromClient.txt
================================================================================
File: 202_out_151_k_EMsgServiceMethodCallFromClient.bin
Size: 100 bytes

00000000  97 00 00 80 4C 00 00 00 09 D1 5D B5 07 01 00 10  |....L.....].....|
00000010  01 10 A0 FB E9 93 F9 FF FF FF FF 01 51 46 85 33  |............QF.3|
00000020  E5 C6 7B 02 C5 62 26 43 6C 6F 75 64 2E 43 6F 6D  |..{..b&Cloud.Com|
00000030  70 6C 65 74 65 41 70 70 55 70 6C 6F 61 64 42 61  |pleteAppUploadBa|
00000040  74 63 68 42 6C 6F 63 6B 69 6E 67 23 31 80 02 01  |tchBlocking#1...|
00000050  98 02 D5 01 08 F2 E8 56 10 D5 88 93 95 A6 DF 97  |.......V........|
00000060  F8 1A 18 01                                      |....|

================================================================================
FILE: 203_in_147_k_EMsgServiceMethodResponse.txt
================================================================================
File: 203_in_147_k_EMsgServiceMethodResponse.bin
Size: 70 bytes

00000000  93 00 00 80 3E 00 00 00 09 D1 5D B5 07 01 00 10  |....>.....].....|
00000010  01 10 A0 FB E9 93 F9 FF FF FF FF 01 59 FB BE EE  |............Y...|
00000020  8A 73 00 D8 20 62 17 53 68 61 64 65 72 2E 52 65  |.s.. b.Shader.Re|
00000030  67 69 73 74 65 72 53 68 61 64 65 72 23 31 68 0A  |gisterShader#1h.|
00000040  88 01 01 C0 01 01                                |......|

================================================================================
FILE: 204_in_147_k_EMsgServiceMethodResponse.txt
================================================================================
File: 204_in_147_k_EMsgServiceMethodResponse.bin
Size: 82 bytes

00000000  93 00 00 80 4A 00 00 00 09 D1 5D B5 07 01 00 10  |....J.....].....|
00000010  01 10 A0 FB E9 93 F9 FF FF FF FF 01 59 46 85 33  |............YF.3|
00000020  E5 C6 7B 02 C5 62 26 43 6C 6F 75 64 2E 43 6F 6D  |..{..b&Cloud.Com|
00000030  70 6C 65 74 65 41 70 70 55 70 6C 6F 61 64 42 61  |pleteAppUploadBa|
00000040  74 63 68 42 6C 6F 63 6B 69 6E 67 23 31 68 01 C0  |tchBlocking#1h..|
00000050  01 01                                            |..|

================================================================================
FILE: 205_out_151_k_EMsgServiceMethodCallFromClient.txt
================================================================================
File: 205_out_151_k_EMsgServiceMethodCallFromClient.bin
Size: 84 bytes

00000000  97 00 00 80 3A 00 00 00 09 D1 5D B5 07 01 00 10  |....:.....].....|
00000010  01 10 A0 FB E9 93 F9 FF FF FF FF 01 62 1D 43 6C  |............b.Cl|
00000020  6F 75 64 2E 53 69 67 6E 61 6C 41 70 70 45 78 69  |oud.SignalAppExi|
00000030  74 53 79 6E 63 44 6F 6E 65 23 31 80 02 01 98 02  |tSyncDone#1.....|
00000040  D5 01 08 F2 E8 56 10 CF B1 B4 B9 87 A7 D4 D0 7F  |.....V..........|
00000050  18 01 20 01                                      |.. .|

================================================================================
FILE: 206_in_146_k_EMsgServiceMethod.txt
================================================================================
File: 206_in_146_k_EMsgServiceMethod.bin
Size: 71 bytes

00000000  92 00 00 80 38 00 00 00 09 D1 5D B5 07 01 00 10  |....8.....].....|
00000010  01 10 A0 FB E9 93 F9 FF FF FF FF 01 62 22 43 6C  |............b"Cl|
00000020  6F 75 64 43 6C 69 65 6E 74 2E 4E 6F 74 69 66 79  |oudClient.Notify|
00000030  41 70 70 53 74 61 74 65 43 68 61 6E 67 65 23 31  |AppStateChange#1|
00000040  08 F2 E8 56 10 AA 02                             |...V...|

================================================================================
FILE: 207_out_151_k_EMsgServiceMethodCallFromClient.txt
================================================================================
File: 207_out_151_k_EMsgServiceMethodCallFromClient.bin
Size: 126 bytes

00000000  97 00 00 80 44 00 00 00 09 D1 5D B5 07 01 00 10  |....D.....].....|
00000010  01 10 A0 FB E9 93 F9 FF FF FF FF 01 62 27 43 6C  |............b'Cl|
00000020  69 65 6E 74 4D 65 74 72 69 63 73 2E 43 6C 69 65  |ientMetrics.Clie|
00000030  6E 74 43 6C 6F 75 64 41 70 70 53 79 6E 63 53 74  |ntCloudAppSyncSt|
00000040  61 74 73 23 31 80 02 01 98 02 D5 01 08 F2 E8 56  |ats#1..........V|
00000050  10 01 18 00 20 00 28 01 38 00 40 E5 80 03 50 F4  |.... .(.8.@...P.|
00000060  BF 77 58 01 60 CE 0B 78 1C 80 01 90 D5 10 88 01  |.wX.`..x........|
00000070  80 97 43 98 01 FE 96 43 A0 01 01 A8 01 06        |..C....C......|

================================================================================
FILE: 208_out_151_k_EMsgServiceMethodCallFromClient.txt
================================================================================
File: 208_out_151_k_EMsgServiceMethodCallFromClient.bin
Size: 80 bytes

00000000  97 00 00 80 42 00 00 00 09 D1 5D B5 07 01 00 10  |....B.....].....|
00000010  01 10 A0 FB E9 93 F9 FF FF FF FF 01 51 31 60 B1  |............Q1`.|
00000020  11 C6 BA 79 50 62 1C 43 6C 6F 75 64 2E 47 65 74  |...yPb.Cloud.Get|
00000030  41 70 70 46 69 6C 65 43 68 61 6E 67 65 6C 69 73  |AppFileChangelis|
00000040  74 23 31 80 02 01 98 02 D5 01 08 CC DB 0E 10 07  |t#1.............|
